# This file uses centimeters as units for non-parametric coordinates.

mtllib EJ_QuasarRevolver_OBJ_v2.mtl
g default
v -0.525868 0.355019 -1.736449
v 0.525321 0.355019 -1.736449
v -0.525868 0.593939 -1.736449
v 0.525321 0.593939 -1.736449
v -0.525868 0.593939 -2.792621
v 0.525321 0.593939 -2.792621
v -0.525868 0.355019 -2.792621
v 0.525321 0.355019 -2.792621
v -0.525868 0.683828 -3.018706
v 0.525321 0.683828 -3.018706
v 0.525321 0.355019 -3.018706
v -0.525868 0.355019 -3.018706
v -0.525868 0.683828 -3.233678
v 0.525321 0.683828 -3.233678
v 0.525321 0.355019 -3.233678
v -0.525868 0.355019 -3.233678
v 0.618385 0.355019 -2.792621
v 0.618385 0.355019 -1.707186
v 0.618385 0.402692 -2.792621
v 0.618385 0.402692 -1.707186
v -0.618932 0.355019 -2.792621
v -0.618932 0.355019 -1.707186
v -0.618932 0.402692 -1.707186
v -0.618932 0.402692 -2.792621
v -0.525868 0.647969 -3.426161
v -0.520706 0.571483 -3.542016
v 0.520175 0.571483 -3.542016
v 0.525321 0.647969 -3.426161
v 0.515973 0.479663 -3.542016
v 0.525321 0.389024 -3.423557
v -0.520809 0.467344 -3.542016
v -0.525868 0.391190 -3.425944
vt 0.010989 0.006486
vt 0.103623 0.005871
vt 0.103784 0.026912
vt 0.011216 0.027676
vt 0.096015 0.173507
vt 0.020738 0.174042
vt 0.020200 0.098409
vt 0.095477 0.097873
vt 0.206686 0.087198
vt 0.124126 0.087821
vt 0.123499 0.004869
vt 0.206060 0.004246
vt 0.002108 0.176270
vt 0.001555 0.098542
vt 0.004969 0.098517
vt 0.005522 0.176246
vt 0.114121 0.097741
vt 0.114674 0.175470
vt 0.111260 0.175494
vt 0.110707 0.097765
vt 0.020076 0.080986
vt 0.095353 0.080451
vt 1.212912 0.191220
vt 1.213547 0.159593
vt 1.184296 0.159323
vt 1.183395 0.202072
vt 0.206820 0.104954
vt 0.124260 0.105578
vt 0.213547 0.159593
vt 0.212912 0.191220
vt 0.183395 0.202073
vt 0.184296 0.159323
vt 0.019967 0.065592
vt 0.095243 0.065056
vt 1.156726 0.158860
vt 1.155617 0.201609
vt 0.206948 0.121838
vt 0.124387 0.122462
vt 0.155617 0.201347
vt 0.156726 0.158860
vt 0.116816 0.087876
vt 0.116173 0.002626
vt 0.004762 0.091032
vt 0.001889 0.097045
vt 0.112181 0.005830
vt 0.112218 0.010012
vt 0.213352 0.001892
vt 0.213995 0.087142
vt 0.002382 0.010806
vt 0.002337 0.006578
vt 0.110808 0.090278
vt 0.113767 0.096249
vt 0.130866 0.196064
vt 0.116139 0.185790
vt 0.116491 0.172333
vt 0.131760 0.162885
vt 0.094703 0.041096
vt 0.095143 0.051035
vt 0.019867 0.051571
vt 0.020165 0.041627
vt 1.116139 0.185790
vt 1.130866 0.196064
vt 1.131760 0.162885
vt 1.116491 0.172333
vt 0.125330 0.149321
vt 0.124502 0.137612
vt 0.207064 0.137204
vt 0.206757 0.148110
vt 0.020419 0.035049
vt 0.094657 0.033639
vn 0.000000 0.000000 1.000000
vn 0.000000 0.000000 1.000000
vn 0.000000 0.000000 1.000000
vn 0.000000 0.000000 1.000000
vn 0.000000 1.000000 0.000000
vn 0.000000 1.000000 0.000000
vn 0.000000 0.997552 0.069931
vn 0.000000 0.997552 0.069931
vn 0.000000 -1.000000 0.000000
vn 0.000000 -1.000000 0.000000
vn 0.000000 -1.000000 0.000000
vn 0.000000 -1.000000 0.000000
vn 1.000000 0.000000 0.000000
vn 1.000000 0.000000 0.000000
vn 1.000000 0.000000 0.000000
vn 1.000000 0.000000 0.000000
vn -1.000000 0.000000 0.000000
vn -1.000000 0.000000 0.000000
vn -1.000000 0.000000 0.000000
vn -1.000000 0.000000 0.000000
vn 0.000000 0.929247 0.369458
vn 0.000000 0.929247 0.369458
vn 1.000000 0.000000 0.000000
vn 1.000000 0.000000 0.000000
vn 1.000000 0.000000 0.000000
vn 1.000000 0.000000 0.000000
vn 0.000000 -1.000000 0.000000
vn 0.000000 -1.000000 0.000000
vn -1.000000 0.000000 0.000000
vn -1.000000 0.000000 0.000000
vn -1.000000 0.000000 0.000000
vn -1.000000 0.000000 0.000000
vn 0.000000 1.000000 0.000000
vn 0.000000 1.000000 0.000000
vn 0.000000 1.000000 0.000000
vn 0.000000 1.000000 0.000000
vn 1.000000 0.000000 0.000000
vn 1.000000 0.000000 0.000000
vn 0.000000 -1.000000 0.000000
vn 0.000000 -1.000000 0.000000
vn -1.000000 0.000000 0.000000
vn -1.000000 0.000000 0.000000
vn 0.000000 -1.000000 0.000000
vn 0.000000 -1.000000 0.000000
vn 0.000000 -1.000000 0.000000
vn 0.000000 -1.000000 0.000000
vn -0.000001 0.000000 -1.000000
vn -0.000001 0.000000 -1.000000
vn -0.000001 0.000000 -1.000000
vn -0.000001 0.000000 -1.000000
vn 0.899190 0.437558 0.000000
vn 0.899190 0.437558 0.000000
vn 0.899190 0.437558 0.000000
vn 0.899190 0.437558 0.000000
vn -0.299962 0.000000 0.953951
vn -0.299962 0.000000 0.953951
vn -0.299962 0.000000 0.953951
vn -0.299962 0.000000 0.953951
vn 0.000000 -1.000000 0.000000
vn 0.000000 -1.000000 0.000000
vn 0.000000 -1.000000 0.000000
vn 0.000000 -1.000000 0.000000
vn 0.299962 0.000000 0.953951
vn 0.299962 0.000000 0.953951
vn 0.299962 0.000000 0.953951
vn 0.299962 0.000000 0.953951
vn -0.899190 0.437558 0.000000
vn -0.899190 0.437558 0.000000
vn -0.899190 0.437558 0.000000
vn -0.899190 0.437558 0.000000
vn 0.000000 0.000000 -1.000000
vn 0.000000 0.000000 -1.000000
vn 0.000000 0.000000 -1.000000
vn 0.000000 0.000000 -1.000000
vn -0.999030 0.000260 -0.044029
vn -0.999030 0.000260 -0.044029
vn -0.999030 0.000260 -0.044029
vn -0.999030 0.000260 -0.044029
vn 0.000000 0.559580 -0.828776
vn 0.000000 0.940539 -0.339684
vn 0.000000 0.940537 -0.339691
vn 0.000000 0.565954 -0.824437
vn 0.997969 -0.012420 -0.062485
vn 0.997969 -0.012420 -0.062485
vn 0.997969 -0.012420 -0.062485
vn 0.997969 -0.012420 -0.062485
vn 0.003086 -0.543670 -0.839293
vn 0.001470 -0.935410 -0.353561
vn 0.001503 -0.934474 -0.356029
vn 0.003129 -0.551169 -0.834388
vn 0.000000 0.983086 -0.183144
vn 0.000000 0.983086 -0.183144
vn 1.000000 0.000000 0.000000
vn 1.000000 0.000000 0.000000
vn -0.000808 -0.983554 -0.180614
vn -0.000808 -0.983554 -0.180614
vn -1.000000 0.000000 0.000000
vn -1.000000 0.000000 0.000000
s off
g ReleaseLever CP2077Quasar_LOD0
usemtl PolymerFrame
f 1/1/1 2/2/2 4/3/3 3/4/4
s 1
f 3/5/5 4/6/6 6/7/7 5/8/8
s 2
f 7/9/9 8/10/10 2/11/11 1/12/12
s off
f 18/13/13 17/14/14 19/15/15 20/16/16
f 21/17/17 22/18/18 23/19/19 24/20/20
s 1
f 5/8/8 6/7/7 10/21/21 9/22/22
s 3
f 6/23/23 8/24/24 11/25/25 10/26/26
s 2
f 8/10/10 7/9/9 12/27/27 11/28/28
s 4
f 7/29/29 5/30/30 9/31/31 12/32/32
s off
f 9/22/33 10/21/34 14/33/35 13/34/36
s 3
f 10/26/26 11/25/25 15/35/37 14/36/38
s 2
f 11/28/28 12/27/27 16/37/39 15/38/40
s 4
f 12/32/32 9/31/31 13/39/41 16/40/42
s off
f 2/11/43 8/10/44 17/41/45 18/42/46
f 8/43/47 6/7/48 19/15/49 17/44/50
f 6/7/51 4/6/52 20/16/53 19/15/54
f 4/3/55 2/2/56 18/45/57 20/46/58
f 7/9/59 1/12/60 22/47/61 21/48/62
f 1/1/63 3/4/64 23/49/65 22/50/66
f 3/5/67 5/8/68 24/20/69 23/19/70
f 5/8/71 7/51/72 21/52/73 24/20/74
f 25/53/75 26/54/76 31/55/77 32/56/78
s 5
f 26/57/79 25/58/80 28/59/81 27/60/82
s off
f 27/61/83 28/62/84 30/63/85 29/64/86
s 5
f 29/65/87 30/66/88 32/67/89 31/68/90
f 26/57/79 27/60/82 29/69/87 31/70/90
f 13/34/91 14/33/92 28/59/81 25/58/80
s 3
f 14/36/38 15/35/37 30/63/93 28/62/94
s 5
f 15/38/95 16/37/96 32/67/89 30/66/88
s 4
f 16/40/42 13/39/41 25/53/97 32/56/98
g default
v -0.858761 0.384192 5.657484
v -0.858761 0.410187 5.671386
v -0.868747 0.403453 5.657484
v -0.868747 0.428051 5.669683
v -0.858761 0.644141 5.796506
v -0.868747 0.649428 5.779474
v -0.868747 0.644934 5.675777
v -0.868747 0.750333 5.657484
v -0.868747 0.751056 5.678759
v -0.868747 0.855744 5.657485
v -0.868744 0.856119 5.681711
v -0.868747 0.756827 5.848620
v -0.868716 0.860456 5.961839
v -0.868077 0.957185 5.684529
v -0.858761 0.750333 5.864876
v -0.439549 0.745567 5.861808
v -0.858752 0.855744 5.980045
v -0.423749 0.644141 5.796506
v -0.868077 0.957546 5.969540
v -0.868077 1.105278 5.688690
v -0.831431 1.229154 5.689593
v -0.868077 1.105368 5.657484
v -0.510841 0.816859 5.937560
v -0.858090 0.957118 5.988084
v -0.830682 1.229214 5.657484
v -0.470503 0.761339 5.876901
v -0.470503 0.761339 5.688438
v -0.405236 0.851172 5.688438
v -0.495069 0.785905 5.688438
v -0.439549 0.745567 5.688438
v -0.510841 0.816859 5.688438
v -0.495069 0.785905 5.903740
v -0.423100 0.742962 5.688438
v -0.516275 0.851172 5.688438
v -0.405236 0.740133 5.688438
v -0.423749 0.738747 5.860197
v -0.370924 0.745567 5.688438
v -0.510841 0.885484 5.688438
v -0.400435 0.740133 5.858309
v -0.400435 0.644141 5.796506
v -0.495069 0.916439 5.688438
v -0.339969 0.761339 5.688438
v -0.837961 1.228632 5.969456
v -0.858094 1.103265 5.988087
v -0.477562 0.937935 5.688438
v -0.315404 0.785905 5.688438
v -0.740257 1.319674 5.688684
v -0.446134 0.956776 5.688438
v -0.868077 1.104477 5.969544
v -0.370924 0.745567 5.861808
v -0.299632 0.816859 5.688438
v -0.515551 0.855744 5.980045
v -0.425685 0.959493 5.688438
v -0.739504 1.319691 5.657484
v -0.294198 0.851172 5.688438
v -0.405236 0.962210 5.688438
v -0.299632 0.885484 5.688438
v -0.510841 0.885484 5.982403
v -0.371848 0.959048 5.688438
v -0.315404 0.916439 5.688438
v -0.339969 0.941004 5.688438
v -0.477562 0.937935 5.986806
v -0.829062 1.223505 5.988087
v -0.747033 1.319514 5.969490
v -0.299632 0.816859 5.937560
v -0.443354 0.957145 5.988086
v -0.616121 1.352778 5.688839
v -0.495069 0.916439 5.984858
v -0.423749 0.959278 5.988086
v -0.621739 1.342792 5.988087
v -0.615371 1.352778 5.657484
v -0.373293 0.957151 5.988087
v -0.011077 0.750333 5.864876
v -0.339969 0.761339 5.876901
v -0.294922 0.855744 5.980045
v -0.315404 0.785905 5.903740
v -0.742073 1.310531 5.988087
v -0.400435 0.961539 5.988087
v -0.622834 1.352778 5.969527
v 0.418886 0.416326 5.657484
v 0.402389 0.410187 5.671386
v 0.410819 0.384192 5.657484
v -0.423749 1.342792 5.988087
v 0.418886 0.461889 5.681401
v -0.011077 0.855744 5.980045
v 0.326514 0.644141 5.796506
v -0.424829 1.352778 5.657484
v -0.424076 1.352778 5.687571
v -0.424323 1.426303 5.657484
v -0.423249 1.438757 5.687645
v 0.354960 0.644141 5.777067
v 0.418886 0.644141 5.686399
v 0.236390 0.720438 5.688438
v 0.313080 0.825992 5.688438
v 0.207525 0.749302 5.688438
v 0.188993 0.785674 5.688438
v 0.272761 0.701905 5.688438
v 0.182607 0.825992 5.688438
v 0.313080 0.695520 5.688438
v 0.325425 0.694920 5.829200
v -0.417305 1.352778 5.958349
v 0.353398 0.693563 5.688438
v 0.188993 0.866310 5.688438
v 0.418886 0.696686 5.688438
v 0.418886 0.644141 5.657484
v 0.188993 0.785674 5.916331
v 0.207000 0.755761 5.886325
v 0.272761 0.701905 5.833697
v 0.207525 0.902682 5.688438
v 0.353398 0.693563 5.838163
v -0.421301 1.865678 5.657484
v 0.236390 0.931547 5.688438
v 0.418886 0.750333 5.688438
v 0.187319 0.855744 5.980046
v 0.418886 0.750333 5.657484
v 0.418886 0.779826 5.688438
v 0.272761 0.950079 5.688438
v 0.418886 0.825992 5.688438
v -0.413537 1.551376 5.960392
v 0.313080 0.956465 5.688438
v 0.418886 0.855744 5.688438
v -0.400435 1.346066 5.988087
v 0.353398 0.958422 5.688438
v 0.182607 0.825992 5.947540
v 0.418886 0.913805 5.688438
v 0.418886 0.855744 5.657484
v -0.011077 0.957151 5.988086
v -0.011264 1.346066 5.988086
v 0.418886 0.957257 5.688662
v 0.207525 0.902682 5.983768
v -0.419953 1.864463 5.688043
v 0.272761 0.950079 5.987525
v 0.418886 0.957151 5.657484
v -0.391272 1.572227 5.988087
v 0.349053 0.958211 5.969259
v -0.419564 1.863831 5.708160
v 0.325314 0.957151 5.988086
v -0.408122 1.836805 5.963329
v -0.416618 2.281521 5.688429
v 0.418886 1.352778 5.688651
v -0.386171 1.836805 5.988087
v -0.418410 2.286004 5.657485
v 0.411202 1.352778 5.708159
v -0.400451 2.241095 5.967488
v -0.406725 1.910404 5.964086
v 0.348911 1.334957 5.969161
v -0.416144 2.302019 5.688438
v -0.384721 1.910404 5.988087
v -0.378450 2.226498 5.988086
v -0.367057 2.236797 5.688438
v -0.281176 2.355002 5.688438
v -0.399381 2.269121 5.688438
v -0.326326 2.216043 5.688438
v -0.281176 2.208892 5.688438
v -0.413092 2.355002 5.688438
v -0.387311 2.259378 5.978526
v -0.411266 2.410035 5.657485
v -0.410159 2.405921 5.688438
v -0.397766 2.279401 5.967644
v -0.360625 2.232764 5.988086
v -0.236026 2.216043 5.688438
v -0.387883 2.432529 5.688438
v -0.195295 2.236797 5.688438
v -0.377618 2.249758 5.988086
v -0.162971 2.269121 5.688438
v -0.348238 2.475820 5.688438
v -0.321624 2.211623 5.988086
v 0.348748 1.781658 5.969508
v 0.348884 1.408556 5.969202
v 0.236390 1.808307 5.688438
v 0.313080 1.913861 5.688438
v 0.207525 1.837172 5.688438
v 0.188993 1.873543 5.688438
v 0.272761 1.789775 5.688438
v -0.142218 2.309851 5.688438
v 0.182607 1.913861 5.688438
v 0.313080 1.783389 5.688438
v -0.299042 2.487736 5.688438
v -0.346804 2.480426 5.657485
v 0.353398 1.781432 5.688438
v -0.136644 2.355002 5.688438
v 0.188993 1.954180 5.688438
v 0.324809 1.782820 5.988086
v 0.325185 1.408556 5.988086
v -0.259913 2.493378 5.688438
v -0.254627 2.501708 5.657484
v 0.272761 1.789775 5.988086
v 0.207525 1.837172 5.988086
v -0.011264 1.893685 5.988086
v -0.011264 1.740366 5.988086
v -0.136644 2.400152 5.688438
v 0.418886 1.784771 5.688438
v 0.207525 1.990551 5.688438
v 0.418886 1.772730 5.657485
v 0.418886 1.827729 5.688438
v -0.181628 2.493969 5.688438
v -0.136644 2.440883 5.688438
v 0.236390 2.019416 5.688438
v 0.236390 1.808307 5.988086
v -0.155010 2.299386 5.988086
v -0.136968 2.494540 5.688438
v 0.418886 1.868632 5.688438
v 0.272761 2.037948 5.688438
v -0.281260 2.205230 5.988086
v -0.011264 2.145594 5.988086
v 0.418886 1.913861 5.688438
v -0.152049 2.335851 5.988086
v 0.313080 2.044334 5.688438
v 0.418886 1.912714 5.657485
v -0.175585 2.259074 5.988086
v 0.418886 1.958974 5.688438
v 0.353398 2.046291 5.688438
v 0.188993 1.954180 5.988086
v 0.182607 1.913861 5.988086
v 0.418886 1.999570 5.688438
v -0.011077 2.501332 5.657484
v 0.418886 2.042993 5.688438
v -0.151118 2.430653 5.968993
v 0.272761 2.037948 5.988086
v -0.011110 2.494254 5.688640
v 0.418886 2.052698 5.657485
v -0.011231 2.243505 5.988086
v -0.152049 2.406979 5.988086
v -0.011126 2.490712 5.708159
v 0.348652 2.046061 5.969725
v -0.011805 2.337691 5.988086
v -0.152049 2.376215 5.988086
v 0.324546 2.044890 5.988086
v 0.251604 2.494610 5.688646
v -0.049542 2.430579 5.969029
v 0.348613 2.153247 5.969812
v 0.254157 2.501708 5.657484
v 0.418886 2.272728 5.688717
v 0.324446 2.145217 5.988086
v 0.418886 2.286004 5.657485
v 0.403486 2.394250 5.688798
v 0.228626 2.430724 5.969100
v 0.024057 2.430577 5.969051
v 0.410030 2.410035 5.657485
v 0.341950 2.466887 5.688750
v 0.345136 2.480426 5.657484
v 0.344591 2.252182 5.970618
v 0.024057 2.406997 5.988086
v 0.218771 2.407058 5.988086
v 0.320740 2.240025 5.988086
v 0.313281 2.345033 5.970150
v 0.293845 2.327274 5.988086
v -0.868747 0.644141 5.657484
v -0.423749 0.384192 5.657485
v -0.423749 0.410187 5.671387
v -0.400435 0.384192 5.657484
v -0.400435 0.410187 5.671386
v -0.868077 0.957151 5.657484
v -0.011077 0.384192 5.657484
v -0.011077 0.410187 5.671386
v -0.011077 0.644141 5.796506
v -0.299632 0.885484 5.982403
v -0.315404 0.916439 5.984858
v -0.339969 0.941004 5.986806
v 0.236390 0.720438 5.845628
v 0.236390 0.931547 5.986056
v 0.418886 1.352778 5.657484
v 0.325249 1.334957 5.988086
v -0.240896 2.211623 5.988086
v -0.204482 2.230176 5.988086
v 0.188993 1.873543 5.988086
v 0.207525 1.990551 5.988086
v 0.236390 2.019416 5.988086
v -0.049542 2.406984 5.988086
v -0.351368 1.836805 5.988087
v -0.351368 1.863831 5.988087
v -0.351368 1.910404 5.988087
v -0.372295 1.910404 5.708160
v -0.372295 1.836805 5.708160
v 0.411210 1.334957 5.708159
v 0.353349 1.334957 5.708159
v 0.353349 1.408556 5.708159
v 0.301197 1.408556 5.988086
v 0.301197 1.346066 5.988086
v 0.301197 1.334957 5.988086
v -0.049542 2.490786 5.708159
v -0.049542 2.356180 5.988086
v -0.011725 2.356180 5.988086
v 0.024057 2.356180 5.988086
v 0.024057 2.408778 5.708159
v -0.049542 2.408778 5.708159
v -0.419881 1.836805 5.708160
v -0.419067 1.910404 5.708160
v 0.411194 1.408556 5.708159
v 0.024057 2.490752 5.708159
v -0.012743 2.408778 5.708159
v -0.372295 1.863831 5.708160
v 0.353349 1.349677 5.708159
vt 0.260793 0.010588
vt 0.262035 0.007027
vt 0.263408 0.012152
vt 0.261595 0.014371
vt 0.265660 0.048807
vt 0.262884 0.048460
vt 0.238622 0.030182
vt 0.227491 0.029984
vt 0.226245 0.006744
vt 0.226104 0.052638
vt 0.225817 0.041335
vt 0.228100 0.041354
vt 0.228703 0.052612
vt 0.246329 0.041510
vt 0.258752 0.052313
vt 0.229281 0.063442
vt 0.259842 0.062702
vt 0.265777 0.086085
vt 0.264053 0.065426
vt 0.266718 0.066003
vt 0.268385 0.086620
vt 0.323711 0.062713
vt 0.325447 0.046104
vt 0.325831 0.061744
vt 0.226785 0.079405
vt 0.230131 0.079311
vt 0.230575 0.093161
vt 0.227133 0.093276
vt 0.268873 0.099753
vt 0.266030 0.099781
vt 0.319588 0.065875
vt 0.316380 0.070968
vt 0.303842 0.301079
vt 0.319491 0.290735
vt 0.307805 0.305408
vt 0.301413 0.295738
vt 0.312911 0.308302
vt 0.301095 0.292941
vt 0.318661 0.309475
vt 0.300751 0.289906
vt 0.241050 0.262347
vt 0.241526 0.248586
vt 0.242840 0.248629
vt 0.242435 0.262528
vt 0.301925 0.284155
vt 0.324493 0.308814
vt 0.239173 0.262109
vt 0.240100 0.248529
vt 0.328638 0.046024
vt 0.328963 0.061682
vt 0.250747 0.268887
vt 0.251095 0.248802
vt 0.253868 0.248839
vt 0.253870 0.272390
vt 0.237352 0.248408
vt 0.236745 0.262275
vt 0.329835 0.306384
vt 0.304817 0.279049
vt 0.260585 0.092156
vt 0.260244 0.078457
vt 0.269363 0.118931
vt 0.266596 0.119341
vt 0.333594 0.303589
vt 0.309147 0.275086
vt 0.230693 0.106941
vt 0.227348 0.107052
vt 0.337008 0.298426
vt 0.314489 0.272656
vt 0.337619 0.294995
vt 0.320320 0.271995
vt 0.338231 0.291564
vt 0.326071 0.273169
vt 0.314681 0.089038
vt 0.313985 0.085046
vt 0.337946 0.285906
vt 0.331177 0.276062
vt 0.335139 0.280391
vt 0.261366 0.273085
vt 0.261676 0.248923
vt 0.264629 0.248944
vt 0.264545 0.273245
vt 0.273612 0.134551
vt 0.271223 0.136005
vt 0.260805 0.105943
vt 0.226265 0.247880
vt 0.229042 0.248014
vt 0.228104 0.267936
vt 0.224808 0.271183
vt 0.266296 0.248956
vt 0.266147 0.273274
vt 0.230843 0.120721
vt 0.227481 0.120831
vt 0.323764 0.098432
vt 0.319198 0.095975
vt 0.316836 0.093148
vt 0.267965 0.248970
vt 0.268052 0.273304
vt 0.301028 0.149531
vt 0.326721 0.149294
vt 0.270681 0.248996
vt 0.270293 0.273339
vt 0.285237 0.145642
vt 0.283916 0.148105
vt 0.260943 0.119734
vt 0.439665 0.009481
vt 0.440879 0.005392
vt 0.442796 0.009564
vt 0.442373 0.016639
vt 0.326386 0.098672
vt 0.381889 0.084365
vt 0.340573 0.070424
vt 0.382032 0.063099
vt 0.300834 0.152228
vt 0.428785 0.046226
vt 0.433415 0.045085
vt 0.286110 0.162815
vt 0.286124 0.154021
vt 0.289723 0.154027
vt 0.289716 0.164311
vt 0.461308 0.037647
vt 0.478471 0.010282
vt 0.477935 0.037604
vt 0.235851 0.279490
vt 0.246875 0.293366
vt 0.232134 0.283534
vt 0.229832 0.288516
vt 0.240634 0.276767
vt 0.229160 0.293962
vt 0.246037 0.275634
vt 0.228723 0.233415
vt 0.229609 0.220283
vt 0.233418 0.220205
vt 0.233684 0.233740
vt 0.322119 0.154084
vt 0.322333 0.177841
vt 0.251500 0.275088
vt 0.230186 0.299354
vt 0.477703 0.045483
vt 0.482269 0.037568
vt 0.409315 0.071868
vt 0.411933 0.066047
vt 0.326669 0.152386
vt 0.453217 0.046209
vt 0.260454 0.275075
vt 0.232811 0.304180
vt 0.225845 0.220365
vt 0.226132 0.234300
vt 0.219743 0.220497
vt 0.421149 0.055610
vt 0.428215 0.054561
vt 0.431935 0.055356
vt 0.286023 0.215366
vt 0.289683 0.215227
vt 0.236789 0.307981
vt 0.260842 0.282402
vt 0.251910 0.247078
vt 0.252420 0.219828
vt 0.256230 0.219762
vt 0.256693 0.247346
vt 0.482414 0.053481
vt 0.477815 0.057943
vt 0.477775 0.053522
vt 0.261043 0.286463
vt 0.241745 0.310391
vt 0.261352 0.292907
vt 0.247218 0.311182
vt 0.261466 0.297093
vt 0.330056 0.150118
vt 0.252701 0.311388
vt 0.408254 0.078857
vt 0.408663 0.084875
vt 0.261576 0.305212
vt 0.477876 0.064862
vt 0.482555 0.069279
vt 0.477917 0.069321
vt 0.333135 0.098288
vt 0.381747 0.098095
vt 0.381287 0.149758
vt 0.261662 0.311142
vt 0.327623 0.176532
vt 0.332119 0.179120
vt 0.411138 0.091303
vt 0.264332 0.247563
vt 0.263855 0.219628
vt 0.267669 0.219564
vt 0.269286 0.247527
vt 0.478019 0.084536
vt 0.477993 0.078023
vt 0.482691 0.084477
vt 0.271441 0.219503
vt 0.271476 0.245728
vt 0.277559 0.219429
vt 0.322645 0.211985
vt 0.292095 0.211924
vt 0.292089 0.215156
vt 0.289650 0.265110
vt 0.285941 0.265638
vt 0.475384 0.141171
vt 0.478550 0.143814
vt 0.475408 0.143842
vt 0.332718 0.212810
vt 0.328509 0.212822
vt 0.292081 0.220726
vt 0.323091 0.260345
vt 0.322725 0.220786
vt 0.430644 0.099121
vt 0.429529 0.149090
vt 0.425517 0.149001
vt 0.426624 0.098889
vt 0.340521 0.324911
vt 0.337898 0.328190
vt 0.338103 0.324429
vt 0.332868 0.222083
vt 0.333169 0.262047
vt 0.329346 0.263866
vt 0.328751 0.222057
vt 0.266896 0.303856
vt 0.281834 0.293101
vt 0.270950 0.307946
vt 0.275086 0.310076
vt 0.264303 0.298714
vt 0.263427 0.293022
vt 0.281763 0.309720
vt 0.269017 0.217291
vt 0.270153 0.187378
vt 0.271417 0.217323
vt 0.272794 0.216386
vt 0.274718 0.187439
vt 0.352553 0.331087
vt 0.346781 0.326148
vt 0.352798 0.327337
vt 0.344488 0.291389
vt 0.339953 0.290519
vt 0.278405 0.187504
vt 0.275068 0.215340
vt 0.265589 0.187320
vt 0.264587 0.217235
vt 0.264353 0.287338
vt 0.356928 0.327934
vt 0.288179 0.309378
vt 0.266989 0.282218
vt 0.291543 0.306586
vt 0.271079 0.278163
vt 0.297018 0.301615
vt 0.435738 0.208501
vt 0.435260 0.152582
vt 0.475482 0.152203
vt 0.479160 0.208559
vt 0.235996 0.279176
vt 0.246860 0.293310
vt 0.232161 0.283225
vt 0.229763 0.288261
vt 0.240896 0.276511
vt 0.276221 0.275570
vt 0.229040 0.293791
vt 0.246378 0.275490
vt 0.298547 0.295424
vt 0.363918 0.332684
vt 0.363918 0.328917
vt 0.369986 0.329397
vt 0.375260 0.333567
vt 0.333233 0.264985
vt 0.331508 0.266196
vt 0.329594 0.268731
vt 0.251878 0.275073
vt 0.281913 0.274893
vt 0.230061 0.299274
vt 0.424115 0.207299
vt 0.425162 0.158648
vt 0.429102 0.158734
vt 0.428057 0.207230
vt 0.335412 0.262864
vt 0.299278 0.290497
vt 0.229393 0.152193
vt 0.233587 0.152252
vt 0.233157 0.183045
vt 0.227761 0.182970
vt 0.408681 0.214032
vt 0.380375 0.220578
vt 0.380712 0.200934
vt 0.287600 0.274917
vt 0.260833 0.275289
vt 0.232726 0.304173
vt 0.483783 0.206713
vt 0.479217 0.214997
vt 0.299395 0.280635
vt 0.374730 0.329696
vt 0.292732 0.274940
vt 0.260995 0.281155
vt 0.236775 0.308009
vt 0.412555 0.210374
vt 0.243748 0.216830
vt 0.242767 0.186875
vt 0.247331 0.186957
vt 0.248263 0.216910
vt 0.299491 0.275009
vt 0.225244 0.152136
vt 0.225324 0.181027
vt 0.218506 0.152044
vt 0.261143 0.286743
vt 0.384140 0.329972
vt 0.241811 0.310406
vt 0.345488 0.259504
vt 0.379711 0.252486
vt 0.261311 0.292920
vt 0.240091 0.216809
vt 0.238224 0.186842
vt 0.389509 0.330137
vt 0.404538 0.334363
vt 0.247340 0.311130
vt 0.483970 0.227694
vt 0.479332 0.227907
vt 0.479272 0.221128
vt 0.261477 0.299081
vt 0.252854 0.311249
vt 0.479393 0.234668
vt 0.405683 0.228974
vt 0.405084 0.223813
vt 0.261627 0.304626
vt 0.261787 0.310557
vt 0.230627 0.214886
vt 0.224288 0.186824
vt 0.229648 0.186829
vt 0.232991 0.216799
vt 0.266716 0.183514
vt 0.267147 0.152721
vt 0.271341 0.152780
vt 0.272086 0.183590
vt 0.404637 0.330524
vt 0.479505 0.247260
vt 0.479447 0.240752
vt 0.484158 0.248673
vt 0.358751 0.266437
vt 0.379415 0.264790
vt 0.361279 0.271502
vt 0.282228 0.152935
vt 0.274592 0.181738
vt 0.275490 0.152838
vt 0.374302 0.278775
vt 0.361594 0.276042
vt 0.379046 0.276570
vt 0.378998 0.278875
vt 0.436238 0.331338
vt 0.436432 0.335184
vt 0.374136 0.288794
vt 0.361563 0.288620
vt 0.361498 0.284856
vt 0.374191 0.285047
vt 0.436186 0.264171
vt 0.436058 0.248106
vt 0.479770 0.281692
vt 0.421979 0.253635
vt 0.422419 0.241000
vt 0.426233 0.241277
vt 0.425766 0.254795
vt 0.458817 0.328304
vt 0.472313 0.322347
vt 0.472393 0.326414
vt 0.458800 0.332586
vt 0.408930 0.328250
vt 0.404700 0.328139
vt 0.447625 0.330864
vt 0.447619 0.334990
vt 0.459467 0.289678
vt 0.470301 0.284739
vt 0.383306 0.285404
vt 0.407634 0.285965
vt 0.408989 0.289715
vt 0.383223 0.289221
vt 0.421100 0.265541
vt 0.424735 0.267331
vt 0.434299 0.296708
vt 0.448449 0.293800
vt 0.417348 0.276360
vt 0.420312 0.279114
vt 0.225527 0.029949
vt 0.224871 0.004140
vt 0.324498 0.004868
vt 0.324623 0.009090
vt 0.327924 0.004930
vt 0.327942 0.009059
vt 0.226380 0.063512
vt 0.382228 0.004810
vt 0.382211 0.008916
vt 0.382120 0.045728
vt 0.245582 0.248700
vt 0.245212 0.263839
vt 0.247978 0.266087
vt 0.248333 0.248756
vt 0.233898 0.263350
vt 0.234590 0.248277
vt 0.256653 0.248875
vt 0.256309 0.272631
vt 0.259122 0.272884
vt 0.259445 0.248904
vt 0.231013 0.265364
vt 0.231816 0.248147
vt 0.282108 0.249135
vt 0.281405 0.272827
vt 0.278955 0.272986
vt 0.279286 0.249098
vt 0.276130 0.273148
vt 0.276465 0.249062
vt 0.273305 0.273271
vt 0.273648 0.249030
vt 0.230890 0.141320
vt 0.227663 0.141269
vt 0.482002 0.003425
vt 0.259940 0.141788
vt 0.416080 0.058614
vt 0.329508 0.098922
vt 0.241869 0.238493
vt 0.237510 0.234778
vt 0.237224 0.220122
vt 0.241015 0.220041
vt 0.249040 0.244091
vt 0.245175 0.241242
vt 0.244812 0.219973
vt 0.248613 0.219901
vt 0.260040 0.219694
vt 0.260514 0.247493
vt 0.414859 0.095253
vt 0.419636 0.097822
vt 0.483221 0.143773
vt 0.260508 0.217171
vt 0.261023 0.187249
vt 0.417333 0.208062
vt 0.256424 0.217092
vt 0.256460 0.187160
vt 0.252348 0.217000
vt 0.251896 0.187058
vt 0.241547 0.183163
vt 0.237352 0.183104
vt 0.237782 0.152311
vt 0.241977 0.152369
vt 0.245742 0.183221
vt 0.246172 0.152428
vt 0.249937 0.183280
vt 0.250367 0.152487
vt 0.254132 0.183338
vt 0.254562 0.152546
vt 0.350581 0.260380
vt 0.355157 0.262770
vt 0.258326 0.183397
vt 0.258757 0.152604
vt 0.406123 0.218661
vt 0.236061 0.216803
vt 0.233715 0.186836
vt 0.262521 0.183456
vt 0.262952 0.152662
vt 0.411428 0.237423
vt 0.407874 0.233658
vt 0.415928 0.239906
vt 0.388754 0.295505
vt 0.400964 0.295833
vt 0.400084 0.328014
vt 0.484469 0.283640
vt 0.361543 0.281050
vt 0.332931 0.062509
vt 0.249248 0.316947
vt 0.252106 0.319646
vt 0.224074 0.349322
vt 0.221217 0.346624
vt 0.270631 0.350925
vt 0.269093 0.349567
vt 0.295733 0.320146
vt 0.296895 0.321170
vt 0.340376 0.260253
vt 0.305314 0.347162
vt 0.327730 0.320781
vt 0.331055 0.323603
vt 0.308733 0.350050
vt 0.422330 0.148933
vt 0.263432 0.355328
vt 0.265295 0.356974
vt 0.337128 0.216246
vt 0.337148 0.212824
vt 0.275596 0.357280
vt 0.298958 0.323810
vt 0.298910 0.328033
vt 0.337084 0.222136
vt 0.422290 0.150392
vt 0.422047 0.158583
vt 0.302334 0.357659
vt 0.299059 0.354912
vt 0.383469 0.279012
vt 0.219357 0.354321
vt 0.216468 0.351656
vt 0.215846 0.342262
vt 0.240573 0.314537
vt 0.245320 0.313756
vt 0.256020 0.339999
vt 0.289202 0.314383
vt 0.262940 0.344136
vt 0.334953 0.328408
vt 0.337584 0.096087
vt 0.340836 0.092746
vt 0.228999 0.353973
vt 0.260299 0.327881
vt 0.259875 0.332596
vt 0.233581 0.359000
vt 0.293185 0.339385
vt 0.315198 0.315372
vt 0.318838 0.314771
vt 0.301884 0.344286
vt 0.295467 0.351915
vt 0.324215 0.317815
vt 0.257031 0.324297
vt 0.224329 0.358917
vt 0.257604 0.350183
vt 0.282147 0.313230
vt 0.286333 0.312667
vt 0.334970 0.332092
vt 0.315034 0.357786
vt 0.434682 0.085045
vt 0.435168 0.141511
vt 0.409723 0.296078
vt 0.342913 0.088537
vt 0.343495 0.084490
vt 0.314446 0.077246
vt 0.337176 0.065473
vt 0.342765 0.076661
vn -0.680250 -0.336062 0.651400
vn -0.680250 -0.336062 0.651400
vn -0.781262 -0.286192 0.554729
vn -0.803734 -0.272798 0.528766
vn -0.832940 -0.271856 0.481981
vn -0.826063 -0.271676 0.493773
vn -1.000000 0.000000 -0.000000
vn -1.000000 0.000000 -0.000000
vn -1.000000 0.000000 -0.000001
vn -0.999994 0.003407 0.000025
vn -1.000000 0.000007 0.000028
vn -1.000000 0.000069 0.000035
vn -0.999994 0.003569 0.000026
vn -1.000000 0.000103 0.000048
vn -0.998091 -0.030171 0.053892
vn -0.999996 0.002678 -0.000002
vn -0.999410 0.001453 0.034328
vn -0.858080 -0.326333 0.396492
vn -0.854551 -0.347953 0.385579
vn -0.878450 -0.220389 0.423974
vn -0.000178 -0.484919 0.874559
vn -0.004585 -0.547522 0.836779
vn -0.000008 -0.645025 0.764162
vn -0.000050 -0.485840 0.874048
vn -0.001156 -0.542496 0.840058
vn -0.989974 0.141151 -0.005255
vn -0.992475 0.122344 -0.004953
vn -0.863548 0.504080 -0.013739
vn -0.857066 0.515024 -0.013690
vn -0.880491 -0.012704 0.473893
vn -0.001576 -0.711788 0.702393
vn 0.000000 -0.737665 0.675167
vn 0.000008 0.000000 1.000000
vn 0.000000 0.000000 1.000000
vn 0.000000 0.000000 1.000000
vn -0.000002 0.000000 1.000000
vn -0.000004 0.000000 1.000000
vn -0.000018 0.000000 1.000000
vn 0.000000 0.000000 1.000000
vn 0.000007 0.000000 1.000000
vn 0.154362 0.987940 0.012160
vn 0.147582 0.988975 0.012150
vn 0.400913 0.916108 0.003882
vn 0.411086 0.911591 0.003147
vn 0.000009 0.000000 1.000000
vn -0.000004 0.000000 1.000000
vn -0.092079 0.995734 0.005962
vn -0.087709 0.996127 0.006168
vn 0.000973 -0.486162 0.873868
vn 0.004252 -0.542062 0.840328
vn 0.978184 0.207730 -0.001986
vn 0.958884 0.283793 -0.001399
vn 0.999991 -0.004025 -0.001305
vn 0.997938 -0.064179 -0.000794
vn -0.323540 0.946214 0.001115
vn -0.345224 0.938520 0.000935
vn -0.000006 0.000000 1.000000
vn -0.000008 0.000000 1.000000
vn -0.866466 0.498907 0.018127
vn -0.992345 0.120455 0.027231
vn -0.874581 0.096360 0.475208
vn 0.000002 0.000000 1.000000
vn -0.000004 0.000000 1.000000
vn -0.495978 0.868263 -0.011224
vn -0.496185 0.868144 -0.011223
vn 0.000009 0.000000 1.000000
vn 0.000004 0.000000 1.000000
vn 0.000011 0.000000 1.000000
vn 0.000000 0.000000 1.000000
vn -0.000006 0.000000 1.000000
vn 0.000004 0.000000 1.000000
vn -0.000001 -0.079056 0.996870
vn -0.000001 -0.079056 0.996870
vn 0.000000 -0.079052 0.996871
vn -0.000006 0.000000 1.000000
vn -0.000000 0.000000 1.000000
vn -0.000002 0.000000 1.000000
vn 0.622225 -0.782838 -0.001087
vn 0.626809 -0.779172 -0.001058
vn 0.376919 -0.926245 -0.001442
vn 0.373122 -0.927781 -0.001431
vn -0.763326 0.427864 0.484011
vn -0.501395 0.864975 0.020535
vn -0.999991 -0.004024 -0.001305
vn -0.958884 0.283794 -0.001399
vn -0.978184 0.207730 -0.001985
vn -0.997938 -0.064178 -0.000794
vn 0.116475 -0.993192 -0.001756
vn 0.116446 -0.993196 -0.001764
vn -0.101879 0.994794 -0.002339
vn -0.103602 0.994616 -0.002380
vn -0.000003 -0.000532 1.000000
vn -0.000002 -0.019458 0.999811
vn -0.000324 -0.072908 0.997339
vn -0.000280 -0.081538 0.996670
vn -0.023484 -0.999719 -0.003234
vn -0.025836 -0.999661 -0.003242
vn 0.000004 -0.000009 1.000000
vn 0.000004 -0.000009 1.000000
vn -0.000002 -0.000004 1.000000
vn -0.315215 -0.949013 -0.003823
vn -0.312734 -0.949833 -0.003821
vn -0.438439 0.757755 0.483299
vn -0.104984 0.993975 0.031501
vn 0.550336 -0.277876 0.787347
vn 0.677444 -0.279739 0.680306
vn 0.677444 -0.279739 0.680306
vn 0.575139 -0.223161 0.787029
vn -0.000004 -0.000001 1.000000
vn -0.010846 -0.724839 0.688832
vn 0.000001 -0.737666 0.675165
vn -0.008446 -0.649002 0.760740
vn -0.071010 0.906337 0.416547
vn 0.489492 -0.274622 0.827636
vn 0.730424 -0.218435 0.647122
vn -0.999317 0.007527 0.036189
vn -0.999557 0.008340 0.028577
vn -0.999513 0.015493 0.027101
vn -0.999460 0.011101 0.030935
vn 0.838642 -0.120369 0.531217
vn 0.000001 0.000000 1.000000
vn -0.000213 -0.000036 1.000000
vn 0.000003 0.000000 1.000000
vn -0.000003 0.000000 1.000000
vn 0.000002 0.000000 1.000000
vn 0.000000 0.000000 1.000000
vn 0.000003 0.000000 1.000000
vn 0.097349 0.995248 -0.002117
vn 0.105140 0.994454 -0.002455
vn 0.295295 0.955404 -0.002148
vn 0.312779 0.949824 -0.001920
vn -0.999508 0.015938 0.027009
vn -0.999367 0.012050 0.033473
vn -0.000006 0.000000 1.000000
vn -0.000003 0.000000 1.000000
vn 1.000000 -0.000000 0.000004
vn 1.000000 -0.000000 0.000006
vn 1.000000 -0.000000 0.000005
vn -0.028683 -0.711487 0.702113
vn -0.017085 -0.626435 0.779286
vn 0.003511 0.925487 0.378763
vn 0.000410 0.999582 0.028908
vn 0.849735 -0.268071 0.453970
vn 0.849735 -0.268071 0.453970
vn -0.000005 0.000000 1.000000
vn 0.000003 0.000000 1.000000
vn 0.000563 1.000000 0.000000
vn 0.024903 0.999690 0.000000
vn -0.047638 0.998865 0.000000
vn 0.000000 -0.541336 0.840806
vn 0.002152 -0.481077 0.876676
vn 0.064579 -0.618205 0.783360
vn 0.118618 -0.676866 0.726487
vn 0.118618 -0.676866 0.726487
vn -0.998951 0.007341 0.045195
vn -0.999149 0.007449 0.040579
vn 0.000008 0.000000 1.000000
vn -0.000004 0.000000 1.000000
vn 0.935050 -0.354495 -0.003716
vn 0.948933 -0.315465 -0.002974
vn 0.824983 -0.565151 -0.002677
vn 0.820845 -0.571145 -0.002573
vn 1.000000 0.000000 0.000003
vn 1.000000 0.000000 0.000003
vn 1.000000 0.000000 0.000004
vn -0.000010 0.000000 1.000000
vn -0.000002 0.000000 1.000000
vn 0.000000 0.000000 1.000000
vn -0.000008 0.000000 1.000000
vn 0.000000 0.000000 1.000000
vn -0.133152 0.947879 0.289474
vn -0.002419 0.000737 0.999997
vn -0.020518 -0.713109 0.700753
vn 0.000000 -0.737672 0.675159
vn 0.002805 -0.003382 0.999990
vn 1.000000 0.000000 0.000003
vn 1.000000 0.000000 0.000004
vn 1.000000 0.000000 0.000004
vn 0.000000 -0.000449 1.000000
vn 0.000001 -0.013783 0.999905
vn 0.000001 0.000000 1.000000
vn -0.001228 -0.000708 0.999999
vn -0.806175 0.018260 0.591395
vn -0.828743 0.022539 0.559176
vn -0.828743 0.022539 0.559176
vn -0.784522 0.014339 0.619935
vn 0.000000 -0.079040 0.996871
vn -0.000001 -0.079043 0.996871
vn -0.000006 -0.079029 0.996872
vn 0.289187 -0.957272 -0.000989
vn 0.291534 -0.956560 -0.000975
vn 0.106249 -0.994339 -0.001033
vn 0.115412 -0.993317 -0.001221
vn 0.977523 0.003526 0.210800
vn 1.000000 0.000000 0.000004
vn 1.000000 0.000000 0.000003
vn 0.014634 -0.999893 -0.000425
vn 0.041216 -0.999150 0.000069
vn -0.017777 -0.999842 -0.001026
vn -0.998769 0.018476 0.046026
vn -0.999236 0.011782 0.037273
vn -0.999779 0.008017 0.019452
vn -0.998160 0.015028 0.058737
vn -0.998613 0.014490 0.050610
vn 0.969128 0.003689 0.246530
vn 0.994959 0.000030 0.100284
vn 0.930505 0.000108 0.366280
vn -0.766731 0.011234 0.641871
vn -0.766731 0.011234 0.641871
vn -0.998663 0.013364 0.049944
vn -0.998213 0.017838 0.057025
vn -0.998669 0.018452 0.048159
vn 0.623006 0.000273 0.782217
vn 0.623006 0.000273 0.782217
vn 0.623006 0.000273 0.782217
vn 0.623006 0.000273 0.782217
vn -0.996733 0.054029 0.060043
vn -0.710144 0.010070 0.703985
vn -0.709131 0.010736 0.704995
vn -0.707723 0.011905 0.706390
vn -0.710144 0.010070 0.703985
vn 0.000005 0.000000 1.000000
vn 0.000000 0.000000 1.000000
vn 0.000002 0.000000 1.000000
vn 0.000000 0.000000 1.000000
vn 0.000003 0.000000 1.000000
vn 0.000000 0.000000 1.000000
vn 0.000000 0.000000 1.000000
vn 0.518674 0.854970 0.001905
vn 0.549662 0.835387 0.000743
vn 0.707136 0.707055 -0.005661
vn 0.831032 0.555997 -0.015911
vn 0.822449 0.568637 -0.015138
vn -0.997409 0.057451 0.043309
vn -0.997408 0.057452 0.043309
vn -0.997409 0.057451 0.043307
vn -0.996281 0.053331 0.067670
vn 0.890892 0.453689 -0.021858
vn 0.890892 0.453689 -0.021858
vn 0.319970 0.947394 0.007953
vn 0.316136 0.948680 0.008056
vn -0.000003 0.000000 1.000000
vn -0.737735 0.671523 0.069312
vn -0.741508 0.666660 0.075693
vn -0.761956 0.637862 0.112048
vn 0.000000 0.000000 1.000000
vn -0.000005 0.000000 1.000000
vn 0.000000 0.000000 1.000000
vn -0.000002 0.000000 1.000000
vn 0.000000 0.000000 1.000000
vn 0.971426 -0.003648 0.237316
vn 0.971426 -0.003648 0.237316
vn 0.968635 -0.003325 0.248466
vn 0.976664 -0.003291 0.214747
vn 0.000000 0.000000 1.000000
vn 0.000000 0.000000 1.000000
vn 0.000006 0.000000 1.000000
vn -0.000003 0.000000 1.000000
vn -0.000002 0.000000 1.000000
vn 0.000000 0.000000 1.000000
vn 0.000000 0.000000 1.000000
vn -0.000001 0.000000 1.000000
vn 0.000000 0.000000 1.000000
vn -0.226907 0.966254 0.121929
vn -0.226907 0.966254 0.121929
vn -0.221577 0.966570 0.129021
vn -0.072013 0.974401 0.212971
vn -0.676125 0.031826 0.736099
vn -0.676875 0.036409 0.735197
vn -0.678170 0.044552 0.733553
vn -0.000003 0.000000 1.000000
vn 0.000000 0.000000 1.000000
vn -0.000003 0.000000 1.000000
vn 0.618161 0.000101 0.786051
vn 0.618161 0.000101 0.786051
vn 0.618161 0.000101 0.786051
vn 0.618161 0.000101 0.786051
vn 0.000036 0.000000 1.000000
vn 0.000013 0.000001 1.000000
vn 0.000013 0.000001 1.000000
vn 0.000002 0.000000 1.000000
vn 0.106275 0.994336 -0.001136
vn 0.291982 0.956423 -0.001004
vn 0.291982 0.956423 -0.001004
vn 0.115305 0.993329 -0.001313
vn -0.000003 0.000000 1.000000
vn 0.000002 0.000000 1.000000
vn 0.000001 -0.000000 1.000000
vn 0.000000 0.000000 1.000000
vn 0.000008 0.000000 1.000000
vn 0.000006 0.000000 1.000000
vn 1.000000 0.000000 0.000002
vn 1.000000 0.000000 0.000002
vn -0.000004 0.000000 1.000000
vn -0.058303 0.966458 0.250119
vn 0.000000 0.000000 1.000000
vn 0.000019 0.000000 1.000000
vn -0.000000 0.000000 1.000000
vn 0.000000 0.000000 1.000000
vn -0.954069 0.297908 -0.031677
vn -0.957142 0.287819 -0.032241
vn -0.814125 0.580501 -0.014780
vn -0.808107 0.588863 -0.014248
vn -0.000004 0.000000 1.000000
vn -0.001325 0.999999 -0.000825
vn 0.039465 0.999221 -0.000149
vn -0.050919 0.998702 -0.001644
vn 0.000000 0.000000 1.000000
vn -0.000924 0.973379 0.229199
vn -0.000002 0.000000 1.000000
vn 0.000002 0.000001 1.000000
vn -0.000000 0.000000 1.000000
vn 0.000000 0.000000 1.000000
vn -0.997508 0.053118 -0.046441
vn -0.997712 0.048734 -0.046851
vn -0.002740 0.974541 0.224194
vn -0.000806 0.975016 0.222134
vn 0.000004 0.000000 1.000000
vn 1.000000 0.000000 0.000002
vn 1.000000 0.000000 0.000002
vn 1.000000 0.000000 0.000002
vn 0.000000 0.000000 1.000000
vn -0.000001 0.000000 1.000000
vn 1.000000 0.000000 0.000001
vn 0.000001 0.000000 1.000000
vn 0.000000 0.000000 1.000000
vn -0.000009 0.000000 1.000000
vn -0.000004 0.000000 1.000000
vn -0.998651 -0.004920 -0.051698
vn -0.998651 -0.004920 -0.051698
vn -0.998668 -0.002639 -0.051533
vn -0.998674 -0.001559 -0.051454
vn 0.292340 -0.956314 -0.000983
vn 0.292340 -0.956314 -0.000983
vn 0.106289 -0.994335 -0.001111
vn 0.115228 -0.993338 -0.001283
vn -0.000558 0.977994 0.208633
vn 0.976849 -0.000134 0.213931
vn 1.000000 0.000000 0.000001
vn 1.000000 0.000000 0.000001
vn -0.000001 0.000000 1.000000
vn -0.000000 0.000000 1.000000
vn 0.000000 0.000000 1.000000
vn -0.050297 -0.998733 -0.001669
vn 0.039518 -0.999219 -0.000153
vn -0.000971 -0.999999 -0.000837
vn -0.000004 0.000000 1.000000
vn 0.000001 0.000000 1.000000
vn -0.000001 0.000000 1.000000
vn 0.000000 0.000000 1.000000
vn 0.179645 0.947815 0.263391
vn 0.069240 0.965050 0.252754
vn 0.000072 0.628045 0.778177
vn 0.000072 0.628045 0.778177
vn 0.000072 0.628045 0.778177
vn 0.000072 0.628045 0.778177
vn 0.968584 0.024001 0.247525
vn 0.970186 -0.000152 0.242361
vn 0.973936 0.040891 0.223104
vn 0.599274 0.008271 0.800501
vn 0.604526 0.000070 0.796586
vn 0.604526 0.000070 0.796586
vn 0.597270 0.011373 0.801960
vn 0.900887 0.307106 0.306740
vn 0.996387 0.046589 0.071016
vn 0.984184 0.097171 0.148119
vn 0.000836 0.975562 0.219722
vn -0.000153 0.983893 0.178759
vn 0.648443 0.681691 0.338850
vn 0.246602 0.913158 0.324545
vn 0.930783 0.217315 0.293969
vn -0.000421 0.626994 0.779024
vn 0.162852 0.563279 0.810059
vn 0.161169 0.564039 0.809867
vn -0.000421 0.626994 0.779024
vn 0.689027 0.609194 0.392586
vn 0.689027 0.609194 0.392586
vn 0.574163 0.087577 0.814044
vn 0.567009 0.112489 0.815995
vn 0.515381 0.798414 0.311317
vn 0.706297 0.621968 0.338083
vn 0.489989 0.300003 0.818480
vn 0.476978 0.325059 0.816596
vn -1.000000 0.000000 -0.000002
vn -1.000000 0.000000 -0.000002
vn 0.000000 -0.471598 0.881814
vn 0.000000 -0.471598 0.881814
vn -0.000001 -0.471598 0.881814
vn 0.000000 -0.471598 0.881814
vn 0.000000 -0.471598 0.881814
vn 0.000001 -0.471599 0.881813
vn -0.999997 0.002481 -0.000000
vn 0.000000 -0.471598 0.881814
vn 0.000000 -0.471599 0.881813
vn -0.000846 -0.489271 0.872131
vn 0.594780 0.803888 0.000000
vn 0.633311 0.773897 0.000000
vn 0.852390 0.522906 0.000000
vn 0.815472 0.578796 0.000000
vn -0.633312 0.773897 -0.000000
vn -0.594781 0.803888 -0.000000
vn 0.949145 -0.314839 0.000000
vn 0.946760 -0.321939 0.000000
vn 0.841626 -0.540060 0.000000
vn 0.844175 -0.536068 0.000000
vn -0.852390 0.522907 -0.000000
vn -0.815472 0.578797 -0.000000
vn 0.000000 -0.471599 0.881813
vn 0.000000 -0.471598 0.881814
vn -0.946761 -0.321939 0.000000
vn -0.949145 -0.314839 0.000000
vn -0.804884 -0.593432 0.000000
vn -0.808671 -0.588261 0.000000
vn -0.585082 -0.810971 -0.002109
vn -0.588657 -0.808381 -0.002051
vn -0.000008 0.000000 1.000000
vn -0.000008 0.000000 1.000000
vn -0.000000 1.000000 -0.000001
vn 0.000000 1.000000 -0.000002
vn 1.000000 0.000000 0.000006
vn 1.000000 0.000000 0.000006
vn -0.005714 -0.574339 0.818598
vn -0.000002 0.000000 1.000000
vn 0.000000 -0.000000 1.000000
vn 0.844172 0.536019 -0.007562
vn 0.657738 0.753206 -0.007820
vn 0.620270 0.784364 -0.006297
vn 0.811779 0.583899 -0.008787
vn 0.997556 -0.069865 -0.000000
vn 0.971465 0.237180 -0.001510
vn 0.951488 0.307673 -0.002844
vn 1.000000 0.000685 -0.000000
vn 0.587381 -0.809311 0.000000
vn 0.583598 -0.812043 0.000000
vn -0.000001 -0.079045 0.996871
vn 0.000000 -0.000118 1.000000
vn -0.000001 -0.079046 0.996871
vn 1.000000 0.000000 0.000002
vn 0.000001 -0.000000 1.000000
vn 0.000028 0.999925 0.012221
vn -0.000028 0.999925 0.012221
vn -0.735864 0.673888 0.066182
vn -0.735864 0.673887 0.066182
vn 0.000002 0.000000 1.000000
vn -0.307107 0.951632 0.009047
vn -0.310898 0.950401 0.008967
vn -0.584738 0.811222 -0.000005
vn -0.590825 0.806800 -0.000290
vn 0.809017 0.587786 0.000000
vn 0.587785 0.809017 0.000000
vn 0.587785 0.809017 0.000000
vn 0.809017 0.587786 0.000000
vn 0.951057 0.309017 0.000000
vn 0.951057 0.309017 0.000000
vn 1.000000 0.000000 0.000000
vn 1.000000 0.000000 0.000000
vn 0.951057 -0.309017 0.000000
vn 0.951057 -0.309017 0.000000
vn 0.000001 0.000000 1.000000
vn -0.000003 0.000000 1.000000
vn 0.809017 -0.587786 0.000000
vn 0.809017 -0.587786 0.000000
vn -0.000002 0.000000 1.000000
vn -0.998681 0.000001 -0.051341
vn -0.998681 0.000001 -0.051341
vn 0.587785 -0.809017 0.000000
vn 0.587785 -0.809017 0.000000
vn -0.000002 0.000000 1.000000
vn 0.000012 0.000000 1.000000
vn 0.000000 0.000000 1.000000
vn -0.003602 0.974740 0.223315
vn -0.003602 0.974740 0.223315
vn -0.003095 0.975665 0.219244
vn -0.000007 0.000000 1.000000
vn -0.000007 0.000000 1.000000
vn -0.000005 0.000000 1.000000
vn 0.000001 0.000000 1.000000
vn 0.000001 0.000000 1.000000
vn -0.000000 0.000000 1.000000
vn -0.000001 0.000000 1.000000
vn 0.000096 -0.546312 0.837582
vn -0.997217 0.000000 0.074548
vn -0.997217 0.000000 0.074549
vn -0.997217 0.000000 0.074549
vn -0.997217 0.000000 0.074548
vn 0.983084 0.000000 0.183153
vn 0.983084 0.000000 0.183153
vn 0.983084 0.000000 0.183153
vn 0.983084 0.000000 0.183153
vn 0.000000 0.000002 1.000000
vn 0.000006 0.000002 1.000000
vn 0.000000 0.982801 0.184667
vn 0.000000 0.982801 0.184667
vn 0.000000 0.982801 0.184667
vn 0.000000 0.982801 0.184667
vn 0.000000 0.000000 1.000000
vn 0.000000 0.000000 1.000000
vn -0.000009 0.000000 1.000000
vn -0.000009 0.000000 1.000000
vn -0.000008 0.000000 1.000000
vn -0.000008 0.000000 1.000000
vn 0.000004 0.000001 1.000000
vn -0.000001 -0.000000 1.000000
vn 0.000000 1.000000 -0.000001
vn 0.000000 1.000000 0.000001
vn 0.000000 1.000000 0.000001
vn 0.000000 1.000000 0.000001
vn 0.000004 0.000001 1.000000
vn 0.000000 0.000000 1.000000
vn 0.000000 0.000000 1.000000
vn 0.000000 0.000000 1.000000
vn 0.000024 0.000000 1.000000
vn 0.000000 0.000000 1.000000
vn 0.000000 0.000000 1.000000
vn 0.000000 0.000000 1.000000
vn 0.000000 0.000000 1.000000
vn 0.000001 0.000000 1.000000
vn 0.000002 0.000000 1.000000
vn 0.000002 0.000000 1.000000
vn 0.000013 0.000000 1.000000
vn 0.000013 0.000000 1.000000
vn 0.000012 0.000000 1.000000
vn 0.000012 0.000000 1.000000
vn 0.000000 1.000000 0.000000
vn 0.000000 1.000000 0.000000
vn 0.000000 1.000000 0.000000
vn 0.000000 1.000000 0.000000
vn 0.000000 -1.000000 -0.000001
vn 0.000000 -1.000000 0.000002
vn 0.000000 -1.000000 -0.000001
vn -1.000000 0.000000 0.000000
vn -1.000000 -0.000000 0.000000
vn -1.000000 -0.000000 0.000000
vn 0.000002 -0.079062 0.996870
vn -0.000001 -0.079048 0.996871
vn 0.000000 -1.000000 0.000000
vn 0.000000 -1.000000 0.000000
vn 0.000000 -1.000000 0.000000
vn 0.000000 -1.000000 0.000000
vn 1.000000 0.000000 0.000000
vn 1.000000 0.000000 0.000000
vn 1.000000 0.000000 0.000000
vn 1.000000 0.000000 0.000000
vn 0.000000 0.000000 1.000000
vn 0.000000 0.000000 1.000000
vn 0.000000 0.982801 0.184667
vn 0.000000 0.982801 0.184667
vn -0.997217 0.000000 0.074549
vn -0.997217 0.000000 0.074549
vn 0.000014 0.000000 1.000000
vn 0.000014 0.000000 1.000000
vn -0.000009 0.000000 1.000000
vn -0.000009 0.000000 1.000000
vn 0.983084 0.000000 0.183153
vn 0.983084 0.000000 0.183153
vn 0.000000 1.000000 -0.000001
vn 0.000000 -1.000000 0.000003
vn 0.000000 -1.000000 0.000003
vn -1.000000 -0.000000 0.000000
vn -1.000000 -0.000000 0.000000
vn 1.000000 0.000000 0.000000
vn 0.000000 -1.000000 0.000000
vn 0.000000 1.000000 0.000000
vn 0.971500 0.003973 0.237007
vn 0.971500 0.003973 0.237007
vn 0.001031 0.974721 0.223421
vn 0.001031 0.974721 0.223421
vn -0.000002 -0.000000 1.000000
vn 0.000000 -0.079055 0.996870
vn 0.000000 -0.079053 0.996870
vn 0.000000 -0.737666 0.675165
vn 0.000000 -0.737667 0.675165
vn 0.000000 -0.737667 0.675164
vn 0.001839 -0.712107 0.702069
vn 0.000002 -0.737666 0.675166
vn -0.000002 -0.737665 0.675167
s 1
g CP2077Quasar_LOD0 Backplate
usemtl PolymerBackplate
f 35/71/99 33/72/100 34/73/101 36/74/102
f 36/74/102 34/73/101 37/75/103 38/76/104
f 38/77/105 39/78/106 36/79/107
f 42/80/108 40/81/109 41/82/110 43/83/111
f 43/83/111 41/82/110 44/84/112 45/85/113
f 46/86/114 43/83/111 45/85/113 51/87/115
f 45/88/113 44/89/116 47/90/117 49/91/118
s 4
f 37/75/119 48/92/120 47/90/121
f 48/92/120 37/75/119 50/93/122 68/94/123
s 1
f 54/95/124 52/96/125 53/97/126 57/98/127
f 45/88/113 49/91/118 56/99/128 51/100/115
s 4
f 48/92/120 58/101/129 47/90/121
f 47/90/121 58/101/129 64/102/130
s 6
f 59/103/131 60/104/132 61/105/133
f 62/106/134 60/104/132 59/103/131
f 61/105/133 60/104/132 63/107/135
f 65/108/136 60/104/132 62/106/134
f 63/107/135 60/104/132 66/109/137
f 67/110/138 60/104/132 65/108/136
s 7
f 68/111/139 65/112/140 62/113/141 48/114/142
s 6
f 69/115/143 60/104/132 67/110/138
f 66/109/137 60/104/132 70/116/144
s 7
f 71/117/145 67/118/146 65/112/140 68/111/139
s 4
f 68/94/123 50/93/122 72/119/147 71/120/148
s 7
f 55/121/149 63/122/150 66/123/151 84/124/152
f 69/125/153 67/118/146 71/117/145 82/126/154
s 6
f 70/116/144 60/104/132 73/127/155
f 74/128/156 60/104/132 69/115/143
s 1
f 75/129/157 53/97/126 52/96/125 81/130/158
f 51/100/115 56/99/128 76/131/159 81/132/158
s 6
f 73/127/155 60/104/132 77/133/160
f 78/134/161 60/104/132 74/128/156
s 1
f 57/98/127 53/97/126 79/135/162 86/136/163
s 6
f 77/133/160 60/104/132 80/137/164
f 83/138/165 60/104/132 78/134/161
f 80/137/164 60/104/132 85/139/166
f 87/140/167 60/104/132 83/138/165
f 85/139/166 60/104/132 88/141/168
f 89/142/169 60/104/132 87/140/167
s 9
f 90/143/170 49/91/171 84/144/172
s 6
f 88/141/168 60/104/132 91/145/173
f 92/146/174 60/104/132 89/142/169
f 91/145/173 60/104/132 93/147/175
f 93/147/175 60/104/132 92/146/174
s 7
f 94/148/176 77/149/177 80/150/178 98/151/179
s 1
f 81/132/158 76/131/159 95/152/180 75/153/157
f 96/154/181 79/135/162 53/97/126 75/129/157
s 7
f 87/155/182 83/156/183 97/157/184 107/158/185
f 98/151/179 80/150/178 85/159/186 101/160/187
s 1
f 86/136/163 79/135/162 99/161/188 103/162/189
s 9
f 98/163/190 56/99/191 94/164/192
f 56/99/191 100/165/193 94/164/192
s 7
f 101/160/187 85/159/186 88/166/194 110/167/195
s 9
f 102/168/196 76/131/197 56/99/191 115/169/198
s 7
f 88/166/194 91/170/199 104/171/200 110/167/195
s 1
f 75/153/157 95/152/180 109/172/201 96/173/181
f 111/174/202 99/161/188 79/135/162 96/154/181
s 14
f 113/175/203 114/176/204 112/177/205 116/178/206
s 9
f 115/169/198 56/99/191 98/163/190 101/179/207
s 4
f 117/180/208 108/181/209 105/182/210
s 1
f 111/183/202 96/173/181 109/172/201 102/168/211
s 14
f 118/184/212 113/175/203 116/178/206 123/185/213
s 16
f 121/186/214 119/187/215 120/188/216 122/189/217
s 14
f 123/190/213 116/191/206 124/192/218
s 17
f 125/193/219 126/194/220 127/195/221
f 127/195/221 126/194/220 128/196/222
f 129/197/223 126/194/220 125/193/219
f 128/196/222 126/194/220 130/198/224
f 131/199/225 126/194/220 129/197/223
s 18
f 132/200/226 131/201/227 129/202/228 140/203/229
s 16
f 122/189/217 120/188/216 133/204/230 151/205/231
s 17
f 134/206/232 126/194/220 131/199/225
f 130/198/224 126/194/220 135/207/233
s 19
f 136/208/234 124/192/235 137/209/236
s 4
f 138/210/237 105/182/210 139/211/238
s 1
f 111/183/202 102/168/211 115/169/239 133/212/240
s 14
f 123/190/213 124/192/218 136/208/241 142/213/242
s 17
f 136/214/243 126/194/220 134/206/232
f 135/207/233 126/194/220 141/215/244
s 18
f 134/216/245 142/217/246 136/218/247
s 4
f 140/219/248 118/184/249 132/220/250
f 118/184/249 123/185/251 142/221/252 132/220/250
s 16
f 143/222/253 121/186/214 122/189/217 163/223/254
s 17
f 141/215/244 126/194/220 144/224/255
f 136/214/243 145/225/256 126/194/220
s 18
f 146/226/257 135/227/258 141/228/259 162/229/260
s 19
f 147/230/261 148/231/262 145/232/263
s 17
f 145/225/256 148/233/264 126/194/220
f 144/224/255 126/194/220 149/234/265
f 150/235/266 126/194/220 148/233/264
f 149/234/265 126/194/220 152/236/267
f 153/237/268 126/194/220 150/235/266
s 1
f 115/169/239 154/238/269 133/212/240
s 17
f 152/236/267 126/194/220 155/239/270
s 4
f 117/180/208 156/240/271 146/241/272
s 17
f 157/242/273 126/194/220 153/237/268
s 19
f 150/243/274 158/244/275 153/245/276
s 9
f 104/246/277 159/247/278 160/248/279
s 17
f 155/239/270 126/194/220 161/249/280
f 161/249/280 126/194/220 157/242/273
s 24
f 151/250/281 133/212/282 154/238/283 166/251/284
s 9
f 162/252/285 117/180/286 146/241/287
s 18
f 164/253/288 149/254/289 152/255/290 169/256/291
s 19
f 161/257/292 157/258/293 165/259/294
s 18
f 152/255/290 155/260/295 167/261/296 169/256/291
f 161/262/297 167/261/296 155/260/295
s 16
f 170/263/298 319/264/299 151/205/231
f 163/223/254 122/189/217 168/265/300
f 168/265/300 122/189/217 319/264/299
f 151/205/231 319/264/299 122/189/217
f 143/222/253 163/223/254 171/266/301 174/267/302
s 19
f 307/268/303 161/257/292 172/269/304 175/270/305
s 24
f 166/251/284 173/271/306 170/272/307 151/250/281
s 16
f 168/265/300 320/273/308 163/223/254
f 163/223/254 320/273/308 171/266/301
f 171/266/301 320/273/308 176/274/309
f 177/275/310 176/274/309 320/273/308
s off
f 167/276/311 178/277/312 295/278/313 169/279/314
s 16
f 179/280/315 174/281/302 171/282/301
s 28
f 180/283/316 181/284/317 176/285/318 177/286/319
s 29
f 182/287/320 183/288/321 184/289/322
f 179/290/323 184/289/322 183/288/321
f 185/291/324 183/288/321 182/287/320
f 186/292/325 183/288/321 185/291/324
f 187/293/326 179/290/323 183/288/321
s 30
f 192/294/327 182/295/328 196/296/329
f 196/296/329 182/295/328 188/297/330
f 182/295/328 184/298/331 188/297/330
s 16
f 189/299/332 187/300/333 190/301/334
f 191/302/335 179/280/315 171/282/301 176/303/309
s 30
f 184/298/331 179/304/336 191/305/337 188/297/330
f 185/306/338 182/295/328 192/294/327 199/307/339
s 29
f 193/308/340 183/288/321 186/292/325
s 31
f 194/309/341 189/299/342 190/301/343
s 29
f 190/310/344 187/293/326 183/288/321
f 195/311/345 183/288/321 193/308/340
f 194/312/346 190/310/344 183/288/321
f 197/313/347 183/288/321 195/311/345
f 198/314/348 194/312/346 183/288/321
s 19
f 200/315/349 201/316/350 321/317/351 224/318/352
s 32
f 202/319/353 203/320/354 204/321/355
f 204/321/355 203/320/354 205/322/356
f 206/323/357 203/320/354 202/319/353
s 29
f 207/324/358 183/288/321 197/313/347
s 32
f 205/322/356 203/320/354 208/325/359
f 209/326/360 203/320/354 206/323/357
s 29
f 210/327/361 198/314/348 183/288/321
s 19
f 211/328/362 198/329/363 210/330/364 218/331/365
s 28
f 176/285/318 181/284/317 196/332/366 188/333/367
f 176/285/318 188/333/367 191/334/368
s 32
f 212/335/369 203/320/354 209/326/360
s 29
f 213/336/370 183/288/321 207/324/358
s 32
f 208/325/359 203/320/354 214/337/371
s off
f 215/338/372 216/339/373 201/340/374 200/341/375
s 9
f 196/332/376 181/284/377 192/342/378
s 29
f 217/343/379 210/327/361 183/288/321
s 35
f 209/344/380 206/345/381 219/346/382 215/347/383
s 9
f 220/348/384 221/349/385 222/350/386
s 29
f 223/351/387 183/288/321 213/336/370
s 32
f 224/352/388 203/320/354 212/335/369
f 214/337/371 203/320/354 225/353/389
s 19
f 226/354/390 227/355/391 224/318/352
s 29
f 217/343/379 183/288/321 228/356/392
s 19
f 218/331/365 210/330/364 217/357/393
s 29
f 229/358/394 183/288/321 223/351/387
s 32
f 224/352/388 227/359/395 203/320/354
f 225/353/389 203/320/354 230/360/396
s 9
f 220/348/384 222/350/386 231/361/397
s 30
f 232/362/398 207/363/399 197/364/400 242/365/401
s 29
f 233/366/402 183/288/321 229/358/394
f 228/356/392 183/288/321 233/366/402
s 35
f 212/367/403 200/368/404 224/369/405
s 32
f 227/359/395 234/370/406 203/320/354
s 19
f 228/371/407 218/331/365 217/357/393
s 32
f 230/360/396 203/320/354 235/372/408
s 9
f 236/373/409 221/349/385 237/374/410
s 32
f 234/370/406 238/375/411 203/320/354
s 30
f 239/376/412 213/377/413 207/363/399 232/362/398
s 19
f 218/331/365 228/371/407 233/378/414 248/379/415
s 32
f 235/372/408 203/320/354 240/380/416
s 19
f 241/381/417 238/382/418 234/383/419
s 32
f 238/375/411 243/384/420 203/320/354
f 240/380/416 203/320/354 244/385/421
s 19
f 241/381/417 243/386/422 238/382/418
s 9
f 245/387/423 221/349/385 246/388/424
s 32
f 243/384/420 247/389/425 203/320/354
f 249/390/426 244/385/421 203/320/354
f 247/389/425 249/390/426 203/320/354
s 30
f 250/391/427 233/392/428 229/393/429 255/394/430
s 35
f 251/395/431 235/396/432 240/397/433 260/398/434
s 19
f 233/378/414 252/399/435 248/379/415
f 249/400/436 247/401/437 253/402/438
s 9
f 242/403/439 254/404/440 232/405/441
s 35
f 249/406/442 257/407/443 244/408/444
s 9
f 314/409/445 239/410/446 258/411/447 315/412/448
s 19
f 248/379/415 252/399/435 261/413/449 264/414/450
s off
f 262/415/451 250/416/452 255/417/453 301/418/454
s 19
f 263/419/455 257/420/456 249/400/436 265/421/457
s 46
f 266/422/458 260/423/459 257/424/460 263/425/461
s 19
f 268/426/462 265/427/457 267/428/463 271/429/464
f 322/430/465 261/413/449 252/399/435 256/431/466
f 264/414/450 261/413/449 272/432/467 273/433/468
f 274/434/469 263/435/455 265/427/457 268/426/462
s 46
f 275/436/470 276/437/471 269/438/472 270/439/473
s 19
f 271/429/474 273/433/475 272/432/467 268/426/462
s 46
f 277/440/476 266/422/458 263/425/461 274/441/477
s 19
f 272/432/467 261/413/449 269/442/478 278/443/479
f 268/426/462 272/432/467 278/443/479 274/434/469
s 46
f 279/444/480 277/440/476 274/441/477 278/445/481
f 276/437/471 279/444/480 278/445/481 269/438/472
s 1
f 36/79/107 39/78/106 280/446/482 35/447/483
s 4
f 281/448/484 282/449/485 34/73/486 33/72/487
s 1
f 39/78/106 41/82/110 40/81/109 280/446/482
f 44/84/112 41/82/110 39/78/106 38/77/105
s 4
f 34/73/486 282/449/485 50/93/122 37/75/119
f 283/450/488 284/451/489 282/449/485 281/448/484
s 1
f 38/76/104 37/75/103 47/90/117 44/89/116
f 285/452/490 42/80/108 43/83/111 46/86/114
f 46/86/114 52/96/125 54/95/124 285/452/490
s 4
f 282/449/485 284/451/489 72/119/147 50/93/122
f 283/450/488 286/453/491 287/454/492 284/451/489
s 1
f 51/87/115 81/130/158 52/96/125 46/86/114
s 4
f 284/451/489 287/454/492 288/455/493 72/119/147
s 7
f 59/456/494 58/457/495 48/114/142 62/113/141
f 64/458/496 58/457/495 59/456/494 61/459/497
f 55/121/149 64/458/496 61/459/497 63/122/150
f 69/125/153 82/126/154 106/460/498 74/461/499
f 70/462/500 90/463/501 84/124/152 66/123/151
s 9
f 100/165/193 56/99/191 49/91/171 90/143/170
s 7
f 100/464/502 90/463/501 70/462/500 73/465/503
f 106/460/498 108/466/504 78/467/505 74/461/499
s 4
f 113/175/506 287/454/492 286/453/491 114/176/507
s 7
f 94/148/176 100/464/502 73/465/503 77/149/177
f 108/466/504 97/157/184 83/156/183 78/467/505
f 87/468/182 107/469/185 289/470/508 89/471/509
f 289/470/508 290/472/510 92/473/511 89/471/509
f 291/474/512 104/171/200 91/170/199 93/475/513
s 4
f 288/455/493 287/454/492 113/175/506 118/184/249
s 7
f 290/472/510 291/474/512 93/475/513 92/473/511
s 9
f 109/172/514 95/152/515 76/131/197 102/168/196
s 1
f 99/161/188 120/476/516 119/477/517 103/162/189
s 19
f 124/192/235 116/191/518 112/478/519 137/209/236
s 1
f 111/174/202 133/479/240 120/476/516 99/161/188
s 4
f 292/480/520 288/455/493 118/184/249 140/219/248
s 9
f 110/481/521 154/238/522 115/169/198 101/179/207
s 18
f 139/482/523 292/483/524 125/484/525 127/485/526
f 292/483/524 140/203/229 129/202/228 125/484/525
f 131/201/227 132/200/226 142/217/246 134/216/245
f 156/486/527 138/487/528 128/488/529 130/489/530
s 19
f 136/208/234 137/209/236 147/230/261 145/232/263
s 4
f 117/180/208 105/182/210 138/210/237 156/240/271
s 9
f 104/246/277 160/248/279 154/238/522 110/481/521
s 18
f 135/227/258 146/226/257 156/486/527 130/489/530
s 19
f 150/243/274 148/231/262 147/230/261 158/244/275
s 18
f 144/490/531 293/491/532 162/229/260 141/228/259
s 19
f 165/259/294 157/258/293 153/245/276 158/244/275
s 9
f 159/247/278 117/180/286 162/252/285 293/492/533
s 18
f 164/253/288 293/491/532 144/490/531 149/254/289
s 9
f 169/279/534 159/247/278 164/493/535
f 159/247/278 293/492/533 164/493/535
s 19
f 172/269/304 161/257/292 165/259/294 294/494/536
s 9
f 222/350/386 166/251/537 154/238/522 160/248/279
s 16
f 179/280/315 187/300/333 189/299/332 174/281/302
s 19
f 294/494/536 226/354/390 224/318/352 172/269/304
s 30
f 199/307/339 236/495/538 186/496/539 185/306/338
s 31
f 211/328/540 189/299/342 194/309/341 198/329/541
s 9
f 231/361/397 222/350/386 160/248/279 219/497/542
s 30
f 186/496/539 236/495/538 296/498/543 193/499/544
f 296/498/543 297/500/545 195/501/546 193/499/544
s 35
f 220/502/547 231/503/548 202/504/549 204/505/550
f 298/506/551 220/502/547 204/505/550 205/507/552
f 231/503/548 219/346/382 206/345/381 202/504/549
s 30
f 297/500/545 242/365/401 197/364/400 195/501/546
s 35
f 246/508/553 298/506/551 205/507/552 208/509/554
s 19
f 241/381/417 234/383/419 227/355/391 226/354/390
s 35
f 209/344/380 215/347/383 200/368/404 212/367/403
f 245/510/555 246/508/553 208/509/554 214/511/556
s 9
f 236/373/409 237/374/410 296/512/557
f 237/374/410 297/513/558 296/512/557
s 35
f 299/514/559 245/510/555 214/511/556 225/515/560
s 9
f 220/348/384 298/516/561 221/349/385
f 246/388/424 221/349/385 298/516/561
s 30
f 213/377/413 239/376/412 259/517/562 223/518/563
s 35
f 300/519/564 299/514/559 225/515/560 230/520/565
s 19
f 253/402/438 247/401/437 243/386/422 241/381/417
s 30
f 223/518/563 259/517/562 255/394/430 229/393/429
s 9
f 237/374/410 254/404/440 242/403/439 297/513/558
f 300/521/566 221/349/385 299/522/567
f 221/349/385 245/387/423 299/522/567
s 35
f 251/395/431 300/519/564 230/520/565 235/396/432
s 9
f 237/374/410 221/349/385 300/521/566 251/523/568
f 232/405/441 254/404/440 258/411/447 239/410/446
s 35
f 244/408/444 257/407/443 260/398/434 240/397/433
s 19
f 233/378/414 250/524/569 262/525/570 313/526/571
f 267/527/463 265/421/457 249/400/436 253/402/438
s 9
f 301/418/572 255/417/573 259/528/574 314/409/445
f 237/374/410 251/523/568 260/423/575 266/422/576
f 266/422/576 277/440/577 254/404/440 237/374/410
f 258/411/447 254/404/440 277/440/577 279/444/578
s 4
f 82/529/579 288/455/493 105/182/210
f 105/182/210 288/455/493 292/480/520 139/211/238
s 18
f 128/488/529 138/487/528 139/482/523 127/485/526
s 50
f 302/530/580 303/531/581 324/532/582 306/533/583
s 51
f 308/534/584 325/535/585 311/536/586 312/537/587
s 9
f 180/283/588 199/538/589 192/342/378 181/284/377
s 52
f 323/539/590 315/540/591 316/541/592 317/542/593
s 9
f 312/543/594 159/247/278 169/279/534 295/278/595
s 53
f 175/544/596 325/535/597 308/534/598 307/545/599
s 9
f 221/349/385 303/546/600 302/547/601 222/350/386
s 54
f 307/548/602 312/537/603 295/549/604 178/550/605
s 9
f 236/373/409 304/551/606 303/546/600 221/349/385
f 311/552/607 310/553/608 160/248/279
f 216/339/609 215/338/610 310/553/608
f 215/338/610 219/497/542 310/553/608
f 219/497/542 160/248/279 310/553/608
s 56
f 322/554/611 256/555/612 323/539/613 317/542/614
s 9
f 316/556/615 279/444/578 276/437/616 275/436/617
s 57
f 324/532/618 168/557/619 319/558/620 306/533/621
s 58
f 319/559/622 170/560/623 173/561/624 306/533/625
s 59
f 321/562/626 310/563/627 309/564/628
s 60
f 316/541/629 275/565/630 317/542/631
s 9
f 104/246/277 291/566/632 159/247/278
f 290/567/633 159/247/278 291/566/632
s 61
f 305/568/634 180/569/635 177/570/636 320/571/637
s 62
f 313/572/638 262/573/639 301/574/640 318/575/641
s 56
f 323/539/613 256/555/612 313/576/642 318/575/643
s 52
f 314/577/644 315/540/591 323/539/590 318/575/645
s 50
f 324/532/582 303/531/581 304/578/646 305/568/647
s 57
f 320/579/648 168/557/619 324/532/618 305/568/649
s 53
f 309/564/650 325/535/597 175/544/596 321/580/651
s 51
f 311/536/586 325/535/585 309/564/652 310/563/653
s 54
f 308/534/654 312/537/603 307/548/602
s 59
f 321/562/626 201/581/655 216/582/656 310/563/627
s 60
f 317/542/631 275/565/630 270/583/657 322/584/658
s 62
f 318/575/641 301/574/640 314/577/659
s 61
f 304/578/660 180/569/635 305/568/634
s 58
f 306/533/625 173/561/624 302/530/661
s 9
f 160/248/279 159/247/278 312/543/594 311/552/607
s 19
f 224/318/352 321/317/351 175/270/305 172/269/304
f 167/585/662 161/257/292 307/268/303 178/586/663
s 9
f 315/412/448 258/411/447 279/444/578 316/556/615
f 239/410/446 314/409/445 259/528/574
s 19
f 233/378/414 313/526/571 256/431/466 252/399/435
f 270/587/664 269/442/665 261/413/449 322/430/465
s 9
f 199/538/589 180/283/588 304/551/606 236/373/409
f 222/350/386 302/547/601 173/271/666 166/251/537
f 290/567/633 289/588/667 117/180/286
f 107/589/668 117/180/286 289/588/667
f 290/567/633 117/180/286 159/247/278
s 4
f 47/90/121 64/102/130 49/91/669
f 64/102/130 55/590/670 49/91/669
f 49/91/669 55/590/670 84/144/671
f 82/529/579 105/182/210 106/591/672
f 105/182/210 108/181/209 106/591/672
f 108/181/209 117/180/208 97/592/673
f 97/592/673 117/180/208 107/589/674
f 71/120/148 72/119/147 288/455/493 82/529/579
g default
v -0.303959 0.882184 5.722135
v -0.318933 0.911572 5.722135
v -0.342256 0.934895 5.722135
v -0.371643 0.949868 5.722135
v -0.404220 0.955028 5.722135
v -0.436797 0.949868 5.722135
v -0.466184 0.934895 5.722135
v -0.489507 0.911572 5.722135
v -0.504481 0.882184 5.722135
v -0.509640 0.849608 5.722135
v -0.504481 0.817031 5.722135
v -0.489507 0.787643 5.722135
v -0.466184 0.764321 5.722135
v -0.436797 0.749347 5.722135
v -0.404220 0.744187 5.722135
v -0.371643 0.749347 5.722135
v -0.342256 0.764321 5.722135
v -0.318933 0.787643 5.722135
v -0.303959 0.817031 5.722135
v -0.298800 0.849608 5.722135
v -0.303959 0.882184 5.980649
v -0.318933 0.911572 5.980649
v -0.342256 0.934895 5.980649
v -0.371643 0.949868 5.980649
v -0.404220 0.955028 5.980649
v -0.436797 0.949868 5.980649
v -0.466184 0.934895 5.980649
v -0.489507 0.911572 5.980649
v -0.504481 0.882184 5.980649
v -0.509640 0.849608 5.980649
v -0.504481 0.817031 5.980649
v -0.489507 0.787643 5.980649
v -0.466184 0.764321 5.980649
v -0.436797 0.749347 5.980649
v -0.404220 0.744187 5.980649
v -0.371643 0.749347 5.980649
v -0.342256 0.764321 5.980649
v -0.318933 0.787643 5.980649
v -0.303959 0.817031 5.980649
v -0.298800 0.849608 5.980649
v -0.338652 0.872008 5.980649
v -0.381819 0.915176 5.980649
v -0.404220 0.915176 5.980649
v -0.426621 0.915176 5.980649
v -0.469788 0.872008 5.980649
v -0.469788 0.849608 5.980649
v -0.469788 0.827207 5.980649
v -0.426621 0.784040 5.980649
v -0.404220 0.784040 5.980649
v -0.381819 0.784040 5.980649
v -0.338652 0.827207 5.980649
v -0.338652 0.849608 5.980649
v -0.338652 0.872008 5.911414
v -0.381819 0.915176 5.911414
v -0.404220 0.915176 5.911414
v -0.426621 0.915176 5.911414
v -0.469788 0.872008 5.911414
v -0.469788 0.849608 5.911414
v -0.469788 0.827207 5.911414
v -0.426621 0.784040 5.911414
v -0.404220 0.784040 5.911414
v -0.381819 0.784040 5.911414
v -0.338652 0.827207 5.911414
v -0.338652 0.849608 5.911414
v -0.356657 0.865857 5.894433
v -0.387969 0.897170 5.894433
v -0.404220 0.849608 5.894433
v -0.404220 0.897171 5.894433
v -0.420471 0.897170 5.894433
v -0.451783 0.865857 5.894433
v -0.451783 0.849608 5.894433
v -0.451783 0.833358 5.894433
v -0.420469 0.802045 5.894433
v -0.404220 0.802045 5.894433
v -0.387971 0.802045 5.894433
v -0.356657 0.833358 5.894433
v -0.356657 0.849608 5.894433
vt 2.690094 0.574763
vt 2.694659 0.574768
vt 2.694654 0.616150
vt 2.690087 0.616154
vt 2.699225 0.574771
vt 2.699220 0.616148
vt 2.703792 0.574772
vt 2.703787 0.616148
vt 2.708358 0.574773
vt 2.708353 0.616149
vt 2.617031 0.574768
vt 2.621598 0.574768
vt 2.621593 0.616135
vt 2.617027 0.616135
vt 2.626164 0.574769
vt 2.626160 0.616135
vt 2.630730 0.574770
vt 2.630726 0.616135
vt 2.635296 0.574772
vt 2.635293 0.616134
vt 2.639863 0.574773
vt 2.639859 0.616134
vt 2.644428 0.574776
vt 2.644426 0.616132
vt 2.648995 0.574778
vt 2.648992 0.616130
vt 2.653561 0.574782
vt 2.653559 0.616128
vt 2.658127 0.574783
vt 2.658125 0.616127
vt 2.662693 0.574786
vt 2.662692 0.616125
vt 2.667259 0.574788
vt 2.667258 0.616125
vt 2.671825 0.574788
vt 2.671825 0.616125
vt 2.676392 0.574787
vt 2.676391 0.616128
vt 2.680959 0.574782
vt 2.680957 0.616133
vt 2.685526 0.574775
vt 2.685522 0.616142
vt 2.698664 0.550836
vt 2.684018 0.550694
vt 2.691394 0.536212
vt 2.680318 0.547071
vt 2.676717 0.543344
vt 2.676787 0.528859
vt 2.680375 0.525163
vt 2.684061 0.521553
vt 2.698528 0.521534
vt 2.702263 0.525102
vt 2.705906 0.528775
vt 2.706005 0.543362
vt 2.702412 0.547133
vt 2.607067 0.557106
vt 2.604000 0.547703
vt 2.616046 0.552063
vt 2.604496 0.538787
vt 2.616073 0.534856
vt 2.607051 0.529922
vt 2.612502 0.522268
vt 2.620496 0.530289
vt 2.619944 0.516676
vt 2.624958 0.525617
vt 2.628678 0.513681
vt 2.637968 0.513491
vt 2.642319 0.525293
vt 2.646904 0.516141
vt 2.654620 0.521447
vt 2.646888 0.529709
vt 2.660333 0.528895
vt 2.651484 0.534108
vt 2.663451 0.537844
vt 2.663600 0.547292
vt 2.651692 0.551396
vt 2.660692 0.556360
vt 2.655162 0.563949
vt 2.647209 0.555914
vt 2.647707 0.569404
vt 2.642741 0.560423
vt 2.639052 0.572370
vt 2.629811 0.572567
vt 2.625444 0.560819
vt 2.620975 0.570050
vt 2.613072 0.564841
vt 2.620697 0.556465
vt 2.671203 0.571746
vt 2.663443 0.571756
vt 2.663471 0.561847
vt 2.671095 0.561852
vt 2.660622 0.571812
vt 2.660635 0.561841
vt 2.714370 0.571778
vt 2.711525 0.571780
vt 2.711400 0.561878
vt 2.714237 0.561879
vt 2.703671 0.571907
vt 2.703673 0.561871
vt 2.700923 0.571781
vt 2.700849 0.561921
vt 2.698079 0.571780
vt 2.698087 0.561883
vt 2.690324 0.571778
vt 2.690338 0.561876
vt 2.687479 0.571778
vt 2.687437 0.561858
vt 2.684633 0.571778
vt 2.684558 0.561885
vt 2.676790 0.571852
vt 2.676868 0.561851
vt 2.674030 0.571813
vt 2.673950 0.561859
vt 2.701977 0.558401
vt 2.680602 0.558372
vt 2.674360 0.552886
vt 2.669105 0.546532
vt 2.669107 0.525519
vt 2.674489 0.519283
vt 2.680745 0.513981
vt 2.701724 0.513807
vt 2.708036 0.519114
vt 2.713427 0.525329
vt 2.713730 0.546542
vt 2.708319 0.552994
vn 0.951057 0.309017 -0.000000
vn 0.809017 0.587786 -0.000000
vn 0.809017 0.587786 -0.000000
vn 0.951057 0.309017 -0.000000
vn 0.587785 0.809017 0.000000
vn 0.587785 0.809017 0.000000
vn 0.309017 0.951057 0.000000
vn 0.309017 0.951057 0.000000
vn 0.000000 1.000000 0.000000
vn 0.000000 1.000000 0.000000
vn -0.309017 0.951057 0.000000
vn -0.309017 0.951057 0.000000
vn -0.587785 0.809017 0.000000
vn -0.587785 0.809017 0.000000
vn -0.809017 0.587785 -0.000000
vn -0.809017 0.587785 -0.000000
vn -0.951056 0.309017 -0.000000
vn -0.951057 0.309017 -0.000000
vn -1.000000 0.000000 0.000000
vn -1.000000 0.000000 0.000000
vn -0.951056 -0.309018 0.000000
vn -0.951056 -0.309018 0.000000
vn -0.809016 -0.587786 0.000000
vn -0.809017 -0.587786 0.000000
vn -0.587784 -0.809018 -0.000000
vn -0.587785 -0.809017 -0.000000
vn -0.309017 -0.951057 -0.000000
vn -0.309017 -0.951057 -0.000000
vn 0.000000 -1.000000 0.000000
vn 0.000000 -1.000000 0.000000
vn 0.309017 -0.951056 -0.000000
vn 0.309017 -0.951056 -0.000000
vn 0.587785 -0.809017 -0.000000
vn 0.587786 -0.809017 -0.000000
vn 0.809016 -0.587787 0.000000
vn 0.809016 -0.587787 0.000000
vn 0.951056 -0.309017 0.000000
vn 0.951056 -0.309017 0.000000
vn 1.000000 0.000000 0.000000
vn 1.000000 0.000000 0.000000
vn 0.000005 0.000005 1.000000
vn 0.000005 0.000008 1.000000
vn -0.000000 0.000005 1.000000
vn 0.000000 0.000010 1.000000
vn 0.000000 0.000008 1.000000
vn 0.000000 0.000005 1.000000
vn 0.000000 -0.000000 1.000000
vn -0.000026 0.000003 1.000000
vn -0.000026 0.000003 1.000000
vn 0.000000 0.000000 1.000000
vn 0.000021 0.000003 1.000000
vn 0.000021 0.000003 1.000000
vn 0.000000 0.000000 1.000000
vn 0.000002 0.000000 1.000000
vn 0.000001 0.000000 1.000000
vn 0.000001 0.000000 1.000000
vn 0.000000 0.000000 1.000000
vn 0.000006 0.000000 1.000000
vn 0.000009 0.000000 1.000000
vn 0.000000 0.000000 1.000000
vn 0.000000 0.000000 1.000000
vn -0.000009 0.000000 1.000000
vn -0.000006 0.000000 1.000000
vn 0.000000 0.000000 1.000000
vn 0.000000 0.000000 1.000000
vn 0.000001 0.000000 1.000000
vn 0.000002 0.000000 1.000000
vn 0.000002 0.000000 1.000000
vn 0.000002 0.000000 1.000000
vn -0.000002 0.000000 1.000000
vn -0.000001 0.000000 1.000000
vn -0.000001 0.000000 1.000000
vn 0.000000 0.000000 1.000000
vn -0.000006 0.000000 1.000000
vn -0.000009 0.000000 1.000000
vn -0.000000 0.000000 1.000000
vn -0.000000 0.000000 1.000000
vn 0.000009 0.000000 1.000000
vn 0.000006 0.000000 1.000000
vn 0.000000 0.000000 1.000000
vn 0.000000 0.000000 1.000000
vn -0.000001 0.000000 1.000000
vn -0.000002 0.000000 1.000000
vn -0.000002 0.000000 1.000000
vn -0.000002 0.000000 1.000000
vn -0.707105 -0.707109 0.000000
vn -0.707105 -0.707109 0.000000
vn -0.707105 -0.707109 0.000000
vn -0.707105 -0.707109 0.000000
vn -0.000004 -1.000000 0.000000
vn 0.000000 -1.000000 0.000001
vn 0.000000 -1.000000 0.000001
vn -0.000004 -1.000000 0.000000
vn 0.000004 -1.000000 0.000001
vn 0.000004 -1.000000 0.000001
vn 0.707106 -0.707108 0.000000
vn 0.707106 -0.707108 0.000000
vn 0.707106 -0.707108 0.000000
vn 0.707106 -0.707108 0.000000
vn 1.000000 -0.000005 0.000000
vn 1.000000 0.000000 0.000000
vn 1.000000 0.000000 0.000000
vn 1.000000 -0.000005 0.000000
vn 1.000000 0.000005 0.000000
vn 1.000000 0.000005 0.000000
vn 0.707105 0.707108 0.000001
vn 0.707105 0.707108 0.000001
vn 0.707105 0.707108 0.000001
vn 0.707105 0.707108 0.000001
vn 0.000000 1.000000 0.000000
vn 0.000000 1.000000 0.000000
vn 0.000000 1.000000 0.000000
vn 0.000000 1.000000 0.000000
vn 0.000000 1.000000 0.000000
vn 0.000000 1.000000 0.000000
vn -0.707105 0.707109 -0.000001
vn -0.707105 0.707109 -0.000001
vn -0.707105 0.707109 -0.000001
vn -0.707105 0.707109 -0.000001
vn -1.000000 0.000000 0.000000
vn -1.000000 0.000000 0.000000
vn -1.000000 0.000000 0.000000
vn -1.000000 0.000000 0.000000
vn -1.000000 0.000000 0.000000
vn -1.000000 0.000000 0.000000
vn -0.498543 -0.498520 0.709177
vn -0.498543 -0.498520 0.709177
vn -0.498543 -0.498520 0.709177
vn -0.498543 -0.498520 0.709177
vn 0.000000 -0.686108 0.727500
vn 0.000000 -0.686108 0.727500
vn 0.000000 -0.686108 0.727500
vn 0.000000 -0.686108 0.727500
vn 0.000000 -0.686108 0.727500
vn 0.000000 -0.686108 0.727500
vn 0.498536 -0.498525 0.709179
vn 0.498536 -0.498525 0.709179
vn 0.498536 -0.498525 0.709179
vn 0.498536 -0.498525 0.709179
vn 0.686111 -0.000002 0.727497
vn 0.686114 0.000001 0.727494
vn 0.686114 0.000001 0.727494
vn 0.686111 -0.000002 0.727497
vn 0.686117 0.000004 0.727491
vn 0.686117 0.000004 0.727491
vn 0.498530 0.498518 0.709188
vn 0.498530 0.498518 0.709188
vn 0.498530 0.498518 0.709188
vn 0.498530 0.498518 0.709188
vn 0.000000 0.686097 0.727510
vn 0.000000 0.686098 0.727509
vn 0.000000 0.686098 0.727509
vn 0.000000 0.686097 0.727510
vn 0.000000 0.686099 0.727508
vn 0.000000 0.686099 0.727508
vn -0.498525 0.498518 0.709191
vn -0.498525 0.498518 0.709192
vn -0.498525 0.498518 0.709192
vn -0.498525 0.498518 0.709192
vn -0.686118 0.000000 0.727490
vn -0.686114 -0.000001 0.727494
vn -0.686114 -0.000001 0.727494
vn -0.686118 0.000000 0.727490
vn -0.686110 -0.000003 0.727498
vn -0.686110 -0.000003 0.727498
s 1
g CP2077Quasar_LOD0 Backplate_Bolt_Bottom1
usemtl ShinyMetal_bolts
f 326/593/675 327/594/676 347/595/677 346/596/678
f 327/594/676 328/597/679 348/598/680 347/595/677
f 328/597/679 329/599/681 349/600/682 348/598/680
f 329/599/681 330/601/683 350/602/684 349/600/682
f 330/603/683 331/604/685 351/605/686 350/606/684
f 331/604/685 332/607/687 352/608/688 351/605/686
f 332/607/687 333/609/689 353/610/690 352/608/688
f 333/609/689 334/611/691 354/612/692 353/610/690
f 334/611/691 335/613/693 355/614/694 354/612/692
f 335/613/693 336/615/695 356/616/696 355/614/694
f 336/615/695 337/617/697 357/618/698 356/616/696
f 337/617/697 338/619/699 358/620/700 357/618/698
f 338/619/699 339/621/701 359/622/702 358/620/700
f 339/621/701 340/623/703 360/624/704 359/622/702
f 340/623/703 341/625/705 361/626/706 360/624/704
f 341/625/705 342/627/707 362/628/708 361/626/706
f 342/627/707 343/629/709 363/630/710 362/628/708
f 343/629/709 344/631/711 364/632/712 363/630/710
f 344/631/711 345/633/713 365/634/714 364/632/712
f 345/633/713 326/593/675 346/596/678 365/634/714
s 2
f 390/635/715 391/636/716 392/637/717
f 391/636/716 393/638/718 392/637/717
f 393/638/718 394/639/719 392/637/717
f 394/639/719 395/640/720 392/637/717
f 395/640/720 396/641/721 392/637/717
f 396/641/721 397/642/722 392/637/717
f 397/642/722 398/643/723 392/637/717
f 398/643/723 399/644/724 392/637/717
f 399/644/724 400/645/725 392/637/717
f 400/645/725 401/646/726 392/637/717
f 401/646/726 402/647/727 392/637/717
f 402/647/727 390/635/715 392/637/717
s 3
f 346/648/728 347/649/729 366/650/730
f 347/649/729 348/651/731 367/652/732 366/650/730
f 348/651/731 349/653/733 367/652/732
f 349/653/733 350/654/734 368/655/735 367/652/732
f 350/654/734 351/656/736 369/657/737 368/655/735
f 351/656/736 352/658/738 369/657/737
f 352/658/738 353/659/739 370/660/740 369/657/737
f 353/659/739 354/661/741 370/660/740
f 354/661/741 355/662/742 371/663/743 370/660/740
f 355/662/742 356/664/744 372/665/745 371/663/743
f 356/664/744 357/666/746 372/665/745
f 357/666/746 358/667/747 373/668/748 372/665/745
f 358/667/747 359/669/749 373/668/748
f 359/669/749 360/670/750 374/671/751 373/668/748
f 360/670/750 361/672/752 375/673/753 374/671/751
f 361/672/752 362/674/754 375/673/753
f 362/674/754 363/675/755 376/676/756 375/673/753
f 363/675/755 364/677/757 376/676/756
f 364/677/757 365/678/758 377/679/759 376/676/756
f 365/678/758 346/648/728 366/650/730 377/679/759
s off
f 366/680/760 367/681/761 379/682/762 378/683/763
s 4
f 367/681/764 368/684/765 380/685/766 379/682/767
f 368/686/765 369/687/768 381/688/769 380/689/766
s off
f 369/687/770 370/690/771 382/691/772 381/688/773
s 5
f 370/690/774 371/692/775 383/693/776 382/691/777
f 371/692/775 372/694/778 384/695/779 383/693/776
s off
f 372/694/780 373/696/781 385/697/782 384/695/783
s 6
f 373/696/784 374/698/785 386/699/786 385/697/787
f 374/698/785 375/700/788 387/701/789 386/699/786
s off
f 375/700/790 376/702/791 388/703/792 387/701/793
s 7
f 376/702/794 377/704/795 389/705/796 388/703/797
f 377/704/795 366/680/798 378/683/799 389/705/796
s off
f 378/706/800 379/707/801 391/636/802 390/635/803
s 8
f 379/707/804 380/708/805 393/638/806 391/636/807
f 380/708/805 381/709/808 394/639/809 393/638/806
s off
f 381/709/810 382/710/811 395/640/812 394/639/813
s 9
f 382/710/814 383/711/815 396/641/816 395/640/817
f 383/711/815 384/712/818 397/642/819 396/641/816
s off
f 384/712/820 385/713/821 398/643/822 397/642/823
s 10
f 385/713/824 386/714/825 399/644/826 398/643/827
f 386/714/825 387/715/828 400/645/829 399/644/826
s off
f 387/715/830 388/716/831 401/646/832 400/645/833
s 11
f 388/716/834 389/717/835 402/647/836 401/646/837
f 389/717/835 378/706/838 390/635/839 402/647/836
g default
v 0.411333 0.864241 5.667016
v 0.395067 0.896163 5.667016
v 0.369734 0.921497 5.667016
v 0.337811 0.937762 5.667016
v 0.302425 0.943367 5.667016
v 0.267038 0.937762 5.667016
v 0.235116 0.921497 5.667016
v 0.209782 0.896163 5.667016
v 0.193516 0.864241 5.667016
v 0.187912 0.828854 5.667016
v 0.193516 0.793468 5.667016
v 0.209782 0.761545 5.667016
v 0.235116 0.736211 5.667016
v 0.267038 0.719946 5.667016
v 0.302425 0.714341 5.667016
v 0.337811 0.719946 5.667016
v 0.369734 0.736211 5.667016
v 0.395067 0.761545 5.667016
v 0.411333 0.793468 5.667016
v 0.416937 0.828854 5.667016
v 0.411333 0.864241 5.986085
v 0.395067 0.896163 5.986085
v 0.369734 0.921497 5.986085
v 0.337811 0.937762 5.986085
v 0.302425 0.943367 5.986085
v 0.267038 0.937762 5.986085
v 0.235116 0.921497 5.986085
v 0.209782 0.896163 5.986085
v 0.193516 0.864241 5.986085
v 0.187912 0.828854 5.986085
v 0.193516 0.793468 5.986085
v 0.209782 0.761545 5.986085
v 0.235116 0.736211 5.986085
v 0.267038 0.719946 5.986085
v 0.302425 0.714341 5.986085
v 0.337811 0.719946 5.986085
v 0.369734 0.736211 5.986085
v 0.395067 0.761545 5.986085
v 0.411333 0.793468 5.986085
v 0.416937 0.828854 5.986085
v 0.373648 0.853187 5.986085
v 0.326757 0.900077 5.986085
v 0.302425 0.900077 5.986085
v 0.278092 0.900077 5.986085
v 0.231201 0.853187 5.986085
v 0.231201 0.828854 5.986085
v 0.231201 0.804521 5.986085
v 0.278092 0.757631 5.986085
v 0.302425 0.757631 5.986085
v 0.326757 0.757631 5.986085
v 0.373648 0.804521 5.986085
v 0.373648 0.828854 5.986085
v 0.373648 0.853187 5.900633
v 0.326757 0.900077 5.900633
v 0.302425 0.900077 5.900633
v 0.278092 0.900077 5.900633
v 0.231201 0.853187 5.900633
v 0.231201 0.828854 5.900633
v 0.231201 0.804521 5.900633
v 0.278092 0.757631 5.900633
v 0.302425 0.757631 5.900633
v 0.326757 0.757631 5.900633
v 0.373648 0.804521 5.900633
v 0.373648 0.828854 5.900633
v 0.354090 0.846505 5.879674
v 0.320077 0.880519 5.879674
v 0.302425 0.828854 5.879674
v 0.302425 0.880519 5.879674
v 0.284772 0.880519 5.879674
v 0.250759 0.846505 5.879674
v 0.250759 0.828854 5.879674
v 0.250759 0.811203 5.879674
v 0.284774 0.777189 5.879674
v 0.302425 0.777189 5.879674
v 0.320076 0.777189 5.879674
v 0.354090 0.811203 5.879674
v 0.354090 0.828854 5.879674
vt 3.690181 0.574810
vt 3.694750 0.574810
vt 3.694749 0.616111
vt 3.690180 0.616110
vt 3.699319 0.574809
vt 3.699318 0.616111
vt 3.703888 0.574809
vt 3.703887 0.616112
vt 3.708457 0.574809
vt 3.708456 0.616112
vt 3.617077 0.574794
vt 3.621645 0.574799
vt 3.621642 0.616118
vt 3.617073 0.616123
vt 3.626214 0.574802
vt 3.626212 0.616115
vt 3.630783 0.574805
vt 3.630781 0.616112
vt 3.635352 0.574807
vt 3.635350 0.616110
vt 3.639921 0.574809
vt 3.639920 0.616109
vt 3.644490 0.574811
vt 3.644489 0.616107
vt 3.649059 0.574813
vt 3.649059 0.616105
vt 3.653627 0.574813
vt 3.653627 0.616105
vt 3.658197 0.574814
vt 3.658196 0.616105
vt 3.662766 0.574814
vt 3.662766 0.616105
vt 3.667335 0.574815
vt 3.667335 0.616105
vt 3.671904 0.574815
vt 3.671904 0.616105
vt 3.676473 0.574815
vt 3.676473 0.616105
vt 3.681042 0.574814
vt 3.681042 0.616105
vt 3.685611 0.574813
vt 3.685611 0.616107
vt 3.705809 0.528879
vt 3.705679 0.543357
vt 3.691459 0.536098
vt 3.702147 0.546998
vt 3.698501 0.550531
vt 3.684266 0.550515
vt 3.680628 0.547041
vt 3.677078 0.543462
vt 3.676955 0.529233
vt 3.680405 0.525527
vt 3.683975 0.521917
vt 3.698406 0.521701
vt 3.702159 0.525189
vt 3.607104 0.557087
vt 3.604037 0.547685
vt 3.616082 0.552045
vt 3.604533 0.538769
vt 3.616109 0.534839
vt 3.607088 0.529905
vt 3.612539 0.522251
vt 3.620532 0.530272
vt 3.619980 0.516660
vt 3.624994 0.525601
vt 3.628714 0.513665
vt 3.638003 0.513475
vt 3.642354 0.525276
vt 3.646939 0.516125
vt 3.654654 0.521430
vt 3.646922 0.529692
vt 3.660367 0.528878
vt 3.651518 0.534091
vt 3.663484 0.537827
vt 3.663633 0.547274
vt 3.651726 0.551378
vt 3.660726 0.556341
vt 3.655195 0.563930
vt 3.647243 0.555895
vt 3.647741 0.569384
vt 3.642775 0.560404
vt 3.639087 0.572350
vt 3.629846 0.572547
vt 3.625480 0.560800
vt 3.621011 0.570030
vt 3.613108 0.564821
vt 3.620733 0.556446
vt 3.671198 0.571796
vt 3.663459 0.571810
vt 3.663471 0.561847
vt 3.671190 0.561869
vt 3.660622 0.571812
vt 3.660635 0.561841
vt 3.714234 0.571836
vt 3.711398 0.571833
vt 3.711400 0.561878
vt 3.714237 0.561879
vt 3.703666 0.571831
vt 3.703673 0.561871
vt 3.700830 0.571830
vt 3.700837 0.561869
vt 3.697994 0.571830
vt 3.698001 0.561866
vt 3.690263 0.571826
vt 3.690273 0.561861
vt 3.687427 0.571826
vt 3.687437 0.561858
vt 3.684589 0.571827
vt 3.684602 0.561854
vt 3.676864 0.571821
vt 3.676868 0.561851
vt 3.674030 0.571813
vt 3.674030 0.561856
vt 3.713707 0.525459
vt 3.713729 0.546932
vt 3.708252 0.553280
vt 3.701793 0.558489
vt 3.680841 0.558590
vt 3.674486 0.553287
vt 3.669192 0.546977
vt 3.668807 0.526047
vt 3.674001 0.519555
vt 3.680279 0.514111
vt 3.701611 0.513568
vt 3.708289 0.518942
vn 0.951057 0.309016 0.000000
vn 0.809017 0.587786 0.000000
vn 0.809017 0.587786 0.000000
vn 0.951057 0.309016 0.000000
vn 0.587785 0.809017 0.000000
vn 0.587785 0.809017 0.000000
vn 0.309017 0.951056 0.000000
vn 0.309017 0.951056 0.000000
vn -0.000000 1.000000 0.000000
vn -0.000000 1.000000 0.000000
vn -0.309017 0.951057 0.000000
vn -0.309017 0.951057 0.000000
vn -0.587786 0.809017 0.000000
vn -0.587786 0.809017 0.000000
vn -0.809018 0.587784 0.000000
vn -0.809018 0.587784 0.000000
vn -0.951057 0.309017 0.000000
vn -0.951057 0.309017 0.000000
vn -1.000000 0.000000 0.000000
vn -1.000000 0.000000 0.000000
vn -0.951056 -0.309017 0.000000
vn -0.951056 -0.309017 0.000000
vn -0.809017 -0.587785 0.000000
vn -0.809017 -0.587785 0.000000
vn -0.587785 -0.809017 0.000000
vn -0.587785 -0.809017 0.000000
vn -0.309017 -0.951057 0.000000
vn -0.309017 -0.951057 0.000000
vn 0.000000 -1.000000 0.000000
vn 0.000000 -1.000000 0.000000
vn 0.309017 -0.951056 0.000000
vn 0.309017 -0.951056 0.000000
vn 0.587786 -0.809017 0.000000
vn 0.587786 -0.809017 0.000000
vn 0.809016 -0.587786 0.000000
vn 0.809016 -0.587786 0.000000
vn 0.951056 -0.309018 0.000000
vn 0.951056 -0.309018 0.000000
vn 1.000000 -0.000001 0.000000
vn 1.000000 -0.000001 0.000000
vn -0.000004 0.000000 1.000000
vn -0.000024 0.000003 1.000000
vn 0.000000 0.000000 1.000000
vn -0.000000 0.000009 1.000000
vn 0.000020 0.000003 1.000000
vn 0.000000 0.000000 1.000000
vn 0.000000 -0.000014 1.000000
vn -0.000013 -0.000006 1.000000
vn -0.000013 0.000002 1.000000
vn 0.000000 0.000000 1.000000
vn 0.000018 0.000002 1.000000
vn 0.000018 -0.000006 1.000000
vn 0.000000 -0.000014 1.000000
vn 0.000008 0.000000 1.000000
vn -0.000008 0.000000 1.000000
vn -0.000004 0.000000 1.000000
vn -0.000011 0.000000 1.000000
vn -0.000006 0.000000 1.000000
vn 0.000000 0.000000 1.000000
vn 0.000000 0.000000 1.000000
vn 0.000000 0.000000 1.000000
vn 0.000000 0.000000 1.000000
vn 0.000000 0.000000 1.000000
vn 0.000000 0.000000 1.000000
vn -0.000006 0.000000 1.000000
vn -0.000004 0.000000 1.000000
vn -0.000015 0.000000 1.000000
vn 0.000000 0.000000 1.000000
vn 0.000000 0.000000 1.000000
vn -0.000008 0.000000 1.000000
vn -0.000002 0.000000 1.000000
vn -0.000003 0.000000 1.000000
vn 0.000003 0.000000 1.000000
vn 0.000002 0.000000 1.000000
vn 0.000008 0.000000 1.000000
vn 0.000000 0.000000 1.000000
vn 0.000000 0.000000 1.000000
vn 0.000000 0.000000 1.000000
vn 0.000003 0.000000 1.000000
vn 0.000006 0.000000 1.000000
vn 0.000011 0.000000 1.000000
vn 0.000008 0.000000 1.000000
vn 0.000015 0.000000 1.000000
vn 0.000000 0.000000 1.000000
vn 0.000000 0.000000 1.000000
vn -0.707108 -0.707106 0.000000
vn -0.707108 -0.707106 0.000000
vn -0.707108 -0.707106 0.000000
vn -0.707108 -0.707106 0.000000
vn -0.000004 -1.000000 0.000000
vn -0.000000 -1.000000 0.000000
vn -0.000000 -1.000000 0.000000
vn -0.000004 -1.000000 0.000000
vn 0.000004 -1.000000 0.000000
vn 0.000004 -1.000000 0.000000
vn 0.707107 -0.707106 0.000000
vn 0.707107 -0.707106 0.000000
vn 0.707107 -0.707106 0.000000
vn 0.707107 -0.707106 0.000000
vn 1.000000 0.000000 0.000000
vn 1.000000 0.000001 0.000000
vn 1.000000 0.000001 0.000000
vn 1.000000 0.000000 0.000000
vn 1.000000 0.000003 0.000001
vn 1.000000 0.000003 0.000001
vn 0.707107 0.707106 0.000001
vn 0.707107 0.707106 0.000001
vn 0.707107 0.707106 0.000001
vn 0.707107 0.707106 0.000001
vn 0.000000 1.000000 -0.000000
vn 0.000000 1.000000 -0.000000
vn 0.000000 1.000000 -0.000000
vn 0.000000 1.000000 -0.000000
vn 0.000000 1.000000 0.000000
vn 0.000000 1.000000 0.000000
vn -0.707108 0.707106 0.000000
vn -0.707108 0.707106 0.000000
vn -0.707108 0.707106 0.000000
vn -0.707108 0.707106 0.000000
vn -1.000000 0.000002 0.000000
vn -1.000000 0.000000 0.000000
vn -1.000000 0.000000 0.000000
vn -1.000000 0.000002 0.000000
vn -1.000000 -0.000002 0.000000
vn -1.000000 -0.000002 0.000000
vn -0.529445 -0.529445 0.662854
vn -0.529445 -0.529445 0.662854
vn -0.529445 -0.529445 0.662854
vn -0.529445 -0.529445 0.662854
vn -0.000025 -0.731112 0.682257
vn -0.000000 -0.731112 0.682257
vn -0.000000 -0.731112 0.682257
vn -0.000025 -0.731112 0.682257
vn 0.000025 -0.731112 0.682257
vn 0.000025 -0.731112 0.682257
vn 0.529446 -0.529446 0.662853
vn 0.529446 -0.529446 0.662853
vn 0.529446 -0.529446 0.662853
vn 0.529446 -0.529446 0.662853
vn 0.731104 0.000000 0.682266
vn 0.731108 -0.000002 0.682262
vn 0.731108 -0.000002 0.682262
vn 0.731104 0.000000 0.682266
vn 0.731111 -0.000005 0.682258
vn 0.731111 -0.000005 0.682258
vn 0.529442 0.529447 0.662855
vn 0.529442 0.529447 0.662855
vn 0.529442 0.529447 0.662855
vn 0.529442 0.529447 0.662855
vn 0.000000 0.731109 0.682261
vn 0.000000 0.731109 0.682260
vn 0.000000 0.731109 0.682260
vn 0.000000 0.731109 0.682261
vn 0.000000 0.731110 0.682260
vn 0.000000 0.731110 0.682260
vn -0.529446 0.529445 0.662854
vn -0.529446 0.529445 0.662854
vn -0.529446 0.529445 0.662854
vn -0.529446 0.529445 0.662854
vn -0.731110 -0.000005 0.682260
vn -0.731107 -0.000005 0.682263
vn -0.731107 -0.000005 0.682263
vn -0.731110 -0.000005 0.682260
vn -0.731104 -0.000005 0.682266
vn -0.731104 -0.000005 0.682266
s 1
g CP2077Quasar_LOD0 Backplate_Bolt_Bottom2
usemtl ShinyMetal_bolts
f 403/718/840 404/719/841 424/720/842 423/721/843
f 404/719/841 405/722/844 425/723/845 424/720/842
f 405/722/844 406/724/846 426/725/847 425/723/845
f 406/724/846 407/726/848 427/727/849 426/725/847
f 407/728/848 408/729/850 428/730/851 427/731/849
f 408/729/850 409/732/852 429/733/853 428/730/851
f 409/732/852 410/734/854 430/735/855 429/733/853
f 410/734/854 411/736/856 431/737/857 430/735/855
f 411/736/856 412/738/858 432/739/859 431/737/857
f 412/738/858 413/740/860 433/741/861 432/739/859
f 413/740/860 414/742/862 434/743/863 433/741/861
f 414/742/862 415/744/864 435/745/865 434/743/863
f 415/744/864 416/746/866 436/747/867 435/745/865
f 416/746/866 417/748/868 437/749/869 436/747/867
f 417/748/868 418/750/870 438/751/871 437/749/869
f 418/750/870 419/752/872 439/753/873 438/751/871
f 419/752/872 420/754/874 440/755/875 439/753/873
f 420/754/874 421/756/876 441/757/877 440/755/875
f 421/756/876 422/758/878 442/759/879 441/757/877
f 422/758/878 403/718/840 423/721/843 442/759/879
s 2
f 467/760/880 468/761/881 469/762/882
f 468/761/881 470/763/883 469/762/882
f 470/763/883 471/764/884 469/762/882
f 471/764/884 472/765/885 469/762/882
f 472/765/885 473/766/886 469/762/882
f 473/766/886 474/767/887 469/762/882
f 474/767/887 475/768/888 469/762/882
f 475/768/888 476/769/889 469/762/882
f 476/769/889 477/770/890 469/762/882
f 477/770/890 478/771/891 469/762/882
f 478/771/891 479/772/892 469/762/882
f 479/772/892 467/760/880 469/762/882
s 3
f 423/773/893 424/774/894 443/775/895
f 424/774/894 425/776/896 444/777/897 443/775/895
f 425/776/896 426/778/898 444/777/897
f 426/778/898 427/779/899 445/780/900 444/777/897
f 427/779/899 428/781/901 446/782/902 445/780/900
f 428/781/901 429/783/903 446/782/902
f 429/783/903 430/784/904 447/785/905 446/782/902
f 430/784/904 431/786/906 447/785/905
f 431/786/906 432/787/907 448/788/908 447/785/905
f 432/787/907 433/789/909 449/790/910 448/788/908
f 433/789/909 434/791/911 449/790/910
f 434/791/911 435/792/912 450/793/913 449/790/910
f 435/792/912 436/794/914 450/793/913
f 436/794/914 437/795/915 451/796/916 450/793/913
f 437/795/915 438/797/917 452/798/918 451/796/916
f 438/797/917 439/799/919 452/798/918
f 439/799/919 440/800/920 453/801/921 452/798/918
f 440/800/920 441/802/922 453/801/921
f 441/802/922 442/803/923 454/804/924 453/801/921
f 442/803/923 423/773/893 443/775/895 454/804/924
s off
f 443/805/925 444/806/926 456/807/927 455/808/928
s 4
f 444/806/929 445/809/930 457/810/931 456/807/932
f 445/811/930 446/812/933 458/813/934 457/814/931
s off
f 446/812/935 447/815/936 459/816/937 458/813/938
s 5
f 447/815/939 448/817/940 460/818/941 459/816/942
f 448/817/940 449/819/943 461/820/944 460/818/941
s off
f 449/819/945 450/821/946 462/822/947 461/820/948
s 6
f 450/821/949 451/823/950 463/824/951 462/822/952
f 451/823/950 452/825/953 464/826/954 463/824/951
s off
f 452/825/955 453/827/956 465/828/957 464/826/958
s 7
f 453/827/959 454/829/960 466/830/961 465/828/962
f 454/829/960 443/805/963 455/808/964 466/830/961
s off
f 455/831/965 456/832/966 468/761/967 467/760/968
s 8
f 456/832/969 457/833/970 470/763/971 468/761/972
f 457/833/970 458/834/973 471/764/974 470/763/971
s off
f 458/834/975 459/835/976 472/765/977 471/764/978
s 9
f 459/835/979 460/836/980 473/766/981 472/765/982
f 460/836/980 461/837/983 474/767/984 473/766/981
s off
f 461/837/985 462/838/986 475/768/987 474/767/988
s 10
f 462/838/989 463/839/990 476/769/991 475/768/992
f 463/839/990 464/840/993 477/770/994 476/769/991
s off
f 464/840/995 465/841/996 478/771/997 477/770/998
s 11
f 465/841/999 466/842/1000 479/772/1001 478/771/1002
f 466/842/1000 455/831/1003 467/760/1004 479/772/1001
g default
v 0.411898 1.950052 5.663171
v 0.395594 1.982051 5.663171
v 0.370200 2.007446 5.663171
v 0.338201 2.023750 5.663171
v 0.302730 2.029368 5.663171
v 0.267259 2.023750 5.663171
v 0.235260 2.007446 5.663171
v 0.209866 1.982051 5.663171
v 0.193562 1.950052 5.663171
v 0.187944 1.914582 5.663171
v 0.193562 1.879111 5.663171
v 0.209866 1.847112 5.663171
v 0.235260 1.821718 5.663171
v 0.267259 1.805414 5.663171
v 0.302730 1.799796 5.663171
v 0.338201 1.805414 5.663171
v 0.370200 1.821718 5.663171
v 0.395594 1.847112 5.663171
v 0.411898 1.879111 5.663171
v 0.417516 1.914582 5.663171
v 0.411898 1.950052 5.989930
v 0.395594 1.982051 5.989930
v 0.370200 2.007446 5.989930
v 0.338201 2.023750 5.989930
v 0.302730 2.029368 5.989930
v 0.267259 2.023750 5.989930
v 0.235260 2.007446 5.989930
v 0.209866 1.982051 5.989930
v 0.193562 1.950052 5.989930
v 0.187944 1.914582 5.989930
v 0.193562 1.879111 5.989930
v 0.209866 1.847112 5.989930
v 0.235260 1.821718 5.989930
v 0.267259 1.805413 5.989930
v 0.302730 1.799796 5.989930
v 0.338201 1.805413 5.989930
v 0.370200 1.821718 5.989930
v 0.395594 1.847112 5.989930
v 0.411898 1.879111 5.989930
v 0.417516 1.914582 5.989930
v 0.374123 1.938972 5.989930
v 0.327121 1.985975 5.989930
v 0.302730 1.985975 5.989930
v 0.278339 1.985975 5.989930
v 0.231337 1.938972 5.989930
v 0.231337 1.914582 5.989930
v 0.231337 1.890191 5.989930
v 0.278339 1.843188 5.989930
v 0.302730 1.843188 5.989930
v 0.327121 1.843188 5.989930
v 0.374123 1.890191 5.989930
v 0.374123 1.914582 5.989930
v 0.374123 1.938973 5.902418
v 0.327121 1.985975 5.902418
v 0.302730 1.985975 5.902418
v 0.278339 1.985975 5.902418
v 0.231337 1.938973 5.902418
v 0.231337 1.914582 5.902418
v 0.231337 1.890191 5.902418
v 0.278339 1.843188 5.902418
v 0.302730 1.843188 5.902418
v 0.327121 1.843188 5.902418
v 0.374123 1.890191 5.902418
v 0.374123 1.914582 5.902418
v 0.354518 1.932275 5.880954
v 0.320424 1.966370 5.880955
v 0.302730 1.914582 5.880955
v 0.302730 1.966370 5.880954
v 0.285035 1.966370 5.880955
v 0.250941 1.932275 5.880954
v 0.250941 1.914582 5.880954
v 0.250942 1.896889 5.880954
v 0.285037 1.862793 5.880955
v 0.302730 1.862793 5.880955
v 0.320423 1.862793 5.880955
v 0.354519 1.896889 5.880954
v 0.354519 1.914582 5.880954
vt 1.690053 0.574721
vt 1.694613 0.574717
vt 1.694618 0.616196
vt 1.690058 0.616193
vt 1.699174 0.574714
vt 1.699178 0.616198
vt 1.703735 0.574712
vt 1.703738 0.616200
vt 1.708295 0.574711
vt 1.708298 0.616201
vt 1.617086 0.574717
vt 1.621647 0.574715
vt 1.621650 0.616207
vt 1.617090 0.616206
vt 1.626208 0.574715
vt 1.626210 0.616207
vt 1.630768 0.574715
vt 1.630771 0.616206
vt 1.635328 0.574714
vt 1.635331 0.616207
vt 1.639889 0.574711
vt 1.639891 0.616209
vt 1.644450 0.574709
vt 1.644452 0.616210
vt 1.649010 0.574709
vt 1.649012 0.616210
vt 1.653571 0.574708
vt 1.653572 0.616211
vt 1.658131 0.574706
vt 1.658133 0.616211
vt 1.662692 0.574705
vt 1.662693 0.616212
vt 1.667252 0.574706
vt 1.667254 0.616211
vt 1.671813 0.574708
vt 1.671814 0.616208
vt 1.676373 0.574709
vt 1.676375 0.616206
vt 1.680933 0.574711
vt 1.680935 0.616205
vt 1.685493 0.574715
vt 1.685496 0.616200
vt 1.705908 0.528882
vt 1.705815 0.543317
vt 1.691637 0.536109
vt 1.702308 0.546951
vt 1.698679 0.550472
vt 1.684487 0.550470
vt 1.680860 0.547019
vt 1.677321 0.543461
vt 1.677173 0.529290
vt 1.680599 0.525597
vt 1.684146 0.522001
vt 1.698519 0.521754
vt 1.702266 0.525215
vt 1.607285 0.557020
vt 1.604237 0.547631
vt 1.616294 0.551991
vt 1.604731 0.538728
vt 1.616297 0.534765
vt 1.607278 0.529868
vt 1.612738 0.522243
vt 1.620761 0.530224
vt 1.620185 0.516689
vt 1.625247 0.525648
vt 1.628888 0.513677
vt 1.638121 0.513455
vt 1.642478 0.525228
vt 1.647063 0.516072
vt 1.654824 0.521365
vt 1.647035 0.529605
vt 1.660547 0.528853
vt 1.651650 0.533983
vt 1.663661 0.537843
vt 1.663814 0.547298
vt 1.651964 0.551339
vt 1.660925 0.556326
vt 1.655403 0.563895
vt 1.647442 0.555863
vt 1.647929 0.569384
vt 1.642959 0.560416
vt 1.639238 0.572358
vt 1.629946 0.572564
vt 1.625519 0.560830
vt 1.621082 0.570031
vt 1.613229 0.564754
vt 1.620901 0.556354
vt 1.671116 0.571840
vt 1.663393 0.571877
vt 1.663311 0.561917
vt 1.671095 0.561852
vt 1.660552 0.571910
vt 1.660635 0.561841
vt 1.714269 0.571930
vt 1.711424 0.571924
vt 1.711447 0.561945
vt 1.714291 0.561952
vt 1.703671 0.571907
vt 1.703693 0.561929
vt 1.700825 0.571903
vt 1.700849 0.561921
vt 1.697981 0.571895
vt 1.698003 0.561915
vt 1.690228 0.571878
vt 1.690249 0.561899
vt 1.687383 0.571873
vt 1.687404 0.561891
vt 1.684539 0.571866
vt 1.684558 0.561885
vt 1.676790 0.571852
vt 1.676800 0.561866
vt 1.673951 0.571847
vt 1.673950 0.561859
vt 1.713846 0.525408
vt 1.713938 0.546888
vt 1.708475 0.553282
vt 1.701984 0.558484
vt 1.681046 0.558608
vt 1.674674 0.553323
vt 1.669385 0.547008
vt 1.668956 0.526102
vt 1.674130 0.519588
vt 1.680410 0.514149
vt 1.701713 0.513550
vt 1.708419 0.518896
vn 0.951057 0.309017 0.000000
vn 0.809017 0.587785 0.000000
vn 0.809017 0.587785 0.000000
vn 0.951057 0.309017 0.000000
vn 0.587787 0.809016 0.000000
vn 0.587787 0.809016 0.000000
vn 0.309016 0.951057 0.000000
vn 0.309016 0.951057 0.000000
vn 0.000000 1.000000 0.000000
vn 0.000000 1.000000 0.000000
vn -0.309015 0.951057 0.000000
vn -0.309015 0.951057 0.000000
vn -0.587787 0.809016 0.000000
vn -0.587787 0.809016 0.000000
vn -0.809018 0.587784 0.000000
vn -0.809018 0.587784 0.000000
vn -0.951057 0.309017 0.000000
vn -0.951057 0.309017 0.000000
vn -1.000000 -0.000000 0.000000
vn -1.000000 -0.000000 0.000000
vn -0.951056 -0.309018 0.000000
vn -0.951056 -0.309018 0.000000
vn -0.809017 -0.587786 0.000000
vn -0.809017 -0.587785 0.000000
vn -0.587784 -0.809018 -0.000000
vn -0.587785 -0.809017 -0.000000
vn -0.309015 -0.951057 -0.000000
vn -0.309015 -0.951057 -0.000000
vn -0.000000 -1.000000 -0.000001
vn -0.000000 -1.000000 -0.000001
vn 0.309015 -0.951057 -0.000001
vn 0.309015 -0.951057 -0.000001
vn 0.587784 -0.809018 -0.000000
vn 0.587784 -0.809018 -0.000000
vn 0.809017 -0.587785 0.000000
vn 0.809017 -0.587785 0.000000
vn 0.951057 -0.309016 0.000000
vn 0.951057 -0.309016 0.000000
vn 1.000000 -0.000001 0.000000
vn 1.000000 -0.000001 0.000000
vn 0.000009 -0.000002 1.000000
vn 0.000004 0.000000 1.000000
vn -0.000000 0.000001 1.000000
vn 0.000000 0.000009 1.000000
vn 0.000000 0.000000 1.000000
vn -0.000005 -0.000002 1.000000
vn -0.000016 -0.000000 1.000000
vn -0.000009 0.000002 1.000000
vn -0.000004 0.000002 1.000000
vn 0.000000 0.000000 1.000000
vn 0.000000 0.000002 1.000000
vn 0.000005 0.000002 1.000000
vn 0.000016 0.000000 1.000000
vn -0.000012 0.000000 1.000000
vn -0.000001 0.000000 1.000000
vn -0.000006 0.000000 1.000000
vn 0.000000 0.000000 1.000000
vn -0.000005 0.000000 1.000000
vn -0.000008 0.000000 1.000000
vn -0.000006 0.000000 1.000000
vn -0.000006 0.000000 1.000000
vn 0.000000 0.000000 1.000000
vn 0.000003 0.000000 1.000000
vn 0.000006 0.000000 1.000000
vn 0.000006 0.000000 1.000000
vn 0.000006 0.000000 1.000000
vn 0.000004 0.000000 1.000000
vn 0.000009 0.000000 1.000000
vn 0.000009 0.000000 1.000000
vn 0.000012 0.000000 1.000000
vn 0.000006 0.000000 1.000000
vn 0.000001 0.000000 1.000000
vn 0.000000 0.000000 1.000000
vn 0.000005 0.000000 1.000000
vn 0.000008 0.000000 1.000000
vn 0.000006 0.000000 1.000000
vn 0.000006 0.000000 1.000000
vn 0.000000 0.000000 1.000000
vn -0.000003 0.000000 1.000000
vn -0.000006 0.000000 1.000000
vn -0.000006 0.000000 1.000000
vn -0.000006 0.000000 1.000000
vn -0.000004 0.000000 1.000000
vn -0.000009 0.000000 1.000000
vn -0.000009 0.000000 1.000000
vn -0.707106 -0.707108 0.000000
vn -0.707106 -0.707108 0.000000
vn -0.707106 -0.707108 0.000000
vn -0.707106 -0.707108 0.000000
vn -0.000005 -1.000000 0.000000
vn 0.000000 -1.000000 0.000000
vn 0.000000 -1.000000 0.000000
vn -0.000005 -1.000000 0.000000
vn 0.000005 -1.000000 0.000000
vn 0.000005 -1.000000 0.000000
vn 0.707105 -0.707109 -0.000001
vn 0.707105 -0.707109 -0.000001
vn 0.707105 -0.707109 -0.000001
vn 0.707105 -0.707109 -0.000001
vn 1.000000 -0.000002 0.000000
vn 1.000000 0.000001 0.000000
vn 1.000000 0.000001 0.000000
vn 1.000000 -0.000002 0.000000
vn 1.000000 0.000004 0.000001
vn 1.000000 0.000004 0.000001
vn 0.707107 0.707106 0.000000
vn 0.707107 0.707106 0.000000
vn 0.707107 0.707106 0.000000
vn 0.707107 0.707106 0.000000
vn 0.000000 1.000000 -0.000000
vn 0.000000 1.000000 -0.000000
vn 0.000000 1.000000 -0.000000
vn 0.000000 1.000000 -0.000000
vn 0.000000 1.000000 0.000000
vn 0.000000 1.000000 0.000000
vn -0.707108 0.707106 0.000000
vn -0.707108 0.707106 0.000000
vn -0.707108 0.707106 0.000000
vn -0.707108 0.707106 0.000000
vn -1.000000 0.000002 0.000000
vn -1.000000 0.000000 0.000000
vn -1.000000 0.000000 0.000000
vn -1.000000 0.000002 0.000000
vn -1.000000 -0.000002 0.000000
vn -1.000000 -0.000002 0.000000
vn -0.534400 -0.534395 0.654858
vn -0.534400 -0.534395 0.654858
vn -0.534400 -0.534395 0.654858
vn -0.534400 -0.534395 0.654858
vn 0.000000 -0.738360 0.674407
vn 0.000000 -0.738359 0.674408
vn 0.000000 -0.738359 0.674408
vn 0.000000 -0.738360 0.674407
vn 0.000000 -0.738358 0.674409
vn 0.000000 -0.738358 0.674409
vn 0.534406 -0.534391 0.654856
vn 0.534406 -0.534391 0.654856
vn 0.534406 -0.534391 0.654856
vn 0.534406 -0.534391 0.654856
vn 0.738358 -0.000002 0.674409
vn 0.738357 0.000002 0.674410
vn 0.738357 0.000002 0.674410
vn 0.738358 -0.000002 0.674409
vn 0.738357 0.000005 0.674410
vn 0.738357 0.000005 0.674410
vn 0.534380 0.534396 0.654873
vn 0.534380 0.534396 0.654873
vn 0.534380 0.534396 0.654873
vn 0.534380 0.534396 0.654873
vn 0.000000 0.738348 0.674419
vn 0.000000 0.738350 0.674417
vn 0.000000 0.738350 0.674417
vn 0.000000 0.738349 0.674419
vn 0.000000 0.738352 0.674415
vn 0.000000 0.738352 0.674415
vn -0.534381 0.534393 0.654875
vn -0.534381 0.534393 0.654875
vn -0.534381 0.534393 0.654875
vn -0.534381 0.534393 0.654875
vn -0.738355 0.000000 0.674413
vn -0.738356 -0.000002 0.674411
vn -0.738356 -0.000002 0.674411
vn -0.738355 0.000000 0.674413
vn -0.738357 -0.000005 0.674410
vn -0.738357 -0.000005 0.674410
s 1
g CP2077Quasar_LOD0 Backplate_Bolt_Middle
usemtl ShinyMetal_bolts
f 480/843/1005 481/844/1006 501/845/1007 500/846/1008
f 481/844/1006 482/847/1009 502/848/1010 501/845/1007
f 482/847/1009 483/849/1011 503/850/1012 502/848/1010
f 483/849/1011 484/851/1013 504/852/1014 503/850/1012
f 484/853/1013 485/854/1015 505/855/1016 504/856/1014
f 485/854/1015 486/857/1017 506/858/1018 505/855/1016
f 486/857/1017 487/859/1019 507/860/1020 506/858/1018
f 487/859/1019 488/861/1021 508/862/1022 507/860/1020
f 488/861/1021 489/863/1023 509/864/1024 508/862/1022
f 489/863/1023 490/865/1025 510/866/1026 509/864/1024
f 490/865/1025 491/867/1027 511/868/1028 510/866/1026
f 491/867/1027 492/869/1029 512/870/1030 511/868/1028
f 492/869/1029 493/871/1031 513/872/1032 512/870/1030
f 493/871/1031 494/873/1033 514/874/1034 513/872/1032
f 494/873/1033 495/875/1035 515/876/1036 514/874/1034
f 495/875/1035 496/877/1037 516/878/1038 515/876/1036
f 496/877/1037 497/879/1039 517/880/1040 516/878/1038
f 497/879/1039 498/881/1041 518/882/1042 517/880/1040
f 498/881/1041 499/883/1043 519/884/1044 518/882/1042
f 499/883/1043 480/843/1005 500/846/1008 519/884/1044
s 2
f 544/885/1045 545/886/1046 546/887/1047
f 545/886/1046 547/888/1048 546/887/1047
f 547/888/1048 548/889/1049 546/887/1047
f 548/889/1049 549/890/1050 546/887/1047
f 549/890/1050 550/891/1051 546/887/1047
f 550/891/1051 551/892/1052 546/887/1047
f 551/892/1052 552/893/1053 546/887/1047
f 552/893/1053 553/894/1054 546/887/1047
f 553/894/1054 554/895/1055 546/887/1047
f 554/895/1055 555/896/1056 546/887/1047
f 555/896/1056 556/897/1057 546/887/1047
f 556/897/1057 544/885/1045 546/887/1047
s 3
f 500/898/1058 501/899/1059 520/900/1060
f 501/899/1059 502/901/1061 521/902/1062 520/900/1060
f 502/901/1061 503/903/1063 521/902/1062
f 503/903/1063 504/904/1064 522/905/1065 521/902/1062
f 504/904/1064 505/906/1066 523/907/1067 522/905/1065
f 505/906/1066 506/908/1068 523/907/1067
f 506/908/1068 507/909/1069 524/910/1070 523/907/1067
f 507/909/1069 508/911/1071 524/910/1070
f 508/911/1071 509/912/1072 525/913/1073 524/910/1070
f 509/912/1072 510/914/1074 526/915/1075 525/913/1073
f 510/914/1074 511/916/1076 526/915/1075
f 511/916/1076 512/917/1077 527/918/1078 526/915/1075
f 512/917/1077 513/919/1079 527/918/1078
f 513/919/1079 514/920/1080 528/921/1081 527/918/1078
f 514/920/1080 515/922/1082 529/923/1083 528/921/1081
f 515/922/1082 516/924/1084 529/923/1083
f 516/924/1084 517/925/1085 530/926/1086 529/923/1083
f 517/925/1085 518/927/1087 530/926/1086
f 518/927/1087 519/928/1088 531/929/1089 530/926/1086
f 519/928/1088 500/898/1058 520/900/1060 531/929/1089
s off
f 520/930/1090 521/931/1091 533/932/1092 532/933/1093
s 4
f 521/931/1094 522/934/1095 534/935/1096 533/932/1097
f 522/936/1095 523/937/1098 535/938/1099 534/939/1096
s off
f 523/937/1100 524/940/1101 536/941/1102 535/938/1103
s 5
f 524/940/1104 525/942/1105 537/943/1106 536/941/1107
f 525/942/1105 526/944/1108 538/945/1109 537/943/1106
s off
f 526/944/1110 527/946/1111 539/947/1112 538/945/1113
s 6
f 527/946/1114 528/948/1115 540/949/1116 539/947/1117
f 528/948/1115 529/950/1118 541/951/1119 540/949/1116
s off
f 529/950/1120 530/952/1121 542/953/1122 541/951/1123
s 7
f 530/952/1124 531/954/1125 543/955/1126 542/953/1127
f 531/954/1125 520/930/1128 532/933/1129 543/955/1126
s off
f 532/956/1130 533/957/1131 545/886/1132 544/885/1133
s 8
f 533/957/1134 534/958/1135 547/888/1136 545/886/1137
f 534/958/1135 535/959/1138 548/889/1139 547/888/1136
s off
f 535/959/1140 536/960/1141 549/890/1142 548/889/1143
s 9
f 536/960/1144 537/961/1145 550/891/1146 549/890/1147
f 537/961/1145 538/962/1148 551/892/1149 550/891/1146
s off
f 538/962/1150 539/963/1151 552/893/1152 551/892/1153
s 10
f 539/963/1154 540/964/1155 553/894/1156 552/893/1157
f 540/964/1155 541/965/1158 554/895/1159 553/894/1156
s off
f 541/965/1160 542/966/1161 555/896/1162 554/895/1163
s 11
f 542/966/1164 543/967/1165 556/897/1166 555/896/1167
f 543/967/1165 532/956/1168 544/885/1169 556/897/1166
g default
v -0.156750 2.381520 5.596567
v -0.174764 2.416875 5.596567
v -0.202823 2.444934 5.596567
v -0.238178 2.462948 5.596567
v -0.277370 2.469155 5.596567
v -0.316561 2.462948 5.596567
v -0.351917 2.444934 5.596567
v -0.379975 2.416875 5.596567
v -0.397990 2.381520 5.596567
v -0.404197 2.342328 5.596567
v -0.397990 2.303136 5.596567
v -0.379975 2.267781 5.596567
v -0.351917 2.239723 5.596567
v -0.316561 2.221708 5.596567
v -0.277370 2.215501 5.596567
v -0.238178 2.221708 5.596567
v -0.202823 2.239723 5.596567
v -0.174764 2.267781 5.596567
v -0.156750 2.303136 5.596567
v -0.150542 2.342328 5.596567
v -0.156750 2.381520 5.985701
v -0.174764 2.416875 5.985701
v -0.202823 2.444934 5.985701
v -0.238178 2.462948 5.985701
v -0.277370 2.469156 5.985701
v -0.316561 2.462948 5.985701
v -0.351917 2.444934 5.985701
v -0.379975 2.416875 5.985701
v -0.397990 2.381520 5.985701
v -0.404197 2.342328 5.985701
v -0.397990 2.303136 5.985701
v -0.379975 2.267781 5.985701
v -0.351917 2.239723 5.985701
v -0.316561 2.221708 5.985701
v -0.277370 2.215501 5.985701
v -0.238178 2.221708 5.985701
v -0.202823 2.239723 5.985701
v -0.174764 2.267781 5.985701
v -0.156750 2.303136 5.985701
v -0.150542 2.342328 5.985701
v -0.198487 2.369277 5.985701
v -0.250420 2.421211 5.985701
v -0.277370 2.421211 5.985701
v -0.304319 2.421211 5.985701
v -0.356252 2.369277 5.985701
v -0.356252 2.342328 5.985701
v -0.356252 2.315379 5.985701
v -0.304319 2.263446 5.985701
v -0.277370 2.263446 5.985701
v -0.250420 2.263446 5.985701
v -0.198487 2.315379 5.985701
v -0.198487 2.342328 5.985701
v -0.198487 2.369277 5.881484
v -0.250420 2.421211 5.881484
v -0.277370 2.421211 5.881484
v -0.304319 2.421211 5.881484
v -0.356252 2.369277 5.881484
v -0.356252 2.342328 5.881484
v -0.356252 2.315379 5.881484
v -0.304319 2.263446 5.881484
v -0.277370 2.263446 5.881484
v -0.250420 2.263446 5.881484
v -0.198487 2.315379 5.881484
v -0.198487 2.342328 5.881484
v -0.220149 2.361877 5.855923
v -0.257819 2.399549 5.855923
v -0.277370 2.342328 5.855923
v -0.277370 2.399549 5.855923
v -0.296920 2.399549 5.855923
v -0.334591 2.361877 5.855923
v -0.334591 2.342328 5.855923
v -0.334591 2.322779 5.855923
v -0.296919 2.285107 5.855923
v -0.277370 2.285107 5.855923
v -0.257821 2.285107 5.855923
v -0.220149 2.322779 5.855923
v -0.220149 2.342328 5.855923
vt 0.689404 0.577430
vt 0.693967 0.577428
vt 0.693969 0.618880
vt 0.689407 0.618879
vt 0.698529 0.577427
vt 0.698531 0.618881
vt 0.703091 0.577426
vt 0.703094 0.618882
vt 0.707654 0.577425
vt 0.707656 0.618882
vt 0.616405 0.577435
vt 0.620968 0.577434
vt 0.620971 0.618879
vt 0.616408 0.618877
vt 0.625530 0.577432
vt 0.625533 0.618880
vt 0.630093 0.577430
vt 0.630095 0.618882
vt 0.634656 0.577427
vt 0.634657 0.618885
vt 0.639218 0.577425
vt 0.639219 0.618886
vt 0.643781 0.577424
vt 0.643782 0.618887
vt 0.648343 0.577423
vt 0.648344 0.618888
vt 0.652906 0.577423
vt 0.652906 0.618888
vt 0.657468 0.577422
vt 0.657469 0.618888
vt 0.662031 0.577422
vt 0.662031 0.618888
vt 0.666593 0.577422
vt 0.666594 0.618888
vt 0.671155 0.577421
vt 0.671156 0.618888
vt 0.675718 0.577422
vt 0.675719 0.618887
vt 0.680280 0.577423
vt 0.680281 0.618886
vt 0.684842 0.577426
vt 0.684844 0.618883
vt 0.698563 0.550146
vt 0.684266 0.550145
vt 0.691220 0.536169
vt 0.680651 0.546735
vt 0.677153 0.543197
vt 0.677043 0.529205
vt 0.680392 0.525613
vt 0.683851 0.522112
vt 0.697771 0.521834
vt 0.701428 0.525138
vt 0.704993 0.528562
vt 0.705423 0.542686
vt 0.702060 0.546408
vt 0.605977 0.557165
vt 0.602919 0.547771
vt 0.614900 0.552133
vt 0.603463 0.538836
vt 0.615086 0.534812
vt 0.606029 0.529956
vt 0.611467 0.522336
vt 0.619535 0.530299
vt 0.618873 0.516779
vt 0.623940 0.525738
vt 0.627568 0.513740
vt 0.636814 0.513478
vt 0.641212 0.525225
vt 0.645773 0.516064
vt 0.653552 0.521341
vt 0.645795 0.529597
vt 0.659285 0.528826
vt 0.650411 0.533976
vt 0.662394 0.537823
vt 0.662528 0.547299
vt 0.650643 0.551395
vt 0.659644 0.556340
vt 0.654169 0.563896
vt 0.646187 0.555876
vt 0.646742 0.569383
vt 0.641749 0.560423
vt 0.638095 0.572362
vt 0.628850 0.572574
vt 0.624453 0.560823
vt 0.619987 0.570069
vt 0.612044 0.564868
vt 0.619725 0.556488
vt 0.670309 0.572016
vt 0.662123 0.572027
vt 0.662133 0.561593
vt 0.670303 0.561613
vt 0.659122 0.572026
vt 0.659133 0.561591
vt 0.715846 0.572050
vt 0.712845 0.572052
vt 0.712844 0.561628
vt 0.715844 0.561634
vt 0.704662 0.572052
vt 0.704671 0.561619
vt 0.701661 0.572053
vt 0.701670 0.561614
vt 0.698661 0.572052
vt 0.698669 0.561612
vt 0.690480 0.572050
vt 0.690494 0.561604
vt 0.687478 0.572050
vt 0.687494 0.561600
vt 0.684476 0.572050
vt 0.684494 0.561597
vt 0.676305 0.572042
vt 0.676311 0.561595
vt 0.673306 0.572032
vt 0.673308 0.561601
vt 0.702272 0.558188
vt 0.680679 0.558523
vt 0.674172 0.553121
vt 0.668965 0.546592
vt 0.668673 0.525713
vt 0.673879 0.519284
vt 0.680186 0.514009
vt 0.700926 0.513361
vt 0.707506 0.518394
vt 0.712967 0.524606
vt 0.713898 0.545776
vt 0.708712 0.552611
vn 0.951057 0.309017 0.000000
vn 0.809016 0.587787 0.000000
vn 0.809016 0.587787 0.000000
vn 0.951057 0.309017 0.000000
vn 0.587785 0.809017 0.000000
vn 0.587785 0.809017 0.000000
vn 0.309016 0.951057 -0.000000
vn 0.309016 0.951057 -0.000000
vn -0.000000 1.000000 -0.000001
vn -0.000000 1.000000 -0.000001
vn -0.309016 0.951057 -0.000000
vn -0.309016 0.951057 -0.000000
vn -0.587786 0.809017 0.000000
vn -0.587786 0.809017 0.000000
vn -0.809017 0.587786 0.000000
vn -0.809017 0.587786 0.000000
vn -0.951057 0.309017 0.000000
vn -0.951057 0.309017 0.000000
vn -1.000000 0.000000 0.000000
vn -1.000000 0.000000 0.000000
vn -0.951056 -0.309019 0.000000
vn -0.951056 -0.309019 0.000000
vn -0.809016 -0.587786 0.000000
vn -0.809016 -0.587786 0.000000
vn -0.587786 -0.809017 0.000000
vn -0.587786 -0.809017 0.000000
vn -0.309019 -0.951056 0.000000
vn -0.309019 -0.951056 0.000000
vn 0.000000 -1.000000 0.000000
vn 0.000000 -1.000000 0.000000
vn 0.309019 -0.951056 0.000000
vn 0.309019 -0.951056 0.000000
vn 0.587785 -0.809017 0.000000
vn 0.587785 -0.809017 0.000000
vn 0.809016 -0.587786 0.000000
vn 0.809016 -0.587786 0.000000
vn 0.951056 -0.309018 0.000000
vn 0.951056 -0.309018 0.000000
vn 1.000000 -0.000002 0.000000
vn 1.000000 -0.000002 0.000000
vn -0.000003 -0.000001 1.000000
vn -0.000007 0.000009 1.000000
vn 0.000002 0.000004 1.000000
vn 0.000000 0.000008 1.000000
vn 0.000014 0.000009 1.000000
vn 0.000010 -0.000001 1.000000
vn -0.000007 -0.000012 1.000000
vn -0.000014 0.000002 1.000000
vn -0.000014 0.000002 1.000000
vn 0.000000 0.000000 1.000000
vn 0.000014 0.000002 1.000000
vn 0.000014 0.000002 1.000000
vn 0.000007 -0.000012 1.000000
vn 0.000000 0.000000 1.000000
vn 0.000000 0.000000 1.000000
vn 0.000000 0.000000 1.000000
vn 0.000000 0.000000 1.000000
vn 0.000004 0.000000 1.000000
vn 0.000006 0.000000 1.000000
vn 0.000005 0.000000 1.000000
vn 0.000005 0.000000 1.000000
vn 0.000000 0.000000 1.000000
vn 0.000003 0.000000 1.000000
vn 0.000005 0.000000 1.000000
vn 0.000005 0.000000 1.000000
vn 0.000003 0.000000 1.000000
vn 0.000000 0.000000 1.000000
vn 0.000000 0.000000 1.000000
vn 0.000000 0.000000 1.000000
vn 0.000000 0.000000 1.000000
vn 0.000000 0.000000 1.000000
vn 0.000000 0.000000 1.000000
vn 0.000000 0.000000 1.000000
vn -0.000004 0.000000 1.000000
vn -0.000006 0.000000 1.000000
vn -0.000005 0.000000 1.000000
vn -0.000005 0.000000 1.000000
vn 0.000000 0.000000 1.000000
vn -0.000003 0.000000 1.000000
vn -0.000005 0.000000 1.000000
vn -0.000005 0.000000 1.000000
vn -0.000003 0.000000 1.000000
vn 0.000000 0.000000 1.000000
vn 0.000000 0.000000 1.000000
vn 0.000000 0.000000 1.000000
vn -0.707107 -0.707106 0.000000
vn -0.707107 -0.707106 0.000000
vn -0.707107 -0.707106 0.000000
vn -0.707107 -0.707106 0.000000
vn 0.000000 -1.000000 0.000000
vn 0.000000 -1.000000 0.000000
vn 0.000000 -1.000000 0.000000
vn 0.000000 -1.000000 0.000000
vn 0.000000 -1.000000 0.000000
vn 0.000000 -1.000000 0.000000
vn 0.707107 -0.707106 0.000000
vn 0.707107 -0.707106 0.000000
vn 0.707107 -0.707106 0.000000
vn 0.707107 -0.707106 0.000000
vn 1.000000 -0.000003 0.000000
vn 1.000000 0.000001 0.000000
vn 1.000000 0.000001 0.000000
vn 1.000000 -0.000003 0.000000
vn 1.000000 0.000005 0.000001
vn 1.000000 0.000005 0.000001
vn 0.707105 0.707108 0.000001
vn 0.707105 0.707108 0.000001
vn 0.707105 0.707108 0.000001
vn 0.707105 0.707108 0.000001
vn 0.000000 1.000000 -0.000001
vn 0.000000 1.000000 -0.000000
vn 0.000000 1.000000 -0.000000
vn 0.000000 1.000000 -0.000001
vn 0.000000 1.000000 0.000000
vn 0.000000 1.000000 0.000000
vn -0.707106 0.707108 0.000000
vn -0.707106 0.707108 0.000000
vn -0.707106 0.707108 0.000000
vn -0.707106 0.707108 0.000000
vn -1.000000 0.000003 0.000000
vn -1.000000 0.000000 0.000000
vn -1.000000 0.000000 0.000000
vn -1.000000 0.000003 0.000000
vn -1.000000 -0.000003 0.000000
vn -1.000000 -0.000003 0.000000
vn -0.551104 -0.551084 0.626571
vn -0.551104 -0.551084 0.626571
vn -0.551104 -0.551084 0.626571
vn -0.551104 -0.551084 0.626571
vn 0.000000 -0.762897 0.646520
vn 0.000000 -0.762898 0.646519
vn 0.000000 -0.762898 0.646519
vn 0.000000 -0.762897 0.646520
vn 0.000000 -0.762899 0.646518
vn 0.000000 -0.762899 0.646518
vn 0.551102 -0.551089 0.626568
vn 0.551102 -0.551089 0.626568
vn 0.551102 -0.551089 0.626568
vn 0.551102 -0.551089 0.626568
vn 0.762903 -0.000008 0.646513
vn 0.762902 -0.000001 0.646514
vn 0.762903 -0.000001 0.646514
vn 0.762903 -0.000008 0.646513
vn 0.762902 0.000006 0.646514
vn 0.762902 0.000006 0.646514
vn 0.551092 0.551094 0.626572
vn 0.551092 0.551094 0.626572
vn 0.551092 0.551094 0.626572
vn 0.551092 0.551094 0.626572
vn 0.000000 0.762900 0.646517
vn 0.000000 0.762900 0.646517
vn 0.000000 0.762900 0.646517
vn 0.000000 0.762900 0.646517
vn 0.000000 0.762900 0.646517
vn 0.000000 0.762900 0.646517
vn -0.551089 0.551095 0.626574
vn -0.551089 0.551095 0.626574
vn -0.551089 0.551095 0.626574
vn -0.551089 0.551095 0.626574
vn -0.762907 0.000001 0.646509
vn -0.762901 -0.000005 0.646515
vn -0.762901 -0.000005 0.646515
vn -0.762907 0.000001 0.646509
vn -0.762896 -0.000011 0.646521
vn -0.762896 -0.000011 0.646521
s 1
g CP2077Quasar_LOD0 Backplate_Bolt_Top
usemtl ShinyMetal_bolts
f 557/968/1170 558/969/1171 578/970/1172 577/971/1173
f 558/969/1171 559/972/1174 579/973/1175 578/970/1172
f 559/972/1174 560/974/1176 580/975/1177 579/973/1175
f 560/974/1176 561/976/1178 581/977/1179 580/975/1177
f 561/978/1178 562/979/1180 582/980/1181 581/981/1179
f 562/979/1180 563/982/1182 583/983/1183 582/980/1181
f 563/982/1182 564/984/1184 584/985/1185 583/983/1183
f 564/984/1184 565/986/1186 585/987/1187 584/985/1185
f 565/986/1186 566/988/1188 586/989/1189 585/987/1187
f 566/988/1188 567/990/1190 587/991/1191 586/989/1189
f 567/990/1190 568/992/1192 588/993/1193 587/991/1191
f 568/992/1192 569/994/1194 589/995/1195 588/993/1193
f 569/994/1194 570/996/1196 590/997/1197 589/995/1195
f 570/996/1196 571/998/1198 591/999/1199 590/997/1197
f 571/998/1198 572/1000/1200 592/1001/1201 591/999/1199
f 572/1000/1200 573/1002/1202 593/1003/1203 592/1001/1201
f 573/1002/1202 574/1004/1204 594/1005/1205 593/1003/1203
f 574/1004/1204 575/1006/1206 595/1007/1207 594/1005/1205
f 575/1006/1206 576/1008/1208 596/1009/1209 595/1007/1207
f 576/1008/1208 557/968/1170 577/971/1173 596/1009/1209
s 2
f 621/1010/1210 622/1011/1211 623/1012/1212
f 622/1011/1211 624/1013/1213 623/1012/1212
f 624/1013/1213 625/1014/1214 623/1012/1212
f 625/1014/1214 626/1015/1215 623/1012/1212
f 626/1015/1215 627/1016/1216 623/1012/1212
f 627/1016/1216 628/1017/1217 623/1012/1212
f 628/1017/1217 629/1018/1218 623/1012/1212
f 629/1018/1218 630/1019/1219 623/1012/1212
f 630/1019/1219 631/1020/1220 623/1012/1212
f 631/1020/1220 632/1021/1221 623/1012/1212
f 632/1021/1221 633/1022/1222 623/1012/1212
f 633/1022/1222 621/1010/1210 623/1012/1212
s 3
f 577/1023/1223 578/1024/1224 597/1025/1225
f 578/1024/1224 579/1026/1226 598/1027/1227 597/1025/1225
f 579/1026/1226 580/1028/1228 598/1027/1227
f 580/1028/1228 581/1029/1229 599/1030/1230 598/1027/1227
f 581/1029/1229 582/1031/1231 600/1032/1232 599/1030/1230
f 582/1031/1231 583/1033/1233 600/1032/1232
f 583/1033/1233 584/1034/1234 601/1035/1235 600/1032/1232
f 584/1034/1234 585/1036/1236 601/1035/1235
f 585/1036/1236 586/1037/1237 602/1038/1238 601/1035/1235
f 586/1037/1237 587/1039/1239 603/1040/1240 602/1038/1238
f 587/1039/1239 588/1041/1241 603/1040/1240
f 588/1041/1241 589/1042/1242 604/1043/1243 603/1040/1240
f 589/1042/1242 590/1044/1244 604/1043/1243
f 590/1044/1244 591/1045/1245 605/1046/1246 604/1043/1243
f 591/1045/1245 592/1047/1247 606/1048/1248 605/1046/1246
f 592/1047/1247 593/1049/1249 606/1048/1248
f 593/1049/1249 594/1050/1250 607/1051/1251 606/1048/1248
f 594/1050/1250 595/1052/1252 607/1051/1251
f 595/1052/1252 596/1053/1253 608/1054/1254 607/1051/1251
f 596/1053/1253 577/1023/1223 597/1025/1225 608/1054/1254
s off
f 597/1055/1255 598/1056/1256 610/1057/1257 609/1058/1258
s 4
f 598/1056/1259 599/1059/1260 611/1060/1261 610/1057/1262
f 599/1061/1260 600/1062/1263 612/1063/1264 611/1064/1261
s off
f 600/1062/1265 601/1065/1266 613/1066/1267 612/1063/1268
s 5
f 601/1065/1269 602/1067/1270 614/1068/1271 613/1066/1272
f 602/1067/1270 603/1069/1273 615/1070/1274 614/1068/1271
s off
f 603/1069/1275 604/1071/1276 616/1072/1277 615/1070/1278
s 6
f 604/1071/1279 605/1073/1280 617/1074/1281 616/1072/1282
f 605/1073/1280 606/1075/1283 618/1076/1284 617/1074/1281
s off
f 606/1075/1285 607/1077/1286 619/1078/1287 618/1076/1288
s 7
f 607/1077/1289 608/1079/1290 620/1080/1291 619/1078/1292
f 608/1079/1290 597/1055/1293 609/1058/1294 620/1080/1291
s off
f 609/1081/1295 610/1082/1296 622/1011/1297 621/1010/1298
s 8
f 610/1082/1299 611/1083/1300 624/1013/1301 622/1011/1302
f 611/1083/1300 612/1084/1303 625/1014/1304 624/1013/1301
s off
f 612/1084/1305 613/1085/1306 626/1015/1307 625/1014/1308
s 9
f 613/1085/1309 614/1086/1310 627/1016/1311 626/1015/1312
f 614/1086/1310 615/1087/1313 628/1017/1314 627/1016/1311
s off
f 615/1087/1315 616/1088/1316 629/1018/1317 628/1017/1318
s 10
f 616/1088/1319 617/1089/1320 630/1019/1321 629/1018/1322
f 617/1089/1320 618/1090/1323 631/1020/1324 630/1019/1321
s off
f 618/1090/1325 619/1091/1326 632/1021/1327 631/1020/1328
s 11
f 619/1091/1329 620/1092/1330 633/1022/1331 632/1021/1332
f 620/1092/1330 609/1081/1333 621/1010/1334 633/1022/1331
g default
v 0.076951 -2.093417 2.200925
v 0.080786 -0.694526 3.591046
v 0.076777 -2.231396 2.293598
v 0.044584 -2.174943 2.372599
v -0.810768 -0.758627 3.613057
v -0.844647 -0.672673 3.613322
v -0.816974 -2.185279 2.382930
v -0.848835 -0.511165 3.603430
v -0.853743 -2.093421 2.200896
v 0.046344 -0.756031 3.610459
v 0.081652 -0.513841 3.584160
v -0.849821 -1.191046 4.140943
v -0.816491 -1.239546 4.093975
v -0.817660 -1.491386 4.345815
v -0.851608 -1.466714 4.421441
v -0.849139 -1.106561 4.221414
v -0.852850 -1.372855 4.492557
v 0.044854 -1.239707 4.094136
v 0.043497 -1.491832 4.346261
v -0.849267 -0.296464 3.588308
v -0.848860 -0.339423 3.559222
v -0.848633 -0.390240 3.548968
v 0.077558 -1.489132 4.399395
v -0.853800 0.050895 3.941034
v -0.848622 -0.441020 3.559140
v 0.081322 -0.464419 3.537985
v -0.853835 -0.607449 4.712640
v 0.080910 -0.413656 3.527773
v -0.853835 -0.851838 4.957029
v 0.080479 -0.362834 3.537936
v 0.080097 -0.319812 3.566901
v 0.079098 -1.213454 4.118911
v 0.079118 -1.128937 4.199410
v 0.076410 -1.395277 4.470508
v 0.076726 -0.851838 4.957029
v 0.078675 0.050895 3.920123
v -0.853779 0.384192 4.260371
v 0.076726 -0.607449 4.712640
v -0.853835 -0.227286 5.038493
v 0.076693 0.015626 4.032131
v 0.093566 0.294550 4.160347
v -0.869965 0.384192 5.504276
v 0.096545 0.238565 4.201421
v -0.853775 0.843340 4.715034
v 0.076726 -0.227286 5.038493
v 0.101517 0.330287 4.196107
v 0.128138 0.361914 4.213597
v -0.872946 0.384192 5.662364
v -1.204527 0.394751 5.504276
v -1.165988 0.385987 5.504275
v -1.282853 0.456638 5.638124
v -1.293547 0.610536 5.504276
v -1.282853 0.456638 5.504276
v 0.185097 0.391759 4.228837
v -1.181957 0.423229 5.509781
v -1.204527 0.394751 5.638124
v -1.071243 0.381908 5.504276
v -1.165988 0.385918 5.638124
v -1.293547 0.610879 5.638124
v -1.015596 0.381621 5.504275
v 0.076719 0.208620 5.464168
v -1.082066 0.416188 5.509782
v 0.252285 0.402778 4.232145
v -1.074217 0.381977 5.638124
v -1.266163 0.656780 5.504276
v -1.018576 0.381621 5.638124
v -1.266201 0.657152 5.638124
v -1.222570 0.689162 5.504276
v 0.090083 0.275808 5.529779
v -1.222566 0.689707 5.638124
v -1.126414 0.740925 5.504275
v -1.045112 0.649507 5.509781
v -1.071965 0.773963 5.504276
v -0.860331 1.097706 5.504276
v -0.855337 1.097619 4.903344
v -1.126492 0.741628 5.638124
v -1.001512 0.835459 5.504275
v -1.072608 0.775107 5.638124
v -1.045112 0.649507 5.632618
v -1.002285 0.836703 5.638124
v -0.822018 1.224641 4.997411
v -0.861067 1.100507 5.662364
v 0.427896 0.853164 4.668122
v -0.853835 -0.397263 5.056595
v 0.128141 0.332768 5.585402
v -0.729466 1.317742 5.066359
v -0.011077 0.384192 5.661893
v -0.825315 1.225036 5.508296
v -0.602666 1.351848 5.091616
v 0.429635 0.384192 5.661893
v 0.427892 0.402778 4.217736
v -0.732948 1.317909 5.526331
v -0.825435 1.226497 5.661894
v 0.076717 1.351848 5.091616
v 0.185100 0.370828 5.622569
v -0.607572 1.351848 5.551057
v -0.732088 1.318310 5.661894
v 0.252289 0.384192 5.661893
v 0.076726 -0.397263 5.056595
v -0.605524 1.351848 5.661893
v 0.076717 1.351848 5.661892
v 0.423498 1.351848 5.661894
v 0.423498 1.351848 5.091616
v -1.254656 0.418479 5.504276
v -1.254656 0.418479 5.638124
v -1.207909 0.438796 5.509781
v -1.230275 0.464344 5.509782
v -1.230275 0.464344 5.632618
v -1.207909 0.438796 5.632618
v -1.249104 0.501298 5.509782
v -1.249104 0.501298 5.632618
v -1.255592 0.548468 5.509781
v -1.255592 0.548468 5.632618
v -1.123030 0.409700 5.509782
v -1.148963 0.416188 5.509782
v -1.148963 0.416188 5.632618
v -1.123030 0.409700 5.632618
v -1.249104 0.588249 5.509782
v -1.249104 0.588249 5.632618
v -1.230275 0.620180 5.509782
v -1.230275 0.620180 5.632618
v -1.082066 0.416188 5.632618
v -1.200948 0.649507 5.509782
v -1.200948 0.649507 5.632618
v -0.990468 0.542262 5.509782
v -0.996956 0.501298 5.509782
v -0.996956 0.501298 5.632618
v -0.990468 0.542262 5.632618
v -1.123030 0.674824 5.509781
v -1.082066 0.668336 5.509782
v -1.082066 0.668336 5.632618
v -1.123030 0.674824 5.632618
v -1.015785 0.620180 5.509782
v -0.996956 0.583226 5.509781
v -0.996956 0.583226 5.632618
v -1.015785 0.620180 5.632618
v -1.015785 0.464344 5.509782
v -1.045112 0.435017 5.509781
v -1.045112 0.435017 5.632618
v -1.015785 0.464344 5.632618
v -1.163994 0.668336 5.509781
v -1.163994 0.668336 5.632618
v -0.853913 -2.199821 2.319968
v 0.042647 -2.719921 2.917310
v 0.043608 -2.828984 3.049400
v 0.076709 -2.750098 2.889981
v 0.076167 -2.908024 3.054430
v 0.076332 -2.800631 2.843825
v 0.075830 -2.955156 3.016153
v 0.076726 -2.310586 2.279391
v 0.076726 -2.192465 2.152910
v -0.824302 -2.825576 3.045994
v -0.857774 -2.906920 3.053154
v -0.854730 -2.953957 3.015194
v -0.853835 -2.310586 2.279391
v -0.825593 -2.718294 2.915683
v -0.854228 -2.799432 2.842866
v -0.853835 -2.192465 2.152910
v -0.859007 -2.748302 2.887294
v -0.853915 -2.257534 2.324247
v -0.870571 0.527455 5.662364
v -1.175239 0.713896 5.638124
v -1.175203 0.713272 5.504276
v -1.308464 0.555075 5.504276
v -1.308464 0.555316 5.638124
v -1.299087 0.500628 5.638124
v -1.299087 0.500508 5.504276
v -1.122718 0.383947 5.504276
v -1.124210 0.383948 5.638124
v -1.181957 0.428126 5.632618
v -0.944404 0.825966 5.504276
v -0.864184 0.812301 5.504276
v -0.944721 0.827098 5.638124
v -0.865819 0.813981 5.662364
v -0.945761 0.382906 5.638124
v -0.942781 0.382906 5.504275
v -0.442012 0.384192 5.662128
v 0.076717 1.077957 4.922975
v 0.425697 1.077950 4.892908
v 0.425339 1.061551 5.661894
v 0.076717 1.217518 5.008906
v 0.424597 1.214899 5.007292
v 0.424418 1.206699 5.661894
vt 0.509591 0.862951
vt 0.507046 0.775855
vt 0.514000 0.777651
vt 0.515165 0.868481
vt 0.505436 0.779981
vt 0.506862 0.861374
vt 0.406817 0.771584
vt 0.404936 0.865649
vt 0.401627 0.868981
vt 0.404231 0.768859
vt 0.395798 0.874415
vt 0.396261 0.769090
vt 0.391352 0.626755
vt 0.429481 0.627529
vt 0.428078 0.711332
vt 0.389750 0.710516
vt 0.374507 0.812824
vt 0.373380 0.940745
vt 0.317083 0.939485
vt 0.318199 0.812457
vt 0.438942 0.866216
vt 0.438831 0.869979
vt 0.456748 0.866488
vt 0.458493 0.870443
vt 0.438592 0.875786
vt 0.457598 0.876260
vt 0.392168 0.596335
vt 0.430485 0.597290
vt 0.392622 0.580476
vt 0.430922 0.581450
vt 0.318616 0.717003
vt 0.382524 0.714244
vt 0.380260 0.719747
vt 0.321016 0.720627
vt 0.391736 0.875269
vt 0.387363 0.906088
vt 0.387560 0.881348
vt 0.373212 0.945762
vt 0.316956 0.943574
vt 0.437821 0.910812
vt 0.373154 0.948896
vt 0.316923 0.946706
vt 0.455094 0.911071
vt 0.373137 0.952034
vt 0.316919 0.949840
vt 0.373145 0.955173
vt 0.316926 0.952977
vt 0.477675 0.864066
vt 0.477588 0.861941
vt 0.462380 0.862194
vt 0.460901 0.864446
vt 0.477897 0.869022
vt 0.461653 0.869412
vt 0.382532 0.706141
vt 0.318617 0.708900
vt 0.318127 0.658716
vt 0.382150 0.658116
vt 0.373280 0.985125
vt 0.316859 0.983961
vt 0.386520 0.929147
vt 0.435543 0.935748
vt 0.521625 0.873736
vt 0.518054 0.868540
vt 0.519912 0.869741
vt 0.521166 0.871566
vt 0.478603 0.900341
vt 0.463808 0.900546
vt 0.518049 0.898007
vt 0.522468 0.895619
vt 0.522812 0.910265
vt 0.519863 0.909876
vt 0.429841 0.973767
vt 0.480541 0.921718
vt 0.385878 0.961447
vt 0.522850 0.912451
vt 0.435348 0.979440
vt 1.483454 0.782294
vt 1.488736 0.783411
vt 1.486160 0.786666
vt 1.481626 0.785752
vt 0.424229 0.820334
vt 0.424109 0.824197
vt 0.415107 0.823900
vt 0.415227 0.820030
vt 0.414676 0.837707
vt 0.423678 0.837989
vt 0.423595 0.840647
vt 0.414593 0.840367
vt 0.423505 0.843561
vt 0.414505 0.843180
vt 1.467362 0.781914
vt 1.473651 0.781935
vt 1.474882 0.785853
vt 1.470131 0.787973
vt 0.499740 0.800813
vt 0.493813 0.800183
vt 0.493193 0.804622
vt 0.498222 0.807037
vt 0.381739 0.614340
vt 0.317717 0.614941
vt 0.317327 0.573019
vt 0.382502 0.554226
vt 0.424343 0.816719
vt 0.415341 0.816415
vt 0.423397 0.847026
vt 0.423280 0.850769
vt 0.414284 0.850288
vt 0.414400 0.846545
vt 0.481240 0.947857
vt 0.481398 0.951924
vt 0.424461 0.813066
vt 0.415459 0.812754
vt 0.523595 0.914224
vt 0.481842 0.955683
vt 0.415577 0.809179
vt 0.424579 0.809492
vt 1.473680 0.826278
vt 1.474840 0.814333
vt 1.479466 0.815071
vt 1.479967 0.822010
vt 0.414482 0.988679
vt 0.383315 0.977059
vt 0.424842 0.801436
vt 0.424702 0.805720
vt 0.415700 0.805407
vt 0.415839 0.801140
vt 0.473680 0.826278
vt 0.479966 0.822010
vt 0.479466 0.815071
vt 0.474840 0.814333
vt 0.425036 0.795146
vt 0.416033 0.794852
vt 0.437809 0.635763
vt 0.431335 0.624487
vt 0.479165 0.629391
vt 0.479792 0.638203
vt 0.425581 0.775111
vt 0.414950 0.774680
vt 0.442267 0.930475
vt 0.323205 0.554775
vt 0.352851 0.554503
vt 0.442387 0.646851
vt 0.480877 0.647200
vt 0.493964 0.967302
vt 0.545066 0.995065
vt 0.468814 0.989748
vt 0.482976 0.630713
vt 0.481945 0.633888
vt 0.443349 0.658172
vt 0.483790 0.657820
vt 0.316313 0.566575
vt 0.313632 0.561127
vt 0.490244 0.643234
vt 0.309678 0.557503
vt 0.305083 0.554600
vt 0.494008 0.657269
vt 0.381850 0.626101
vt 0.317827 0.626699
vt 0.494627 0.721198
vt 0.506517 0.956099
vt 0.547099 0.959273
vt 0.474781 0.917186
vt 0.423895 0.831067
vt 0.423795 0.834258
vt 0.414792 0.833977
vt 0.414892 0.830786
vt 0.427909 0.797193
vt 0.427962 0.794134
vt 0.439030 0.794324
vt 0.438977 0.797384
vt 0.428029 0.790395
vt 0.439098 0.790587
vt 0.428108 0.786103
vt 0.439176 0.786296
vt 0.427796 0.805366
vt 0.427822 0.802958
vt 0.438893 0.803075
vt 0.438868 0.805486
vt 0.427207 0.860933
vt 0.427246 0.857298
vt 0.438315 0.857417
vt 0.438278 0.861051
vt 0.427282 0.853958
vt 0.438350 0.854076
vt 0.427321 0.850222
vt 0.438391 0.850338
vt 0.422975 0.860565
vt 0.412348 0.860034
vt 0.414131 0.855186
vt 0.423128 0.855667
vt 0.427599 0.824057
vt 0.427639 0.820318
vt 0.438708 0.820435
vt 0.438669 0.824174
vt 0.427400 0.842745
vt 0.427439 0.839007
vt 0.438511 0.839125
vt 0.438471 0.842863
vt 0.427519 0.831533
vt 0.427558 0.827795
vt 0.438629 0.827912
vt 0.438590 0.831650
vt 0.525098 0.916626
vt 0.482819 0.958880
vt 0.527067 0.918786
vt 0.483712 0.962146
vt 0.489091 0.967522
vt 0.532829 0.923674
vt 0.441583 0.720653
vt 0.440804 0.753288
vt 0.494312 0.753921
vt 0.427679 0.816580
vt 0.427718 0.812843
vt 0.438788 0.812961
vt 0.438747 0.816698
vt 0.450563 0.798849
vt 0.464326 0.800164
vt 0.464939 0.795592
vt 0.450425 0.782924
vt 1.490727 0.816736
vt 1.485366 0.819454
vt 1.484094 0.814343
vt 1.488270 0.812222
vt 0.490727 0.816736
vt 0.488269 0.812222
vt 0.484093 0.814343
vt 0.485365 0.819454
vt 0.427756 0.809106
vt 0.438828 0.809222
vt 0.427359 0.846483
vt 0.438431 0.846601
vt 0.427479 0.835270
vt 0.438550 0.835387
vt 0.438935 0.799914
vt 0.427855 0.799918
vt 1.495295 0.812258
vt 1.491586 0.808915
vt 1.493193 0.804622
vt 1.498222 0.807037
vt 0.473199 0.771210
vt 0.472837 0.773473
vt 0.465491 0.772593
vt 0.463485 0.769479
vt 0.473669 0.768290
vt 0.463731 0.766862
vt 0.505638 0.772680
vt 0.512781 0.773260
vt 0.428228 0.752372
vt 0.389611 0.752417
vt 0.389688 0.744799
vt 0.428317 0.744861
vt 0.375280 0.732904
vt 0.318776 0.732426
vt 0.320794 0.727654
vt 0.373302 0.727944
vt 0.375065 0.736558
vt 0.318765 0.736099
vt 0.318255 0.805798
vt 0.374557 0.806165
vt 0.374625 0.795695
vt 0.318324 0.795327
vt 0.318642 0.750103
vt 0.374943 0.750562
vt 0.452095 0.763407
vt 0.443698 0.764311
vt 0.443273 0.761693
vt 0.454576 0.759755
vt 0.406220 0.766623
vt 0.442845 0.758326
vt 0.454317 0.756741
vt 0.397392 0.763893
vt 0.405901 0.763155
vt 0.466423 0.832914
vt 0.459257 0.832122
vt 0.450079 0.862625
vt 0.495295 0.812258
vt 0.491586 0.808915
vt 1.493813 0.800183
vt 1.499740 0.800813
vt 1.499411 0.795404
vt 1.493731 0.795493
vt 1.491611 0.791317
vt 1.497581 0.790439
vt 0.414990 0.827632
vt 0.423993 0.827921
vt 0.466942 0.791435
vt 0.459137 0.782062
vt 0.499411 0.795404
vt 0.493731 0.795493
vt 1.494399 0.786117
vt 1.489088 0.788428
vt 0.497581 0.790439
vt 0.491610 0.791317
vt 0.494399 0.786117
vt 0.489088 0.788428
vt 0.488736 0.783411
vt 0.486160 0.786666
vt 1.478794 0.782167
vt 1.478728 0.785099
vt 0.478728 0.785099
vt 0.478794 0.782167
vt 0.473651 0.781935
vt 0.474882 0.785853
vt 0.481626 0.785752
vt 0.483454 0.782294
vt 0.467362 0.781914
vt 0.470131 0.788102
vt 1.450426 0.782924
vt 1.459137 0.782062
vt 1.466942 0.791435
vt 1.464939 0.795592
vt 1.464326 0.800164
vt 1.466423 0.832914
vt 1.459257 0.832122
vt 1.467361 0.808884
vt 1.470669 0.812201
vt 0.470663 0.812201
vt 0.450198 0.830563
vt 1.450079 0.862625
vt 1.450198 0.830563
vt 0.467361 0.808884
vt 0.465146 0.804705
vt 0.404242 0.998620
vt 1.465146 0.804706
vt 0.498621 0.763655
vt 0.499216 0.617350
vt 0.524015 0.622567
vt 0.524321 0.763573
vt 0.512971 0.949205
vt 0.547534 0.951604
vt 0.542208 0.637063
vt 0.548891 0.656946
vt 0.523946 0.818143
vt 0.549056 0.763513
vt 0.549164 0.817945
vt 0.547970 0.943935
vt 0.517838 0.942223
vt 0.388090 0.878809
vt 0.389558 0.876672
vn 0.999995 -0.003211 0.000375
vn 0.998002 0.044875 0.044488
vn 0.999995 -0.003092 0.000372
vn 0.999995 0.001269 0.002804
vn 0.759844 -0.424109 0.492717
vn 0.759844 -0.424109 0.492717
vn 0.759844 -0.424109 0.492717
vn 0.759844 -0.424109 0.492717
vn -0.864985 -0.225599 0.448224
vn -0.798646 -0.388477 0.459619
vn -0.798646 -0.388477 0.459619
vn -0.993565 -0.069398 0.089512
vn -0.999937 -0.008521 0.007372
vn -0.999980 -0.006222 -0.001218
vn -0.999878 -0.007577 0.013701
vn 0.010612 -0.655188 0.755391
vn 0.010612 -0.655188 0.755391
vn 0.010612 -0.655188 0.755391
vn 0.010612 -0.655188 0.755391
vn -0.006479 0.651008 -0.759043
vn -0.006807 0.661073 -0.750291
vn -0.006807 0.661073 -0.750291
vn -0.006481 0.651054 -0.759004
vn -0.885149 -0.325717 -0.332295
vn -0.890461 -0.319267 -0.324264
vn -0.890394 -0.319350 -0.324367
vn -0.885149 -0.325717 -0.332295
vn -0.899552 -0.307771 -0.309972
vn -0.899552 -0.307771 -0.309972
vn -0.999911 -0.005682 -0.012048
vn -0.999972 -0.002912 -0.006933
vn -0.999970 0.002906 -0.007110
vn -0.999977 0.000989 -0.006680
vn -0.000000 -0.707107 -0.707107
vn -0.000000 -0.707107 -0.707107
vn -0.000000 -0.707107 -0.707107
vn -0.000000 -0.707107 -0.707107
vn -0.000000 -0.707107 -0.707107
vn -0.000000 -0.707107 -0.707107
vn -0.009982 -0.978093 0.207931
vn -0.009982 -0.978093 0.207931
vn -0.009982 -0.978093 0.207931
vn -0.009982 -0.978093 0.207931
vn -0.999946 -0.002721 -0.010054
vn -0.999996 -0.002233 -0.002032
vn -0.999946 -0.002721 -0.010053
vn -0.025776 -0.603177 -0.797191
vn -0.027054 -0.446418 -0.894416
vn -0.027034 -0.450365 -0.892435
vn -0.025776 -0.603177 -0.797191
vn -0.999996 -0.001187 -0.002772
vn -0.022721 0.003446 -0.999736
vn -0.022911 -0.004195 -0.999729
vn -0.999986 0.000491 -0.005319
vn -0.011273 0.390138 -0.920687
vn -0.011584 0.381096 -0.924463
vn -0.007209 0.689384 -0.724360
vn -0.007189 0.688228 -0.725459
vn 0.710941 -0.500909 -0.493613
vn 0.711490 -0.500525 -0.493210
vn 0.694105 -0.512370 -0.505662
vn 0.694105 -0.512370 -0.505662
vn 0.740479 -0.479390 -0.471037
vn 0.740479 -0.479390 -0.471037
vn 0.999992 -0.000920 0.003787
vn 0.999994 -0.002360 0.002647
vn 0.999990 -0.001319 0.004338
vn 0.999971 -0.000124 0.007581
vn 0.001287 -0.658048 0.752975
vn 0.001330 -0.657314 0.753616
vn 0.000505 -0.503390 0.864059
vn 0.000505 -0.503323 0.864098
vn -0.007418 0.701014 -0.713109
vn -0.007418 0.701014 -0.713109
vn -0.999988 -0.000954 -0.004874
vn -0.999961 -0.006921 -0.005545
vn 0.999964 0.007713 -0.003436
vn 0.999964 0.007714 -0.003431
vn 0.999965 0.008298 0.000879
vn 0.999965 0.008298 0.000879
vn 0.999959 -0.009104 0.000032
vn 0.999995 -0.001257 0.003027
vn 0.999901 -0.013895 -0.002262
vn 0.004342 -0.603873 0.797069
vn 0.004342 -0.603873 0.797069
vn 0.999891 -0.014745 0.000673
vn 0.998427 -0.045058 -0.033365
vn 0.999089 -0.042600 -0.002364
vn -0.999903 -0.002634 -0.013649
vn 0.999800 -0.019538 0.004214
vn -0.999850 0.011517 -0.012921
vn 0.985668 -0.062508 -0.156691
vn 0.985668 -0.062508 -0.156691
vn 0.985668 -0.062508 -0.156691
vn -0.999750 -0.012009 -0.018855
vn 0.031381 0.169552 -0.985021
vn 0.056596 0.139184 -0.988648
vn 0.050641 0.145406 -0.988075
vn 0.028692 0.174969 -0.984156
vn -0.923547 0.383485 -0.001017
vn -0.998750 0.049988 -0.000180
vn -0.998725 0.050477 -0.000181
vn -0.923390 0.383861 -0.001019
vn -0.344391 -0.938826 -0.000104
vn -0.344391 -0.938826 -0.000104
vn -0.132108 -0.991235 -0.000390
vn -0.132100 -0.991236 -0.000390
vn -0.042937 -0.999078 -0.000453
vn -0.042990 -0.999075 -0.000454
vn -0.020531 0.076617 -0.996849
vn -0.018683 0.133316 -0.990898
vn -0.017363 0.139315 -0.990096
vn -0.020829 0.081385 -0.996465
vn 0.106357 -0.004211 0.994319
vn 0.106491 -0.001631 0.994312
vn 0.100648 -0.037925 0.994199
vn 0.100010 -0.039866 0.994188
vn 0.008378 -0.707734 0.706429
vn 0.008378 -0.707734 0.706429
vn 0.008018 -0.711024 0.703122
vn 0.008109 -0.709117 0.705044
vn -0.742862 0.669441 -0.002197
vn -0.742546 0.669791 -0.002199
vn -0.021629 -0.999766 -0.000120
vn 0.007668 -0.999971 0.000281
vn 0.007342 -0.999973 0.000277
vn -0.022106 -0.999756 -0.000127
vn 0.997641 -0.067645 0.011664
vn 0.954395 -0.298547 -0.000288
vn 0.901530 -0.432662 -0.006853
vn -0.528534 0.848905 -0.003386
vn -0.528336 0.849028 -0.003388
vn 0.692201 -0.721543 -0.015292
vn 0.605568 -0.795643 -0.015492
vn -0.474743 0.880114 -0.004240
vn -0.474694 0.880141 -0.004239
vn 0.016496 -0.045009 -0.998850
vn 0.016723 -0.047962 -0.998709
vn 0.024737 -0.075796 -0.996817
vn 0.022588 -0.072249 -0.997131
vn -0.999874 0.010282 -0.012131
vn -0.999129 0.039988 -0.011904
vn -0.605592 0.795724 -0.009048
vn -0.509482 0.860460 -0.005988
vn -0.509523 0.860436 -0.005992
vn -0.605690 0.795650 -0.009051
vn 0.016433 -0.044506 0.998874
vn 0.022634 -0.071407 0.997190
vn 0.024742 -0.074947 0.996881
vn 0.016692 -0.047377 0.998738
vn -0.840317 0.541982 -0.011031
vn -0.842283 0.538922 -0.011037
vn -0.913001 0.407898 -0.006912
vn -0.977161 0.212332 -0.008485
vn -0.869648 0.493634 -0.006209
vn -0.913393 0.406967 -0.009559
vn -1.000000 0.000000 -0.000000
vn 0.003597 -0.748683 0.662919
vn 0.000362 -0.747674 0.664066
vn -0.551120 0.834415 -0.004400
vn -0.497475 0.867472 -0.003357
vn 0.999993 0.003778 -0.000145
vn 0.999984 0.005617 0.000597
vn 0.999999 0.001183 -0.001191
vn -0.867459 0.497485 -0.004765
vn -0.041628 0.999133 -0.000408
vn -0.038079 0.999275 -0.000223
vn 0.133196 -0.713794 0.687573
vn 0.091282 -0.741542 0.664668
vn -0.516620 0.856214 -0.000834
vn 0.283704 -0.958837 0.011953
vn 0.036586 -0.999269 -0.011119
vn -0.076428 0.997075 0.000438
vn 0.000000 -0.129339 0.991600
vn 0.000000 -0.129339 0.991600
vn 0.000000 1.000000 0.000000
vn 0.999975 0.006923 0.001070
vn 0.999976 0.006927 0.001004
vn 0.000000 0.105902 0.994377
vn 0.000000 0.105902 0.994377
vn 1.000000 -0.000000 0.000000
vn -0.879445 -0.476000 0.000079
vn -0.619957 -0.784636 0.000001
vn -0.619957 -0.784636 0.000001
vn -0.879445 -0.476001 0.000079
vn 0.624789 0.780749 -0.008359
vn 0.834955 0.550319 0.000000
vn 0.834955 0.550318 0.000000
vn 0.624790 0.780748 -0.008359
vn 0.957576 0.288183 0.000000
vn 0.957575 0.288183 0.000000
vn 1.000000 0.000000 0.000000
vn 1.000000 0.000000 0.000000
vn -0.000000 1.000000 0.000000
vn 0.261681 0.965095 -0.010772
vn 0.261680 0.965094 -0.010772
vn -0.000000 1.000000 0.000000
vn 0.942962 -0.332902 0.000000
vn 0.942961 -0.332903 0.000000
vn 0.786164 -0.618019 0.000000
vn 0.786164 -0.618019 0.000000
vn 0.587784 -0.809018 0.000000
vn 0.587785 -0.809017 0.000000
vn 0.017595 -0.999845 0.000360
vn 0.017595 -0.999845 0.000360
vn 0.017621 -0.999845 0.000374
vn 0.017623 -0.999845 0.000376
vn -1.000000 0.000001 0.000000
vn -0.951057 0.309017 0.000000
vn -0.951057 0.309017 0.000000
vn -1.000000 0.000002 0.000000
vn 0.000001 -1.000000 0.000000
vn -0.309017 -0.951057 0.000000
vn -0.309017 -0.951057 0.000000
vn -0.000000 -1.000000 0.000000
vn -0.809016 -0.587786 0.000000
vn -0.951057 -0.309017 0.000000
vn -0.951057 -0.309017 0.000000
vn -0.809016 -0.587786 0.000000
vn 0.365622 -0.930644 -0.014919
vn 0.049358 -0.998694 -0.013201
vn -0.000528 -0.999916 -0.012933
vn -0.000528 -0.999916 -0.012933
vn 0.000000 1.000000 0.000000
vn 0.000000 1.000000 0.000000
vn 0.000000 1.000000 0.000000
vn -0.809016 0.587786 0.000000
vn -0.587783 0.809018 0.000000
vn -0.587783 0.809018 0.000000
vn -0.809017 0.587786 0.000000
vn -0.230256 0.003587 0.973123
vn -0.230153 0.002821 0.973151
vn -0.231916 -0.005574 0.972720
vn -0.232123 -0.011300 0.972621
vn 0.064483 -0.097796 -0.993115
vn 0.042945 -0.099191 -0.994141
vn 0.044779 -0.100521 -0.993927
vn 0.065548 -0.096667 -0.993156
vn 0.063932 -0.096863 0.993242
vn 0.065081 -0.095679 0.993282
vn 0.044373 -0.099358 0.994062
vn 0.042521 -0.098018 0.994276
vn -0.309017 0.951057 0.000000
vn -0.309016 0.951057 0.000000
vn 0.309016 -0.951057 0.000000
vn 0.309017 -0.951057 0.000000
vn -0.587785 -0.809017 0.000000
vn -0.587785 -0.809017 0.000000
vn 0.358841 0.933213 -0.018603
vn 0.357239 0.933827 -0.018615
vn 0.084058 -0.072694 -0.993806
vn 0.085363 -0.070738 -0.993836
vn 0.100856 -0.038113 -0.994171
vn 0.100273 -0.039933 -0.994158
vn 0.969948 0.177997 0.165888
vn 0.887652 0.337404 0.313420
vn 0.822026 0.423771 0.380383
vn 0.822026 0.423771 0.380383
vn 0.898891 0.319727 0.299615
vn 0.999994 -0.003140 -0.001819
vn 0.999983 -0.005550 -0.002046
vn 0.999983 -0.005550 -0.002046
vn 0.999996 -0.002350 -0.001643
vn 0.999999 -0.001295 -0.000717
vn 0.000394 0.771571 0.636143
vn 0.000394 0.771571 0.636143
vn 0.000072 0.719310 0.694689
vn 0.000072 0.719248 0.694754
vn 0.000000 0.706933 0.707281
vn 0.000000 0.706933 0.707281
vn -0.002401 0.075799 0.997120
vn -0.002401 0.075799 0.997120
vn -0.002401 0.075799 0.997120
vn -0.002401 0.075799 0.997120
vn -0.001709 -0.629245 0.777205
vn -0.001709 -0.629245 0.777205
vn -0.001709 -0.629245 0.777205
vn -0.001709 -0.629245 0.777205
vn 0.000013 0.436110 -0.899894
vn 0.000013 0.436110 -0.899894
vn -0.000121 -0.750723 -0.660617
vn -0.000121 -0.750721 -0.660619
vn -0.000178 -0.752716 -0.658345
vn -0.000178 -0.752717 -0.658344
vn -0.821881 0.420390 0.384427
vn -0.875591 0.358222 0.324063
vn -0.971522 0.176444 0.158154
vn -0.821881 0.420390 0.384427
vn -0.981812 0.139871 0.128379
vn -0.998141 -0.045776 -0.040231
vn -0.999148 -0.029157 -0.029219
vn -0.998141 -0.045776 -0.040231
vn -1.000000 0.000235 -0.000542
vn -0.999656 -0.017806 -0.019257
vn -0.000272 -0.744518 -0.667602
vn -0.000272 -0.744518 -0.667603
vn 0.000000 -0.730846 -0.682542
vn 0.000000 -0.730846 -0.682542
vn -0.008014 -0.047051 0.998860
vn -0.157635 -0.011977 0.987425
vn -0.206452 -0.023556 0.978173
vn 0.083588 -0.072292 0.993875
vn 0.084974 -0.070257 0.993903
vn 0.106518 -0.001689 -0.994309
vn 0.106402 -0.004153 -0.994315
vn 0.105746 0.027142 -0.994023
vn 0.105030 0.031719 -0.993963
vn 0.095097 0.060937 -0.993601
vn 0.098389 0.054166 -0.993673
vn -0.967868 -0.251460 0.000196
vn -0.967843 -0.251557 0.000196
vn -0.164899 -0.015782 0.986184
vn -0.191829 -0.031441 0.980925
vn 0.105806 0.027112 0.994017
vn 0.105085 0.031717 0.993957
vn 0.083334 0.087794 -0.992647
vn 0.076153 0.105367 -0.991513
vn 0.098430 0.054135 0.993670
vn 0.095124 0.060913 0.993600
vn 0.080871 0.087687 0.992860
vn 0.070558 0.105993 0.991860
vn 0.052116 0.134356 0.989562
vn 0.049625 0.136968 0.989332
vn 0.004065 0.181936 -0.983302
vn 0.005074 0.182178 -0.983252
vn 0.004512 0.182155 0.983260
vn 0.004551 0.182162 0.983258
vn -0.018635 0.135964 0.990539
vn -0.017947 0.139073 0.990120
vn 0.032815 0.164881 0.985767
vn 0.036281 0.157404 0.986868
vn -0.020779 0.077991 0.996737
vn -0.021014 0.081805 0.996427
vn -0.037996 0.007701 -0.999248
vn -0.016993 0.044430 -0.998868
vn -0.017502 0.048289 -0.998680
vn -0.025630 0.024682 -0.999367
vn -0.043242 0.000114 -0.999065
vn -0.003343 -0.018914 -0.999816
vn -0.005841 -0.012035 -0.999911
vn -0.010622 -0.021545 -0.999711
vn -0.002360 -0.029941 -0.999549
vn -0.002397 -0.029713 0.999556
vn -0.253359 0.011491 0.967304
vn 0.000005 -0.000001 -1.000000
vn -0.017419 -0.006965 -0.999824
vn -0.173583 0.013793 0.984723
vn -0.229225 0.004533 0.973363
vn -0.038336 -0.003200 -0.999260
vn 0.022265 0.557540 -0.829852
vn 0.022265 0.557540 -0.829852
vn 0.020547 0.562104 -0.826811
vn 0.013222 0.545654 -0.837906
vn 0.999975 0.006999 0.000412
vn 0.999975 0.007024 0.000359
vn 0.013958 0.579420 -0.814909
vn 0.013148 0.576287 -0.817142
vn -0.000001 0.524309 -0.851528
vn -0.000001 0.524308 -0.851529
vn -0.000001 0.524309 -0.851528
vn 0.999975 0.007102 0.000194
vn 0.999975 0.007102 0.000194
vn -0.999942 -0.002335 -0.010552
vn -0.999942 -0.002335 -0.010552
s 1
g CP2077Quasar_LOD0 Backframe
usemtl PolymerGrip
f 635/1093/1335 636/1094/1336 634/1095/1337 644/1096/1338
s off
f 637/1097/1339 636/1094/1340 635/1093/1341 643/1098/1342
s 2
f 640/1099/1343 638/1100/1344 639/1101/1345 776/1102/1346
f 639/1101/1347 641/1103/1348 642/1104/1349 776/1102/1346
s off
f 643/1105/1350 638/1106/1351 640/1107/1352 637/1108/1353
s 4
f 642/1109/1354 641/1110/1355 644/1111/1356 634/1112/1357
s 5
f 638/1100/1358 646/1113/1359 645/1114/1360 639/1101/1361
f 645/1114/1360 646/1113/1359 647/1115/1362 648/1116/1363
s 2
f 639/1101/1347 645/1114/1364 649/1117/1365 641/1103/1348
f 645/1114/1364 648/1116/1366 650/1118/1367 649/1117/1365
s 6
f 651/1119/1368 646/1120/1369 638/1106/1370 643/1105/1371
f 652/1121/1372 647/1122/1373 646/1120/1369 651/1119/1368
s off
f 656/1123/1374 648/1124/1375 647/1125/1376 652/1126/1377
s 2
f 658/1127/1378 641/1103/1348 657/1128/1379 653/1129/1380
s 8
f 641/1110/1381 658/1130/1382 659/1131/1383 644/1111/1384
s 2
f 660/1132/1385 641/1103/1348 649/1117/1365
s 8
f 658/1130/1382 655/1133/1386 661/1134/1387 659/1131/1383
s 2
f 649/1117/1365 650/1118/1367 662/1135/1388 660/1132/1385
s 8
f 655/1133/1386 654/1136/1389 663/1137/1390 661/1134/1387
f 654/1136/1389 653/1138/1391 664/1139/1392 663/1137/1390
s 2
f 657/1128/1379 641/1103/1348 660/1132/1385
s 9
f 665/1140/1393 651/1141/1394 643/1098/1395 635/1093/1396
f 652/1142/1397 651/1141/1394 665/1140/1393 656/1143/1398
s 1
f 666/1144/1399 665/1140/1400 635/1093/1335 644/1096/1338
f 667/1145/1401 656/1143/1402 665/1140/1400 666/1144/1399
s 10
f 650/1146/1403 667/1147/1404 668/1148/1405 662/1149/1406
s 8
f 653/1138/1391 657/1150/1407 669/1151/1408 664/1139/1392
s 2
f 670/1152/1409 657/1128/1379 660/1132/1385 672/1153/1410
s 1
f 664/1154/1411 659/1155/1412 661/1156/1413 663/1157/1414
f 671/1158/1415 666/1144/1399 644/1096/1338
f 668/1159/1416 667/1145/1401 666/1144/1399 671/1158/1415
f 671/1158/1415 644/1096/1338 673/1160/1417
s 10
f 650/1146/1403 648/1124/1418 656/1123/1419 667/1147/1404
s 1
f 673/1160/1417 669/1161/1420 674/1162/1421 676/1163/1422
s 2
f 670/1152/1409 672/1153/1410 675/1164/1423
s 1
f 671/1158/1415 673/1160/1417 676/1163/1422 678/1165/1424
s 2
usemtl BrushedMetal_BackFrame
f 670/1152/1409 675/1164/1423 677/1166/1425
s off
usemtl PolymerGrip
f 674/1162/1426 679/1167/1427 676/1163/1428
s 2
f 675/1164/1423 672/1153/1410 681/1168/1429
s 12
usemtl BrushedMetal_BackFrame
f 683/1169/1430 682/1170/1431 688/1171/1432 748/1172/1433
s 2
f 685/1173/1434 797/1174/1435 798/1175/1436 692/1176/1437
usemtl PolymerGrip
f 689/1177/1438 682/1178/1439 683/1179/1440 691/1180/1441
f 691/1180/1441 683/1179/1440 801/1181/1442 802/1182/1443
s 12
usemtl BrushedMetal_BackFrame
f 693/1183/1444 690/1184/1445 695/1185/1446 771/1186/1447
s 16
f 798/1187/1448 746/1188/1449 752/1189/1450 692/1190/1451
s 1
usemtl PolymerGrip
f 672/1191/1452 678/1192/1453 694/1193/1454 681/1194/1455
s 2
usemtl BrushedMetal_BackFrame
f 698/1195/1456 685/1173/1434 692/1176/1437 700/1196/1457
usemtl PolymerGrip
f 690/1197/1458 693/1198/1459 699/1199/1460 697/1200/1461
s 1
f 694/1201/1462 676/1163/1422 679/1167/1463 702/1202/1464
s 2
usemtl BrushedMetal_BackFrame
f 701/1203/1465 698/1195/1456 700/1196/1457 703/1204/1466
s 1
usemtl PolymerGrip
f 676/1163/1422 694/1201/1462 678/1165/1424
f 702/1202/1464 679/1167/1463 680/1205/1467 718/1206/1468
s 2
usemtl BrushedMetal_BackFrame
f 795/1207/1469 796/1208/1470 701/1203/1465 703/1204/1466
s 12
f 706/1209/1471 763/1210/1472 762/1211/1473 704/1212/1474
s 2
f 677/1166/1425 675/1164/1423 805/1213/1475 708/1214/1476
f 706/1215/1477 704/1216/1478 709/1217/1479 711/1218/1480
s 16
f 711/1219/1481 709/1220/1482 765/1221/1483 764/1222/1484
s 2
f 710/1223/1485 706/1215/1477 711/1218/1480 713/1224/1486
f 714/1225/1487 708/1226/1476 707/1227/1488 721/1228/1489
f 707/1229/1488 710/1223/1485 713/1224/1486 715/1230/1490
usemtl PolymerGrip
f 717/1231/1491 672/1153/1410 660/1132/1385 662/1135/1388
s 1
f 681/1194/1455 694/1193/1454 720/1232/1492 810/1233/1493
s 2
usemtl BrushedMetal_BackFrame
f 719/1234/1494 714/1225/1487 721/1228/1489 725/1235/1495
s 21
f 716/1236/1496 723/1237/1497 724/1238/1498
s 2
f 721/1228/1489 707/1227/1488 715/1239/1490 726/1240/1499
f 722/1241/1500 719/1234/1494 725/1235/1495 729/1242/1501
s 1
usemtl PolymerGrip
f 720/1232/1492 694/1193/1454 702/1243/1502
f 720/1232/1492 702/1243/1502 718/1244/1503
s 2
usemtl BrushedMetal_BackFrame
f 725/1235/1495 721/1228/1489 726/1240/1499 730/1245/1504
s 1
usemtl PolymerGrip
f 720/1232/1492 718/1244/1503 728/1246/1505
f 720/1232/1492 728/1246/1505 731/1247/1506
s 2
usemtl BrushedMetal_BackFrame
f 729/1242/1501 725/1235/1495 730/1245/1504 733/1248/1507
s 10
usemtl PolymerGrip
f 717/1249/1508 662/1149/1406 668/1148/1405 732/1250/1509
s 2
usemtl BrushedMetal_BackFrame
f 734/1251/1510 729/1242/1501 733/1248/1507
s 21
f 812/1252/1511 813/1253/1512 723/1237/1497 716/1236/1496
s 10
usemtl PolymerGrip
f 672/1191/1513 717/1249/1508 732/1250/1509 678/1192/1514
s 1
f 732/1254/1515 668/1159/1416 671/1158/1415 678/1165/1424
s 2
usemtl BrushedMetal_BackFrame
f 686/1255/1516 737/1256/1517 738/1257/1518 684/1258/1519
f 682/1178/1439 689/1177/1438 738/1257/1518 737/1256/1517
s 22
f 739/1259/1520 740/1260/1521 741/1261/1522 742/1262/1523
f 740/1260/1521 743/1263/1524 744/1264/1525 741/1261/1522
f 743/1263/1524 745/1265/1526 746/1266/1527 744/1264/1525
f 747/1267/1528 748/1268/1529 749/1269/1530 750/1270/1531
f 745/1271/1526 751/1272/1532 752/1273/1533 746/1274/1527
f 751/1272/1532 753/1275/1534 754/1276/1535 752/1273/1533
f 753/1275/1534 756/1277/1536 757/1278/1537 754/1276/1535
s 2
usemtl PolymerGrip
f 675/1279/1538 681/1280/1539 808/1281/1540 809/1282/1541
s 22
usemtl BrushedMetal_BackFrame
f 758/1283/1542 759/1284/1543 760/1285/1544 761/1286/1545
f 762/1287/1546 763/1288/1547 764/1289/1548 765/1290/1549
f 766/1291/1550 767/1292/1551 768/1293/1552 769/1294/1553
s 1
usemtl PolymerGrip
f 680/1205/1467 687/1295/1554 728/1296/1505 718/1206/1468
f 687/1295/1554 696/1297/1555 731/1298/1506 728/1296/1505
f 723/1299/1556 731/1298/1506 696/1297/1555 724/1300/1557
s 2
usemtl BrushedMetal_BackFrame
f 727/1301/1558 722/1241/1500 729/1242/1501 734/1251/1510
f 736/1302/1559 727/1301/1558 734/1251/1510 735/1303/1560
s 22
f 770/1304/1561 771/1305/1562 772/1306/1563 773/1307/1564
s 16
f 794/1308/1565 761/1309/1566 760/1310/1567 681/1311/1568
s 12
f 701/1312/1569 796/1313/1570 774/1314/1571 756/1315/1572
s 22
f 759/1284/1543 770/1304/1561 773/1307/1564 760/1285/1544
s 16
f 703/1316/1573 757/1317/1574 775/1318/1575 795/1319/1576
s 22
f 695/1320/1577 747/1267/1528 750/1270/1531 755/1321/1578
f 756/1277/1536 774/1322/1579 775/1323/1580 757/1278/1537
f 774/1322/1579 762/1287/1546 765/1290/1549 775/1323/1580
f 767/1292/1551 758/1283/1542 761/1286/1545 768/1293/1552
f 705/1324/1581 766/1291/1550 769/1294/1553 712/1325/1582
f 803/1326/1583 688/1327/1584 739/1259/1520 742/1262/1523
f 771/1305/1562 695/1320/1577 755/1321/1578 772/1306/1563
f 763/1288/1547 705/1324/1581 712/1325/1582 764/1289/1548
s 12
f 698/1328/1585 753/1329/1586 751/1330/1587 685/1331/1588
s 1
usemtl PolymerGrip
f 779/1332/1589 777/1333/1590 778/1334/1591 780/1335/1592
f 637/1097/1593 777/1333/1590 779/1332/1589 636/1094/1336
f 781/1336/1594 779/1332/1589 780/1335/1595 782/1337/1596
f 783/1338/1597 636/1094/1336 779/1332/1589 781/1336/1594
f 784/1339/1598 634/1095/1337 636/1094/1336 783/1338/1597
s 30
f 785/1340/1599 778/1341/1600 777/1342/1601 789/1343/1602
f 777/1342/1601 637/1108/1603 640/1107/1604 789/1343/1602
s off
f 786/1344/1605 780/1345/1606 778/1346/1607 785/1347/1608
f 787/1348/1609 782/1349/1610 780/1345/1611 786/1344/1612
s 4
f 642/1109/1354 634/1112/1357 784/1350/1613 791/1351/1614
s 31
f 788/1352/1615 783/1353/1616 781/1354/1617 790/1355/1618
s 2
f 785/1356/1619 789/1357/1620 792/1358/1621 786/1359/1622
f 792/1358/1621 789/1357/1620 640/1099/1343 793/1360/1623
f 793/1360/1623 640/1099/1343 776/1102/1346
f 786/1359/1624 792/1358/1621 790/1361/1625 787/1362/1626
f 793/1360/1623 776/1102/1346 642/1104/1349 791/1363/1627 788/1364/1628
f 792/1358/1621 793/1360/1623 788/1364/1628 790/1361/1625
s 31
f 787/1348/1629 790/1355/1618 781/1354/1617 782/1349/1630
f 783/1353/1616 788/1352/1615 791/1351/1631 784/1350/1632
s 16
usemtl BrushedMetal_BackFrame
f 713/1365/1633 806/1366/1634 715/1367/1635
s 12
f 701/1312/1569 756/1315/1572 753/1329/1586 698/1328/1585
s 16
f 700/1368/1636 754/1369/1637 757/1317/1574 703/1316/1573
s 12
f 685/1331/1588 751/1330/1587 745/1370/1638 797/1371/1639
s 16
f 692/1190/1451 752/1189/1450 754/1369/1637 700/1368/1636
f 795/1319/1576 775/1318/1575 765/1221/1483 709/1220/1482
s 2
f 704/1216/1478 796/1208/1470 795/1207/1469 709/1217/1479
s 12
f 774/1314/1571 796/1313/1570 704/1212/1474 762/1211/1473
f 800/1372/1640 743/1373/1641 740/1374/1642 686/1375/1643
s 2
f 799/1376/1644 800/1377/1645 686/1255/1516 684/1258/1519
s 16
f 681/1311/1568 760/1310/1567 773/1378/1646 808/1379/1647
f 799/1380/1648 744/1381/1649 746/1188/1449 798/1187/1448
s 2
f 798/1175/1436 797/1174/1435 800/1377/1645 799/1376/1644
s 12
f 797/1371/1639 745/1370/1638 743/1373/1641 800/1372/1640
f 737/1382/1650 739/1383/1651 688/1171/1432 682/1170/1431
s 16
f 684/1384/1652 741/1385/1653 744/1381/1649 799/1380/1648
f 738/1386/1654 742/1387/1655 741/1385/1653 684/1384/1652
s 12
f 686/1375/1643 740/1374/1642 739/1383/1651 737/1382/1650
s 16
f 689/1388/1656 803/1389/1657 742/1387/1655 738/1386/1654
s 12
f 801/1390/1658 747/1391/1659 695/1185/1446 690/1184/1445
s 2
usemtl PolymerGrip
f 802/1182/1443 801/1181/1442 690/1197/1458 697/1200/1461
s 16
usemtl BrushedMetal_BackFrame
f 750/1392/1660 802/1393/1661 697/1394/1662 755/1395/1663
f 749/1396/1664 691/1397/1665 802/1393/1661 750/1392/1660
f 689/1388/1656 691/1397/1665 749/1396/1664 803/1389/1657
s 22
f 748/1268/1529 688/1327/1584 803/1326/1583 749/1269/1530
s 12
f 683/1169/1430 748/1172/1433 747/1391/1659 801/1390/1658
s 16
f 755/1395/1663 697/1394/1662 699/1398/1666 772/1399/1667
s 12
f 675/1400/1668 809/1401/1669 770/1402/1670 759/1403/1671
f 675/1400/1668 759/1403/1671 758/1404/1672
f 710/1405/1673 804/1406/1674 766/1407/1675 705/1408/1676
s 16
f 711/1219/1481 764/1222/1484 712/1409/1677 713/1365/1633
s 12
f 705/1408/1676 763/1210/1472 706/1209/1471 710/1405/1673
s 16
f 806/1366/1634 807/1410/1678 715/1367/1635
s 12
f 707/1411/1679 804/1406/1674 710/1405/1673
f 805/1412/1680 804/1406/1674 707/1411/1679
s 16
f 769/1413/1681 806/1366/1634 713/1365/1633 712/1409/1677
f 768/1414/1682 807/1410/1678 806/1366/1634 769/1413/1681
s 2
f 708/1214/1476 805/1213/1475 707/1415/1488
s 16
f 768/1414/1682 761/1309/1566 794/1308/1565 807/1410/1678
s 12
f 805/1412/1680 767/1416/1683 766/1407/1675 804/1406/1674
f 675/1400/1668 758/1404/1672 767/1416/1683 805/1412/1680
s 16
f 808/1379/1647 773/1378/1646 772/1399/1667 699/1398/1666
s 2
usemtl PolymerGrip
f 809/1282/1541 808/1281/1540 699/1199/1460 693/1198/1459
s 12
usemtl BrushedMetal_BackFrame
f 770/1402/1670 809/1401/1669 693/1183/1444 771/1186/1447
s 36
f 811/1417/1684 708/1418/1685 714/1419/1686 814/1420/1687
s 21
f 815/1421/1688 816/1422/1689 813/1253/1512 812/1252/1511
s 36
f 814/1420/1687 714/1419/1686 719/1423/1690 722/1424/1691
f 815/1425/1692 814/1420/1687 727/1426/1693 736/1427/1694
s 21
f 735/1428/1695 816/1422/1689 815/1421/1688 736/1429/1696
s 36
f 814/1420/1687 722/1424/1691 727/1426/1693
s 1
usemtl PolymerGrip
f 673/1160/1417 644/1096/1338 669/1161/1420
f 669/1161/1420 644/1096/1338 659/1155/1412 664/1154/1411
s 2
f 658/1127/1378 653/1129/1380 654/1430/1697 655/1431/1698
g default
v -0.417936 2.286004 -4.106941
v -0.411266 2.410035 5.656490
v -0.410611 2.410035 -4.101778
v -0.346804 2.480426 5.656490
v -0.348934 2.480426 -4.101779
v 0.418517 1.423551 -4.101780
v 0.417838 2.286004 -4.101778
v 0.418937 1.439499 5.656490
v -0.258260 2.501708 -4.101778
v 0.410685 2.410035 -4.101780
v 0.417364 2.286004 5.656490
v 0.256971 2.501708 -4.101780
v 0.345136 2.480426 5.656490
v 0.348889 2.480426 -4.102453
v -0.350244 1.242497 5.656490
v -0.408682 1.299546 5.656490
v -0.354246 1.242497 -4.101778
v -0.419042 1.422709 5.656490
v -0.409342 1.299546 -4.101780
v -0.259429 1.224038 5.656490
v -0.261105 1.224038 -4.101780
v -0.418411 2.286004 5.656490
v -0.419461 1.424417 -4.066792
v 0.257105 1.224038 5.656490
v 0.261411 1.224038 -4.101778
v 0.350791 1.242497 5.656490
v 0.408830 1.299546 5.656490
v 0.408170 1.299546 -4.101778
v -0.254627 2.501708 5.656490
v 0.254157 2.501708 5.656490
v 0.410030 2.410035 5.656490
v 0.353124 1.242497 -4.101780
v -0.419400 1.459409 -4.106941
v -0.416899 1.392795 -4.101779
v 0.349088 2.480426 -4.245561
v 0.257119 2.501708 -4.245561
v 0.410719 2.410035 -4.245561
v 0.360963 2.432113 -4.245559
v 0.417863 2.286004 -4.245561
v 0.361479 2.290892 -4.245559
v 0.217023 2.227229 -4.240053
v 0.224559 2.432113 -4.245559
v 0.312379 2.154717 -4.240053
v 0.362019 2.032130 -4.245559
v 0.055759 2.142114 -4.240053
v 0.212106 2.026448 -4.054475
v 0.263923 1.982014 -4.054475
v 0.141322 2.042712 -4.054475
v 0.329030 1.969328 -4.240053
v 0.129275 1.909161 -4.048969
v 0.282890 1.909161 -4.054475
v -0.258452 2.501708 -4.245561
v -0.349047 2.480426 -4.245559
v 0.363745 1.559506 -4.245559
v 0.418495 1.422709 -4.245561
v -0.225235 2.432113 -4.245559
v -0.360963 2.432113 -4.245559
v -0.217570 2.227229 -4.240053
v -0.056306 2.142114 -4.240053
v -0.410577 2.410035 -4.245561
v -0.141869 2.042712 -4.054475
v 0.263923 1.608583 -4.054475
v 0.129275 1.672183 -4.048969
v 0.282890 1.672183 -4.054475
v 0.329030 1.574359 -4.240053
v -0.212653 2.026448 -4.054475
v -0.129822 1.909161 -4.048969
v 0.212106 1.564148 -4.054475
v -0.417911 2.286004 -4.245561
v -0.361640 2.289565 -4.245559
v 0.312379 1.447275 -4.240053
v -0.264470 1.982014 -4.054475
v -0.312926 2.154717 -4.240053
v 0.141322 1.547884 -4.054475
v -0.283437 1.909161 -4.054475
v 0.217023 1.374763 -4.240053
v 0.364305 1.406037 -4.245559
v -0.362345 2.030409 -4.245559
v 0.408135 1.299546 -4.245559
v -0.329577 1.969328 -4.240053
v -0.522856 1.880672 -4.106941
v 0.353247 1.242497 -4.245561
v 0.055759 1.459879 -4.240053
v 0.364775 1.277468 -4.245559
v -0.212653 1.564148 -4.054475
v -0.129822 1.672183 -4.048969
v -0.141869 1.547884 -4.054475
v 0.233007 1.277468 -4.245559
v 0.261638 1.224038 -4.245561
v -0.283437 1.672183 -4.054475
v -0.264470 1.608582 -4.054475
v -0.522855 1.880669 -4.245563
v -0.419353 1.496224 -4.245561
v -0.329577 1.574359 -4.240053
v -0.564478 1.835073 -4.106941
v -0.217570 1.374763 -4.240053
v -0.312926 1.447275 -4.240053
v -0.564466 1.835061 -4.245536
v -0.364593 1.557135 -4.245559
v -0.540326 1.717631 -4.106941
v -0.232473 1.277468 -4.245561
v -0.056306 1.459879 -4.240053
v -0.618523 1.791168 -4.106941
v -0.618533 1.791026 -4.245395
v -0.673388 1.750091 -4.106941
v -0.646304 1.700845 -4.106941
v -0.261194 1.224038 -4.245561
v -0.728329 1.693172 -4.106941
v -0.451194 1.424423 -4.106941
v -0.673396 1.749968 -4.245368
v -0.365921 1.277468 -4.245559
v -0.745225 1.647717 -4.106941
v -0.540326 1.492852 -4.106941
v -0.416924 1.392794 -4.245561
v -0.745225 1.572963 -4.106941
v -0.552818 1.431405 -4.106941
v -0.504830 1.424423 -4.106941
v -0.728318 1.693106 -4.245368
v -0.646304 1.700845 -4.235031
v -0.451218 1.424423 -4.245562
v -0.409377 1.299546 -4.245561
v -0.504831 1.424423 -4.245563
v -0.354458 1.242497 -4.245561
v -0.745225 1.647655 -4.245449
v -0.694367 1.469494 -4.106941
v -0.614309 1.435867 -4.106941
v -0.552823 1.431385 -4.245595
v -0.728399 1.527482 -4.106941
v -0.540326 1.492852 -4.235154
v -0.614298 1.435734 -4.245730
v -0.745225 1.572902 -4.245683
v -0.728410 1.527417 -4.245763
v -0.694362 1.469373 -4.245762
v -0.464454 1.641759 -4.106941
v -0.481239 1.674702 -4.106941
v -0.481239 1.674702 -4.235160
v -0.464454 1.641759 -4.235159
v -0.458670 1.605241 -4.106941
v -0.458670 1.605241 -4.235159
v -0.464454 1.568724 -4.106941
v -0.464454 1.568724 -4.235160
v -0.613361 1.717631 -4.106941
v -0.613361 1.717631 -4.235034
v -0.672447 1.674702 -4.106941
v -0.689232 1.641759 -4.106941
v -0.689232 1.641759 -4.235140
v -0.672447 1.674702 -4.235080
v -0.695016 1.605241 -4.106941
v -0.695016 1.605241 -4.235206
v -0.613361 1.492852 -4.106941
v -0.576843 1.487069 -4.106941
v -0.576843 1.487069 -4.235180
v -0.613361 1.492852 -4.235255
v -0.689232 1.568724 -4.106941
v -0.672447 1.535781 -4.106941
v -0.672447 1.535781 -4.235275
v -0.689232 1.568724 -4.235257
v -0.507383 1.700845 -4.106941
v -0.576843 1.723414 -4.106941
v -0.507383 1.700845 -4.235161
v -0.540326 1.717631 -4.235156
v -0.576843 1.723414 -4.235089
v -0.481239 1.535781 -4.106941
v -0.507383 1.509638 -4.106941
v -0.481239 1.535781 -4.235160
v -0.507383 1.509638 -4.235161
v -0.646304 1.509638 -4.106941
v -0.646304 1.509638 -4.235276
v -0.362811 1.932353 -4.245559
v -0.418590 1.914340 -4.245561
v -0.364164 1.647422 -4.245559
v -0.419071 1.650811 -4.245561
v -0.419230 1.563837 -4.245561
v -0.419134 1.616111 -4.245561
v -0.419027 1.675074 -4.245561
v -0.700858 1.721632 -4.106941
v -0.700857 1.721537 -4.245368
v -0.654330 1.452554 -4.245746
v -0.654338 1.452681 -4.106941
v -0.418147 1.426028 -4.101779
vt 0.053435 0.299884
vt 0.053423 0.643418
vt 0.049049 0.643599
vt 0.049061 0.299884
vt 0.056795 0.299884
vt 0.056718 0.643418
vt 0.118872 0.299878
vt 0.119490 0.643413
vt 0.089128 0.643417
vt 0.089071 0.299883
vt 0.059997 0.643418
vt 0.060126 0.299884
vt 0.084754 0.643418
vt 0.084697 0.299884
vt 0.081326 0.299884
vt 0.081456 0.643442
vt 0.078135 0.643418
vt 0.078037 0.299884
vt 0.011516 0.643417
vt 0.011444 0.299881
vt 0.014319 0.299882
vt 0.014308 0.643417
vt 0.008173 0.643416
vt 0.008182 0.299881
vt 0.126677 0.299877
vt 0.130038 0.299876
vt 0.129955 0.643411
vt 0.126661 0.643412
vt 0.123870 0.643412
vt 0.123812 0.299877
vt 0.019950 0.643598
vt 0.018718 0.642185
vt 0.018670 0.299882
vt 0.017601 0.643417
vt 0.081463 0.648481
vt 0.084756 0.648480
vt 0.078141 0.648480
vt 0.089129 0.648479
vt 0.135033 0.648023
vt 0.139286 0.649886
vt 0.140319 0.654003
vt 0.139181 0.637840
vt 0.150925 0.649836
vt 0.151490 0.632352
vt 0.165213 0.625034
vt 0.143335 0.626200
vt 0.119519 0.648472
vt 0.139024 0.615765
vt 0.141850 0.610394
vt 0.234537 0.659071
vt 0.229404 0.680121
vt 0.220718 0.673159
vt 0.230534 0.655256
vt 0.240318 0.660327
vt 0.246433 0.677841
vt 0.214135 0.656785
vt 0.229272 0.649554
vt 0.241214 0.649484
vt 0.059992 0.648482
vt 0.056715 0.648484
vt 0.138684 0.575453
vt 0.141686 0.576708
vt 0.053421 0.648483
vt 0.192166 0.655579
vt 0.189303 0.649657
vt 0.200883 0.649598
vt 0.199886 0.653724
vt 0.174771 0.624989
vt 0.188563 0.632180
vt 0.274489 0.679628
vt 0.257229 0.678240
vt 0.262853 0.660055
vt 0.268586 0.658626
vt 0.230234 0.625448
vt 0.240934 0.630169
vt 0.228876 0.630479
vt 0.205106 0.647695
vt 0.215168 0.619814
vt 0.219665 0.608653
vt 0.261630 0.649248
vt 0.234077 0.621512
vt 0.049044 0.648479
vt 0.200887 0.637439
vt 0.196664 0.625956
vt 0.272478 0.654686
vt 0.228073 0.601253
vt 0.282934 0.672256
vt 0.239768 0.620103
vt 0.143052 0.565862
vt 0.138584 0.562358
vt 0.273567 0.648941
vt 0.123870 0.648472
vt 0.245338 0.602324
vt 0.133961 0.563802
vt 0.134814 0.553287
vt 0.200860 0.615335
vt 0.198004 0.610138
vt 0.288942 0.655599
vt 0.241367 0.537997
vt 0.278333 0.548685
vt 0.274796 0.560928
vt 0.237812 0.550245
vt 0.151151 0.559636
vt 0.138506 0.551386
vt 0.126657 0.648472
vt 0.139478 0.548398
vt 0.267891 0.621066
vt 0.261300 0.629934
vt 0.262153 0.619837
vt 0.149752 0.551330
vt 0.164942 0.566827
vt 0.129945 0.648472
vt 0.273365 0.629857
vt 0.271849 0.624873
vt 0.200863 0.606972
vt 0.286685 0.618654
vt 0.281781 0.607715
vt 1.219188 0.589073
vt 1.218140 0.598688
vt 1.222786 0.594901
vt 1.222331 0.588570
vt 0.273119 0.600731
vt 0.256079 0.602722
vt 0.232349 0.548656
vt 0.235925 0.536411
vt 1.210950 0.584893
vt 1.205588 0.637532
vt 1.214563 0.602620
vt 1.213205 0.587140
vt 0.189474 0.551160
vt 0.174498 0.566788
vt 0.147289 0.546784
vt 0.191910 0.546593
vt 0.229786 0.534601
vt 0.226176 0.546842
vt 0.205618 0.605414
vt 0.205685 0.637113
vt 0.222681 0.594870
vt 0.222190 0.588558
vt 0.224989 0.587112
vt 0.227369 0.591350
vt 0.200846 0.574974
vt 0.197831 0.576462
vt 0.196380 0.565629
vt 0.200868 0.551122
vt 0.223738 0.532810
vt 0.220105 0.545060
vt 0.188231 0.559477
vt 0.018773 0.643418
vt 1.208327 0.563350
vt 1.205368 0.560598
vt 1.205446 0.563460
vt 0.215741 0.530455
vt 0.219826 0.531551
vt 0.216716 0.544491
vt 0.213129 0.543996
vt 0.154739 0.543892
vt 0.154049 0.527276
vt 0.159490 0.527642
vt 0.160126 0.543660
vt 0.205260 0.560942
vt 0.205501 0.569760
vt 0.204584 0.552993
vt 1.225821 0.565754
vt 1.225137 0.570658
vt 1.227392 0.572906
vt 1.229270 0.567195
vt 0.210532 0.529360
vt 0.208450 0.543541
vt 0.008176 0.648477
vt 0.011523 0.648479
vt 0.014312 0.648478
vt 0.017604 0.648477
vt 0.166301 0.543388
vt 0.165736 0.527381
vt 0.171403 0.527196
vt 0.171847 0.543136
vt 0.199879 0.548143
vt 1.232226 0.586448
vt 1.228853 0.582027
vt 1.227412 0.584866
vt 1.229865 0.588902
vt 0.178617 0.527027
vt 0.178807 0.542883
vt 0.196668 0.527579
vt 0.202236 0.528133
vt 0.200847 0.543002
vt 0.195743 0.542818
vt 0.215872 0.569442
vt 0.212790 0.563573
vt 0.216904 0.564120
vt 0.218982 0.568934
vt 0.188839 0.527129
vt 0.188430 0.542722
vt 0.183647 0.542765
vt 0.183724 0.527018
vt 0.224909 0.570826
vt 0.225610 0.565880
vt 0.229040 0.567317
vt 0.227147 0.573042
vt 0.148175 0.655784
vt 0.229098 0.578948
vt 0.228590 0.575840
vt 0.231993 0.572264
vt 0.233450 0.576155
vt 0.134367 0.637447
vt 0.198279 0.525627
vt 0.193371 0.525422
vt 0.194086 0.508406
vt 0.198990 0.508612
vt 0.203187 0.525832
vt 0.203897 0.508816
vt 0.208094 0.526037
vt 0.208803 0.509020
vt 0.173747 0.524597
vt 0.168840 0.524390
vt 0.169552 0.507389
vt 0.174459 0.507595
vt 0.163932 0.524185
vt 0.159025 0.523979
vt 0.159738 0.506963
vt 0.164645 0.507177
vt 0.208203 0.563623
vt 0.154118 0.523775
vt 0.154831 0.506749
vt 0.232630 0.527061
vt 0.227723 0.526856
vt 0.228436 0.509834
vt 0.233346 0.510031
vt 0.247347 0.527679
vt 0.242442 0.527472
vt 0.243160 0.510443
vt 0.248066 0.510653
vt 0.188465 0.525215
vt 0.189181 0.508201
vt 0.217908 0.526448
vt 0.213001 0.526242
vt 0.213711 0.509225
vt 0.218618 0.509428
vt 0.183559 0.525009
vt 0.178652 0.524803
vt 0.179367 0.507796
vt 0.184275 0.507994
vt 0.252255 0.527885
vt 0.252971 0.510867
vt 0.237536 0.527266
vt 0.238252 0.510236
vt 0.222816 0.526652
vt 0.223527 0.509634
vt 0.213070 0.570886
vt 0.222172 0.564461
vt 0.222095 0.569411
vt 0.210855 0.573128
vt 1.213177 0.570678
vt 1.216011 0.569229
vt 1.212945 0.563342
vt 1.205595 0.566367
vt 1.210930 0.572933
vt 0.214507 0.602514
vt 0.205536 0.585014
vt 0.200847 0.582679
vt 0.205522 0.582945
vt 0.210914 0.584954
vt 0.209477 0.582151
vt 0.205498 0.575526
vt 0.209445 0.575941
vt 0.208971 0.579046
vt 0.205506 0.579987
vt 0.213151 0.587173
vt 0.215965 0.588592
vt 0.218062 0.598627
vt 0.219081 0.589069
vt 0.228620 0.582060
vt 0.232045 0.586454
vt 0.229713 0.588908
vt 0.227204 0.584873
vt 1.233663 0.576096
vt 1.229345 0.578883
vt 1.233674 0.582532
vt 1.225165 0.587120
vt 1.227504 0.591356
vt 1.217078 0.563936
vt 1.219154 0.568725
vt 1.222299 0.569218
vt 1.222372 0.564312
vt 1.232208 0.572183
vt 1.228842 0.575739
vt 0.233475 0.582556
vt 1.216043 0.588581
vt 1.209500 0.582060
vt 1.208997 0.578916
vt 1.209490 0.575772
vn -0.998303 0.058229 -0.000058
vn -0.998303 0.058240 -0.000060
vn -0.999850 0.017302 -0.000052
vn -0.999911 0.013305 0.000015
vn -0.744778 0.667312 0.000056
vn -0.744890 0.667187 0.000058
vn -0.744890 0.667187 0.000058
vn -0.744778 0.667312 0.000056
vn 0.999958 -0.009207 0.000003
vn 0.999957 -0.009252 0.000003
vn 0.999964 0.008544 0.000009
vn 0.999963 0.008554 0.000009
vn -0.035257 0.999378 0.000011
vn -0.226743 0.973955 0.000069
vn -0.226716 0.973961 0.000067
vn -0.035232 0.999379 0.000010
vn 0.998299 0.058293 0.000060
vn 0.998299 0.058305 0.000058
vn 0.226665 0.973973 0.000076
vn 0.226648 0.973977 0.000079
vn 0.035384 0.999374 0.000012
vn 0.035235 0.999379 0.000012
vn 0.743454 0.668787 0.000174
vn 0.743456 0.668784 0.000174
vn 0.743331 0.668924 0.000168
vn 0.743331 0.668923 0.000168
vn -0.709021 -0.705187 0.000176
vn -0.708863 -0.705347 0.000169
vn -0.708863 -0.705347 0.000169
vn -0.709021 -0.705187 0.000176
vn -0.196728 -0.980458 0.000059
vn -0.196764 -0.980451 0.000057
vn -0.196764 -0.980451 0.000057
vn -0.196728 -0.980458 0.000059
vn 0.195292 -0.980745 0.000066
vn 0.195292 -0.980745 0.000066
vn 0.195322 -0.980739 0.000069
vn 0.195322 -0.980739 0.000069
vn 0.710399 -0.703799 0.000063
vn 0.710256 -0.703943 0.000061
vn 0.710256 -0.703943 0.000061
vn 0.710399 -0.703799 0.000063
vn 0.997011 -0.077260 0.000008
vn 0.997004 -0.077345 0.000008
vn -0.999999 0.001400 -0.000018
vn -0.999853 -0.017131 0.000039
vn -0.999851 -0.017250 0.000041
vn -0.996610 -0.082269 0.000042
vn -0.996610 -0.082271 0.000050
vn -0.996609 -0.082288 0.000048
vn 0.751932 0.659240 0.000611
vn 0.751932 0.659240 0.000611
vn 0.034989 0.999388 0.000042
vn 0.225508 0.974241 0.000273
vn 0.998343 0.057543 0.000207
vn 0.999969 0.007907 0.000033
vn -0.000022 -0.000002 -1.000000
vn -0.002478 -0.016986 -0.999853
vn -0.000007 -0.000024 -1.000000
vn -0.024051 -0.008747 -0.999672
vn 0.002199 -0.014919 -0.999886
vn -0.002912 -0.023679 -0.999715
vn 0.000697 -0.019718 -0.999805
vn -0.080166 -0.009147 -0.996740
vn 0.999951 -0.009900 0.000013
vn -0.030662 -0.000886 -0.999529
vn -0.155402 -0.000882 -0.987851
vn -0.157616 -0.701271 -0.695252
vn -0.078638 -0.717240 -0.692375
vn -0.467660 -0.588539 -0.659482
vn -0.467660 -0.588539 -0.659482
vn 0.121374 -0.810902 -0.572456
vn 0.075323 -0.840805 -0.536073
vn -0.938407 -0.129426 -0.320376
vn -0.938407 -0.129426 -0.320376
vn -0.960938 -0.049601 -0.272282
vn -0.965104 -0.030013 -0.260141
vn -0.031073 -0.018107 -0.999353
vn -0.010069 -0.012076 -0.999876
vn -0.018083 -0.034140 -0.999254
vn -0.035821 -0.001064 -0.999358
vn -0.001060 -0.041097 -0.999155
vn -0.035144 0.999382 0.000037
vn -0.228591 0.973522 0.000242
vn -0.032027 0.000608 -0.999487
vn -0.151865 0.001282 -0.988401
vn -0.752516 0.658574 0.000203
vn -0.752516 0.658574 0.000203
vn -0.000001 -0.000019 -1.000000
vn -0.002200 -0.014902 -0.999887
vn 0.002503 -0.017011 -0.999852
vn -0.000003 -0.000013 -1.000000
vn -0.000696 -0.019716 -0.999805
vn 0.002985 -0.023681 -0.999715
vn 0.078638 -0.717241 -0.692374
vn -0.075323 -0.840805 -0.536072
vn -0.121374 -0.810903 -0.572456
vn 0.157616 -0.701272 -0.695252
vn -0.031707 0.019400 -0.999309
vn -0.010197 0.012406 -0.999871
vn -0.035820 0.001054 -0.999358
vn 0.000019 -0.000001 -1.000000
vn -0.919279 0.171709 -0.354178
vn -0.965324 0.026876 -0.259669
vn -0.956618 0.063546 -0.284332
vn -0.919279 0.171709 -0.354178
vn 0.001060 -0.041097 -0.999155
vn 0.010069 -0.012076 -0.999876
vn 0.018083 -0.034140 -0.999253
vn -0.019429 0.036032 -0.999162
vn -0.978376 0.206833 -0.000120
vn -0.998258 0.058994 -0.000211
vn 0.024192 -0.008761 -0.999669
vn 0.080583 -0.009217 -0.996705
vn 0.031073 -0.018107 -0.999353
vn -0.160345 0.723040 -0.671939
vn -0.478896 0.602674 -0.638312
vn -0.478896 0.602674 -0.638312
vn -0.081890 0.739261 -0.668421
vn 0.467658 -0.588539 -0.659483
vn 0.467658 -0.588539 -0.659483
vn -0.001149 0.044142 -0.999025
vn -0.070064 0.015113 -0.997428
vn -0.033919 0.010960 -0.999364
vn 0.035821 -0.001064 -0.999358
vn 0.996509 -0.083486 0.000046
vn 0.125191 0.833715 -0.537817
vn 0.076198 0.864570 -0.496702
vn -0.000024 -0.000003 -1.000000
vn -0.000010 -0.000001 -1.000000
vn 0.049685 -0.001871 -0.998763
vn 0.148427 -0.001886 -0.988922
vn 0.960938 -0.049601 -0.272281
vn 0.938408 -0.129426 -0.320375
vn 0.938408 -0.129426 -0.320375
vn 0.965104 -0.030013 -0.260141
vn -0.951039 0.309070 -0.000090
vn -0.951043 0.309058 -0.000090
vn 0.000519 0.048039 -0.998845
vn -0.012813 0.022820 -0.999658
vn 0.720127 -0.693842 0.000222
vn 0.720127 -0.693842 0.000222
vn -0.000003 0.000032 -1.000000
vn 0.019425 0.036031 -0.999162
vn 0.010197 0.012406 -0.999871
vn 0.001149 0.044142 -0.999025
vn 0.004101 0.023628 -0.999712
vn 0.000579 0.031156 -0.999514
vn 0.197419 -0.980319 0.000241
vn 0.197419 -0.980319 0.000241
vn 0.035820 0.001054 -0.999358
vn 0.031704 0.019400 -0.999309
vn 0.065249 -0.000137 -0.997869
vn 0.956618 0.063546 -0.284332
vn 0.965324 0.026876 -0.259669
vn 0.919279 0.171709 -0.354178
vn 0.919279 0.171709 -0.354178
vn -0.000002 -0.000001 1.000000
vn 0.000006 -0.000002 1.000000
vn -0.000011 0.000001 1.000000
vn -0.000006 0.000002 1.000000
vn 0.081890 0.739262 -0.668421
vn 0.160344 0.723041 -0.671939
vn -0.125191 0.833715 -0.537817
vn -0.076198 0.864570 -0.496702
vn 0.478895 0.602675 -0.638312
vn 0.478895 0.602675 -0.638312
vn -0.683514 0.729937 -0.000261
vn -0.683472 0.729977 -0.000261
vn -0.000019 0.000000 1.000000
vn 0.000007 -0.000001 1.000000
vn 0.000008 -0.000002 1.000000
vn 0.000008 -0.000002 1.000000
vn -0.004079 0.023637 -0.999712
vn -0.000583 0.031168 -0.999514
vn 0.000001 0.000018 -1.000000
vn -0.000001 0.000014 -1.000000
vn -0.615404 0.788212 -0.000582
vn -0.615402 0.788213 -0.000582
vn -0.004885 -0.007007 -0.999964
vn 0.000035 -0.000000 -1.000000
vn 0.069094 -0.121279 -0.990211
vn 0.077053 -0.128116 -0.988761
vn 0.111454 -0.137930 -0.984151
vn 0.107144 -0.138882 -0.984496
vn 0.067660 0.002236 -0.997706
vn 0.132100 0.002470 -0.991233
vn 0.084957 0.011289 -0.996321
vn 0.008642 0.017072 -0.999817
vn -0.645102 0.764096 -0.000661
vn -0.645141 0.764063 -0.000661
vn -0.008640 0.051622 -0.998629
vn -0.998393 -0.040762 -0.039368
vn -0.013927 0.006275 0.999883
vn -0.154014 -0.005799 0.988052
vn -0.157280 0.070383 0.985043
vn -0.857340 0.514750 -0.000308
vn -0.719386 0.694611 -0.000482
vn -0.719386 0.694611 -0.000482
vn -0.857444 0.514577 -0.000308
vn -0.677970 -0.735090 0.000121
vn -0.677970 -0.735090 0.000121
vn -0.677970 -0.735090 0.000121
vn -0.677970 -0.735090 0.000121
vn 0.000027 0.000001 -1.000000
vn -0.033494 0.014507 -0.999334
vn 0.000028 0.000001 -1.000000
vn 0.000009 0.000002 1.000000
vn 0.000007 0.000001 1.000000
vn -0.000011 0.000004 1.000000
vn -0.000004 0.000002 1.000000
vn -0.990267 0.139183 -0.000078
vn -0.990316 0.138832 -0.000078
vn -0.194277 -0.980947 0.000203
vn -0.194277 -0.980947 0.000203
vn -0.996736 -0.080725 0.000209
vn -0.996736 -0.080725 0.000209
vn -0.068465 -0.997654 0.000034
vn -0.068449 -0.997655 0.000034
vn -0.103360 -0.994644 0.000338
vn -0.103327 -0.994647 0.000338
vn -0.719874 -0.694104 0.000617
vn -0.719874 -0.694104 0.000617
vn -0.000006 0.000018 -1.000000
vn 0.000000 0.000004 1.000000
vn 0.000003 0.000006 1.000000
vn -0.000005 -0.000000 1.000000
vn -0.000006 -0.000000 1.000000
vn -0.204707 -0.978823 0.000676
vn -0.204776 -0.978809 0.000676
vn -0.897495 -0.441025 0.000288
vn -0.990349 -0.138593 0.000077
vn -0.990300 -0.138943 0.000077
vn -0.897456 -0.441104 0.000288
vn -0.011258 0.141883 -0.989819
vn -0.016873 0.132004 -0.991106
vn 0.009468 0.173718 -0.984750
vn 0.014504 0.179035 -0.983736
vn -0.862499 -0.506058 0.000354
vn -0.862499 -0.506058 0.000354
vn -0.387301 -0.921953 0.000821
vn -0.387301 -0.921953 0.000821
vn -0.387300 -0.921954 0.000805
vn -0.387300 -0.921954 0.000805
vn 0.089378 0.154398 -0.983958
vn 0.086431 0.160800 -0.983195
vn 0.122766 0.125776 -0.984433
vn 0.147965 0.109292 -0.982935
vn -0.000001 -0.000021 -1.000000
vn 0.188340 0.004224 -0.982095
vn 0.179757 0.070084 -0.981211
vn 0.175297 0.081098 -0.981170
vn 0.191727 0.037011 -0.980750
vn -0.000024 -0.000000 -1.000000
vn -0.951057 -0.309016 0.000000
vn -0.809018 -0.587784 0.000000
vn -0.809016 -0.587786 0.000000
vn -0.951056 -0.309017 0.000000
vn -1.000000 -0.000001 0.000000
vn -1.000000 -0.000000 0.000000
vn -0.951057 0.309016 0.000000
vn -0.951057 0.309016 0.000000
vn 0.308999 -0.951062 0.000000
vn 0.587795 -0.809010 0.000000
vn 0.587845 -0.808974 0.000000
vn 0.308924 -0.951087 0.000000
vn 0.809036 -0.587759 0.000000
vn 0.951069 -0.308979 0.000000
vn 0.951122 -0.308817 0.000000
vn 0.809124 -0.587638 0.000000
vn -0.050979 0.063881 -0.996655
vn 0.000000 -1.000000 -0.000001
vn 0.000000 -1.000000 -0.000001
vn 1.000000 0.000037 0.000000
vn 1.000000 0.000197 0.000000
vn 0.309045 0.951048 0.000000
vn 0.000031 1.000000 0.000000
vn 0.000170 1.000000 0.000000
vn 0.309169 0.951007 0.000000
vn 0.951050 0.309039 0.000000
vn 0.809013 0.587791 0.000000
vn 0.808998 0.587811 0.000000
vn 0.951020 0.309129 0.000000
vn -0.587786 -0.809017 0.000000
vn -0.587790 -0.809014 0.000000
vn -0.587787 0.809016 0.000000
vn -0.809018 0.587784 0.000000
vn -0.809016 0.587786 0.000000
vn -0.587793 0.809011 0.000000
vn -0.309038 -0.951050 0.000000
vn -0.000038 -1.000000 0.000000
vn -0.000204 -1.000000 0.000000
vn -0.309132 -0.951019 0.000000
vn 0.587790 0.809013 0.000000
vn 0.587812 0.808998 0.000000
vn -0.309010 0.951059 0.000000
vn -0.308986 0.951066 0.000000
vn -0.071600 0.088102 -0.993535
vn 0.043287 0.181695 -0.982402
vn 0.052683 0.179700 -0.982310
vn -0.133605 0.051404 -0.989701
vn 0.000000 -0.000000 1.000000
vn -0.000007 -0.000001 1.000000
vn -0.000007 -0.000000 1.000000
vn -0.005357 0.004876 0.999974
vn 0.000005 -0.000001 1.000000
vn 0.006364 -0.035315 -0.999356
vn -0.052038 -0.006836 -0.998622
vn 0.097137 -0.000199 -0.995271
vn -0.137868 -0.025928 -0.990111
vn -0.124312 -0.014309 -0.992140
vn -0.207643 -0.037777 -0.977475
vn -0.091760 0.011350 -0.995717
vn -0.199465 0.025181 -0.979581
vn -0.237275 0.002785 -0.971439
vn -0.088532 -0.000999 -0.996073
vn -0.062725 -0.032338 -0.997507
vn 0.014905 -0.062679 -0.997922
vn 0.043775 -0.086783 -0.995265
vn 0.049598 -0.096230 -0.994123
vn 0.167205 -0.064558 -0.983806
vn 0.158377 -0.081891 -0.983977
vn 0.140452 -0.120622 -0.982712
vn 0.142542 -0.115261 -0.983055
vn 0.000005 -0.000006 1.000000
vn 0.000004 -0.000000 1.000000
vn 0.000005 0.000007 1.000000
vn -0.000000 0.000003 1.000000
vn 0.000001 0.000003 1.000000
vn -0.000003 -0.000001 1.000000
vn -0.000001 -0.000000 1.000000
vn 0.000008 0.000002 1.000000
vn 0.000006 0.000001 1.000000
vn -0.000009 0.000000 1.000000
vn -0.000003 -0.000004 1.000000
vn 0.183203 -0.033550 -0.982502
vn 0.000011 -0.000003 1.000000
vn 0.000009 -0.000000 1.000000
vn 0.000013 -0.000001 1.000000
vn 0.000009 -0.000002 1.000000
s 1
g CP2077Quasar_LOD0 UpperReciever
usemtl BrushedMetal_Reciever
f 818/1432/1699 819/1433/1700 817/1434/1701 838/1435/1702
s 2
f 820/1436/1703 821/1437/1704 819/1433/1705 818/1432/1706
s 3
f 824/1438/1707 822/1439/1708 823/1440/1709 827/1441/1710
s 4
f 825/1442/1711 821/1437/1712 820/1436/1713 845/1443/1714
s 3
f 827/1441/1710 823/1440/1709 826/1444/1715 847/1445/1716
s 4
f 829/1446/1717 830/1447/1718 828/1448/1719 846/1449/1720
s 6
f 826/1444/1721 830/1447/1722 829/1446/1723 847/1445/1724
s 7
f 833/1450/1725 831/1451/1726 832/1452/1727 835/1453/1728
s 8
f 837/1454/1729 836/1455/1730 831/1451/1731 833/1450/1732
s 9
f 842/1456/1733 840/1457/1734 841/1458/1735 848/1459/1736
s 10
f 844/1460/1737 843/1461/1738 842/1456/1739 848/1459/1740
s 3
f 822/1439/1708 824/1438/1707 843/1461/1741 844/1460/1742
s 4
f 845/1443/1714 846/1449/1720 828/1448/1719 825/1442/1711
s 1
f 838/1435/1702 849/1462/1743 839/1463/1744 834/1464/1745
f 834/1464/1745 839/1463/1744 850/1465/1746 835/1453/1747 832/1452/1748
s 6
f 851/1466/1749 830/1447/1722 826/1444/1721 853/1467/1750
s 4
f 852/1468/1751 828/1448/1719 830/1447/1718 851/1466/1752
s 3
f 853/1467/1753 826/1444/1715 823/1440/1709 855/1469/1754
s 11
usemtl CarbonFiber
f 853/1470/1755 854/1471/1756 851/1472/1757
f 854/1471/1756 853/1470/1755 856/1473/1758
f 858/1474/1759 854/1471/1756 857/1475/1760 861/1476/1761
f 857/1475/1760 854/1471/1756 856/1473/1758 859/1477/1762
s 3
usemtl BrushedMetal_Reciever
f 855/1469/1754 823/1440/1709 822/1439/1708 871/1478/1763
s 11
usemtl CarbonFiber
f 859/1477/1762 856/1473/1758 860/1479/1764 865/1480/1765
s 12
f 862/1481/1766 857/1482/1767 859/1483/1768 863/1484/1769
f 857/1482/1767 862/1481/1766 864/1485/1770 861/1486/1771
s 13
f 863/1484/1772 859/1483/1773 865/1487/1774 867/1488/1775
s 14
f 863/1484/1776 866/1489/1777 862/1481/1778
f 867/1488/1779 866/1489/1777 863/1484/1776
f 862/1481/1778 866/1489/1777 864/1485/1780
s 4
usemtl BrushedMetal_Reciever
f 821/1437/1712 825/1442/1711 868/1490/1781 869/1491/1782
s 11
usemtl CarbonFiber
f 865/1480/1765 860/1479/1764 870/1492/1783 881/1493/1784
s 2
usemtl BrushedMetal_Reciever
f 819/1433/1705 821/1437/1704 869/1491/1785 876/1494/1786
s 11
usemtl CarbonFiber
f 868/1495/1787 872/1496/1788 873/1497/1789 869/1498/1790
f 872/1496/1788 875/1499/1791 874/1500/1792 873/1497/1789
s 12
f 874/1501/1793 875/1502/1794 877/1503/1795 882/1504/1796
s 14
f 878/1505/1797 879/1506/1798 880/1507/1799
s 11
f 869/1498/1790 873/1497/1789 876/1508/1800
s 13
f 878/1505/1801 880/1507/1802 881/1509/1803 887/1510/1804
s 14
f 877/1503/1805 883/1511/1806 882/1504/1807
f 879/1506/1798 878/1505/1797 884/1512/1808
s 1
usemtl BrushedMetal_Reciever
f 885/1513/1809 817/1434/1701 819/1433/1700 876/1494/1810
s 11
usemtl CarbonFiber
f 886/1514/1811 873/1497/1789 874/1500/1792 889/1515/1812
f 873/1497/1789 886/1514/1811 876/1508/1800
s 14
f 882/1504/1807 883/1511/1806 888/1516/1813
s 17
f 884/1512/1814 878/1505/1815 887/1510/1816 892/1517/1817
s 12
f 889/1518/1818 874/1501/1793 882/1504/1796 888/1516/1819
s 14
f 890/1519/1820 879/1506/1798 884/1512/1808
s 11
f 887/1520/1821 881/1493/1784 870/1492/1783 893/1521/1822
s 14
f 888/1516/1813 883/1511/1806 891/1522/1823
s 3
usemtl BrushedMetal_Reciever
f 871/1478/1763 822/1439/1708 844/1460/1742 895/1523/1824
s 17
usemtl CarbonFiber
f 890/1519/1825 884/1512/1814 892/1517/1817 899/1524/1826
s 11
f 893/1521/1822 870/1492/1783 871/1525/1827 895/1526/1828
f 894/1527/1829 886/1514/1811 889/1515/1812 896/1528/1830
s 18
f 896/1529/1831 889/1518/1832 888/1516/1833 891/1522/1834
s 1
usemtl BrushedMetal_Reciever
f 897/1530/1835 817/1531/1701 885/1532/1809 908/1533/1836
s 11
usemtl CarbonFiber
f 892/1534/1837 887/1520/1821 893/1521/1822 900/1535/1838
s 10
usemtl BrushedMetal_Reciever
f 844/1460/1737 848/1459/1740 898/1536/1839 895/1523/1840
s 11
usemtl CarbonFiber
f 900/1535/1838 893/1521/1822 895/1526/1828
f 898/1537/1841 900/1535/1838 895/1526/1828
s 14
f 901/1538/1842 902/1539/1843 903/1540/1844
s 11
f 892/1534/1837 900/1535/1838 904/1541/1845 899/1542/1846
s 9
usemtl BrushedMetal_Reciever
f 848/1459/1736 841/1458/1735 905/1543/1847 898/1536/1848
s 14
usemtl CarbonFiber
f 906/1544/1849 902/1539/1843 907/1545/1850
f 907/1545/1850 902/1539/1843 901/1538/1842
s 11
f 894/1527/1829 896/1528/1830 985/1546/1851
s 18
f 910/1547/1852 906/1544/1853 907/1545/1854 913/1548/1855
s 20
usemtl BrushedMetal_Reciever
f 975/1549/1856 911/1550/1857 919/1551/1858 958/1552/1859
s 17
usemtl CarbonFiber
f 912/1553/1860 901/1538/1861 903/1540/1862 918/1554/1863
f 913/1548/1864 907/1545/1865 901/1538/1861 912/1553/1860
s 1
usemtl BrushedMetal_Reciever
f 914/1555/1866 911/1556/1867 897/1530/1835 908/1533/1836
s 20
f 951/1557/1868 817/1558/1869 897/1559/1870 974/1560/1871
s 11
usemtl CarbonFiber
f 899/1542/1846 904/1541/1845 917/1561/1872 918/1562/1873
f 917/1561/1872 904/1541/1845 905/1563/1874 923/1564/1875
s 1
usemtl BrushedMetal_Reciever
f 919/1565/1876 911/1556/1867 914/1555/1866 920/1566/1877
s 11
usemtl CarbonFiber
f 894/1527/1829 985/1546/1851 986/1567/1878 885/1568/1879
usemtl BrushedMetal_Reciever
f 920/1569/1880 959/1570/1881 935/1571/1882 926/1572/1883
usemtl CarbonFiber
f 915/1573/1884 910/1574/1885 913/1575/1886 927/1576/1887
s 1
usemtl BrushedMetal_Reciever
f 921/1577/1888 919/1565/1876 920/1566/1877 926/1578/1889
s 11
usemtl CarbonFiber
f 912/1579/1890 918/1562/1873 917/1561/1872 927/1576/1887
s 1
usemtl BrushedMetal_Reciever
f 839/1463/1744 996/1580/1891 850/1465/1746
s 20
f 925/1581/1892 850/1582/1893 996/1583/1894
s 11
usemtl CarbonFiber
f 927/1576/1887 913/1575/1886 912/1579/1890
s 1
usemtl BrushedMetal_Reciever
f 924/1584/1895 992/1585/1896 993/1586/1897 934/1587/1898
s off
f 930/1588/1899 850/1589/1900 925/1590/1901 936/1591/1902
s 11
usemtl CarbonFiber
f 930/1592/1903 909/1593/1904 915/1573/1884 927/1576/1887 937/1594/1905
s 20
usemtl BrushedMetal_Reciever
f 995/1595/1906 983/1596/1907 971/1597/1908 941/1598/1909
s 1
f 928/1599/1910 924/1584/1895 934/1587/1898 940/1600/1911
s 8
f 923/1601/1912 837/1454/1729 833/1450/1732 939/1602/1913
s 1
f 937/1603/1914 835/1453/1747 850/1465/1746 930/1604/1915
s 27
f 938/1605/1916 933/1606/1917 932/1607/1918 943/1608/1919
s 7
f 939/1602/1920 833/1450/1725 835/1453/1728 937/1603/1921
s 11
usemtl CarbonFiber
f 927/1576/1887 917/1561/1872 923/1564/1875 939/1609/1922
s 20
usemtl BrushedMetal_Reciever
f 924/1610/1923 961/1611/1924 960/1612/1925 992/1613/1926
s 27
f 932/1607/1918 942/1614/1927 946/1615/1928 943/1608/1919
s 1
f 944/1616/1929 931/1617/1930 947/1618/1931 948/1619/1932
s 11
f 945/1620/1933 938/1621/1934 943/1622/1935 968/1623/1936
usemtl CarbonFiber
f 937/1594/1905 927/1576/1887 939/1609/1922
s 1
usemtl BrushedMetal_Reciever
f 941/1624/1937 944/1616/1929 948/1619/1932 949/1625/1938
s 27
f 994/1626/1939 995/1627/1940 941/1624/1941 949/1625/1942
s 11
f 984/1628/1943 994/1629/1944 949/1630/1945 972/1631/1946
usemtl CarbonFiber
f 852/1632/1947 851/1472/1757 854/1471/1756 858/1474/1759
usemtl BrushedMetal_Reciever
f 965/1633/1948 973/1634/1949 948/1635/1950 947/1636/1951
usemtl CarbonFiber
f 856/1473/1758 853/1470/1755 855/1637/1952 860/1479/1764
s 4
usemtl BrushedMetal_Reciever
f 825/1442/1711 828/1448/1719 852/1468/1751 868/1490/1781
s 11
usemtl CarbonFiber
f 852/1632/1947 858/1474/1759 872/1496/1788 868/1495/1787
f 875/1499/1791 872/1496/1788 858/1474/1759 861/1476/1761
s 12
f 877/1503/1795 875/1502/1794 861/1486/1771 864/1485/1770
s 11
f 855/1637/1952 871/1525/1827 870/1492/1783 860/1479/1764
s 13
f 867/1488/1775 865/1487/1774 881/1509/1803 880/1507/1802
s 14
f 880/1507/1799 879/1506/1798 866/1489/1777 867/1488/1779
f 866/1489/1777 883/1511/1806 877/1503/1805 864/1485/1780
f 879/1506/1798 902/1539/1843 883/1511/1806 866/1489/1777
s 11
f 876/1508/1800 886/1514/1811 894/1527/1829 885/1568/1879
s 14
f 903/1540/1844 902/1539/1843 879/1506/1798 890/1519/1820
f 906/1544/1849 891/1522/1823 883/1511/1806 902/1539/1843
s 17
f 890/1519/1825 899/1524/1826 918/1554/1863 903/1540/1862
s 18
f 906/1544/1853 910/1547/1852 896/1529/1831 891/1522/1834
s 11
f 900/1535/1838 898/1537/1841 905/1563/1874 904/1541/1845
s 31
usemtl BrushedMetal_Reciever
f 950/1638/1953 951/1639/1954 952/1640/1955 953/1641/1956
f 954/1642/1957 950/1638/1953 953/1641/1956 955/1643/1958
f 956/1644/1959 954/1642/1957 955/1643/1958 957/1645/1960
f 958/1646/1961 922/1647/1962 935/1648/1963 959/1649/1964
f 960/1650/1965 961/1651/1966 962/1652/1967 963/1653/1968
s 11
f 936/1654/1969 909/1593/1904 930/1592/1903
s 27
f 936/1591/1970 925/1590/1971 933/1606/1917 938/1605/1916
s 31
f 961/1651/1966 964/1655/1972 965/1656/1973 962/1652/1967
f 966/1657/1974 967/1658/1975 968/1659/1976 969/1660/1977
s 1
f 947/1618/1931 931/1617/1930 928/1599/1910 940/1600/1911
s 31
f 970/1661/1978 971/1662/1979 972/1663/1980 973/1664/1981
f 951/1639/1954 974/1665/1982 976/1666/1983 952/1640/1955
f 980/1667/1984 979/1668/1985 981/1669/1986 982/1670/1987
f 916/1671/1988 975/1672/1989 978/1673/1990 977/1674/1991
f 975/1672/1989 958/1646/1961 959/1649/1964 978/1673/1990
f 979/1668/1985 956/1644/1959 957/1645/1960 981/1669/1986
f 964/1675/1972 970/1661/1978 973/1664/1981 965/1676/1973
f 983/1677/1992 966/1657/1974 969/1660/1977 984/1678/1993
f 971/1662/1979 983/1677/1992 984/1678/1993 972/1663/1980
f 974/1665/1982 916/1671/1988 977/1674/1991 976/1666/1983
f 929/1679/1994 980/1667/1984 982/1670/1987 945/1680/1995
f 967/1658/1975 929/1679/1994 945/1680/1995 968/1659/1976
f 922/1647/1962 960/1650/1965 963/1653/1968 935/1648/1963
s 11
f 982/1681/1996 936/1654/1969 938/1621/1934 945/1620/1933
f 946/1682/1997 969/1683/1998 968/1623/1936 943/1622/1935
f 981/1684/1999 909/1593/1904 936/1654/1969 982/1681/1996
s 20
f 925/1581/1892 980/1685/2000 929/1686/2001 933/1687/2002
f 925/1581/1892 849/1688/2003 979/1689/2004 980/1685/2000
s 11
f 885/1568/1879 986/1567/1878 908/1690/2005
usemtl CarbonFiber
f 991/1691/2006 987/1692/2007 988/1693/2008
usemtl BrushedMetal_Reciever
f 952/1694/2009 991/1691/2006 988/1693/2008 953/1695/2010
usemtl CarbonFiber
f 987/1692/2007 910/1574/1885 915/1573/1884
f 989/1696/2011 915/1573/1884 909/1593/1904
usemtl BrushedMetal_Reciever
f 957/1697/2012 989/1696/2011 909/1593/1904 981/1684/1999
f 955/1698/2013 990/1699/2014 989/1696/2011 957/1697/2012
usemtl CarbonFiber
f 990/1699/2014 987/1692/2007 915/1573/1884 989/1696/2011
usemtl BrushedMetal_Reciever
f 953/1695/2010 988/1693/2008 990/1699/2014 955/1698/2013
usemtl CarbonFiber
f 988/1693/2008 987/1692/2007 990/1699/2014
usemtl BrushedMetal_Reciever
f 976/1700/2015 986/1567/1878 991/1691/2006 952/1694/2009
usemtl CarbonFiber
f 986/1567/1878 985/1546/1851 987/1692/2007 991/1691/2006
f 985/1546/1851 896/1528/1830 910/1574/1885 987/1692/2007
usemtl BrushedMetal_Reciever
f 908/1690/2005 986/1567/1878 976/1700/2015 977/1701/2016
f 914/1702/2017 908/1690/2005 977/1701/2016 978/1703/2018
f 914/1702/2017 978/1703/2018 959/1570/1881 920/1569/1880
f 962/1704/2019 934/1705/2020 993/1706/2021 963/1707/2022
s 20
f 931/1708/2023 964/1709/2024 928/1710/2025
f 992/1613/1926 960/1612/1925 922/1711/2026 921/1712/2027
s 1
f 993/1586/1897 992/1585/1896 921/1577/1888 926/1578/1889
s 11
f 963/1707/2022 993/1706/2021 926/1572/1883 935/1571/1882
f 946/1682/1997 994/1629/1944 984/1628/1943 969/1683/1998
s 27
f 942/1614/1927 995/1627/1940 994/1626/1939 946/1615/1928
s 20
f 932/1713/2028 933/1687/2002 929/1686/2001 967/1714/2029
f 932/1713/2028 967/1714/2029 966/1715/2030 942/1716/2031
f 942/1716/2031 966/1715/2030 983/1596/1907 995/1595/1906
f 928/1710/2025 964/1709/2024 961/1611/1924 924/1610/1923
f 944/1717/2032 941/1598/1909 971/1597/1908 970/1718/2033
s 11
f 965/1633/1948 940/1719/2034 934/1705/2020 962/1704/2019
f 965/1633/1948 947/1636/1951 940/1719/2034
s 20
f 970/1718/2033 964/1709/2024 931/1708/2023 944/1717/2032
s 11
f 948/1635/1950 973/1634/1949 972/1631/1946 949/1630/1945
s 20
f 958/1552/1859 919/1551/1858 921/1712/2027 922/1711/2026
f 897/1559/1870 911/1550/1857 975/1549/1856 916/1720/2035
s 1
f 849/1462/1743 996/1580/1891 839/1463/1744
s 20
f 925/1581/1892 996/1583/1894 849/1688/2003
f 974/1560/1871 897/1559/1870 916/1720/2035
f 950/1721/2036 817/1558/1869 951/1557/1868
f 950/1721/2036 954/1722/2037 849/1688/2003 817/1558/1869
f 979/1689/2004 849/1688/2003 956/1723/2038
f 956/1723/2038 849/1688/2003 954/1722/2037
s 1
f 838/1435/1702 817/1434/1701 849/1462/1743
g default
v 0.481754 0.841755 -1.332286
v 0.481754 0.804053 -1.385033
v 0.460644 0.788436 -1.451033
v 0.481754 1.145302 -1.332286
v 0.481754 1.183004 -1.385033
v 0.460644 1.198621 -1.451033
v 0.481754 1.145302 -2.101161
v 0.481754 1.183004 -2.048414
v 0.460644 1.198621 -1.982414
v 0.481754 0.841755 -2.101161
v 0.481754 0.804053 -2.048414
v 0.460644 0.788436 -1.982414
v -0.482301 0.841755 -1.332286
v -0.482301 0.804053 -1.385033
v -0.461190 0.788436 -1.451033
v -0.482301 1.145302 -1.332286
v -0.482301 1.183004 -1.385033
v -0.461190 1.198621 -1.451033
v -0.482301 1.145302 -2.101161
v -0.482301 1.183004 -2.048414
v -0.461190 1.198621 -1.982414
v -0.482301 0.841755 -2.101161
v -0.482301 0.804053 -2.048414
v -0.461190 0.788436 -1.982414
vt 0.097728 0.243097
vt 0.027671 0.242312
vt 0.028371 0.188140
vt 0.098365 0.188999
vt 0.113896 0.236247
vt 0.106881 0.241140
vt 0.107464 0.191156
vt 0.114364 0.196207
vt 0.012205 0.194906
vt 0.019221 0.190055
vt 0.018448 0.239932
vt 0.011583 0.234860
vt 1.027722 0.242218
vt 1.028327 0.188140
vt 1.098382 0.188925
vt 1.097777 0.243002
vt 1.011711 0.235008
vt 1.012159 0.194989
vt 1.019169 0.190097
vt 1.018609 0.240056
vt 1.114393 0.196135
vt 1.113945 0.236153
vt 1.106936 0.241046
vt 1.107495 0.191086
vt 0.082106 0.246441
vt 0.097379 0.246433
vt 0.097402 0.294942
vt 0.082128 0.294949
vt 0.078843 0.246442
vt 0.078866 0.294951
vt 0.075431 0.247506
vt 0.075453 0.293890
vt 0.048694 0.247518
vt 0.048715 0.293902
vt 0.045281 0.246458
vt 0.045303 0.294966
vt 0.042018 0.246459
vt 0.042041 0.294968
vt 0.026745 0.246466
vt 0.026767 0.294975
vt 0.023482 0.246468
vt 0.023505 0.294976
vt 0.020070 0.247532
vt 0.020092 0.293916
vt 0.104055 0.247493
vt 0.130792 0.247480
vt 0.130814 0.293864
vt 0.104076 0.293877
vt 0.100642 0.246432
vt 0.100664 0.294940
vn 0.999557 0.000000 -0.029754
vn 0.999557 0.000000 0.029754
vn 0.999557 0.000000 0.029754
vn 0.999557 0.000000 -0.029754
vn 1.000000 0.000000 0.000000
vn 0.973680 0.000000 -0.227918
vn 0.973680 0.000000 -0.227918
vn 1.000000 0.000000 0.000000
vn 1.000000 0.000000 0.000000
vn 0.973680 0.000000 0.227919
vn 0.973680 0.000000 0.227919
vn 1.000000 0.000000 0.000000
vn -0.999557 0.000000 -0.029754
vn -0.999557 0.000000 -0.029754
vn -0.999557 0.000000 0.029754
vn -0.999557 0.000000 0.029754
vn -1.000000 0.000000 0.000000
vn -1.000000 0.000000 0.000000
vn -0.973680 0.000000 -0.227917
vn -0.973680 0.000000 -0.227917
vn -1.000000 0.000000 0.000000
vn -1.000000 0.000000 0.000000
vn -0.973680 0.000000 0.227918
vn -0.973680 0.000000 0.227918
vn 0.000000 0.000000 1.000000
vn 0.000000 0.000000 1.000000
vn 0.000000 0.000000 1.000000
vn 0.000000 0.000000 1.000000
vn 0.000000 0.813547 0.581499
vn 0.000000 0.813547 0.581499
vn 0.000000 0.813547 0.581499
vn 0.000000 0.813547 0.581499
vn 0.000000 0.973130 0.230257
vn 0.000000 0.973130 0.230257
vn 0.000000 0.973130 0.230257
vn 0.000000 0.973130 0.230257
vn 0.000000 1.000000 0.000000
vn 0.000000 1.000000 0.000000
vn 0.000000 1.000000 0.000000
vn 0.000000 1.000000 0.000000
vn 0.000000 0.973130 -0.230257
vn 0.000000 0.973130 -0.230257
vn 0.000000 0.973130 -0.230257
vn 0.000000 0.973130 -0.230257
vn 0.000000 0.813547 -0.581499
vn 0.000000 0.813547 -0.581499
vn 0.000000 0.813547 -0.581499
vn 0.000000 0.813547 -0.581499
vn 0.000000 0.000000 -1.000000
vn 0.000000 0.000000 -1.000000
vn 0.000000 0.000000 -1.000000
vn 0.000000 0.000000 -1.000000
vn 0.000000 -0.813550 -0.581496
vn 0.000000 -0.813550 -0.581496
vn 0.000000 -0.813550 -0.581496
vn 0.000000 -0.813550 -0.581496
vn 0.000000 -0.973129 -0.230262
vn 0.000000 -0.973129 -0.230262
vn 0.000000 -0.973129 -0.230262
vn 0.000000 -0.973129 -0.230262
vn 0.000000 -1.000000 0.000000
vn 0.000000 -1.000000 0.000000
vn 0.000000 -1.000000 0.000000
vn 0.000000 -1.000000 0.000000
vn 0.000000 -0.973129 0.230262
vn 0.000000 -0.973129 0.230262
vn 0.000000 -0.973129 0.230261
vn 0.000000 -0.973129 0.230262
vn 0.000000 -0.813550 0.581496
vn 0.000000 -0.813550 0.581496
vn 0.000000 -0.813550 0.581496
vn 0.000000 -0.813550 0.581496
s 1
g CP2077Quasar_LOD0 SaftySwitch
usemtl PolymerFrame
f 999/1724/2039 1008/1725/2040 1005/1726/2041 1002/1727/2042
f 997/1728/2043 998/1729/2044 1001/1730/2045 1000/1731/2046
f 998/1729/2044 999/1724/2039 1002/1727/2042 1001/1730/2045
f 1003/1732/2047 1004/1733/2048 1007/1734/2049 1006/1735/2050
f 1004/1733/2048 1005/1726/2041 1008/1725/2040 1007/1734/2049
s 2
f 1011/1736/2051 1014/1737/2052 1017/1738/2053 1020/1739/2054
f 1009/1740/2055 1012/1741/2056 1013/1742/2057 1010/1743/2058
f 1010/1743/2058 1013/1742/2057 1014/1737/2052 1011/1736/2051
f 1015/1744/2059 1018/1745/2060 1019/1746/2061 1016/1747/2062
f 1016/1747/2062 1019/1746/2061 1020/1739/2054 1017/1738/2053
s off
f 1012/1748/2063 1009/1749/2064 997/1750/2065 1000/1751/2066
f 1013/1752/2067 1012/1748/2068 1000/1751/2069 1001/1753/2070
f 1014/1754/2071 1013/1752/2072 1001/1753/2073 1002/1755/2074
f 1017/1756/2075 1014/1754/2076 1002/1755/2077 1005/1757/2078
f 1016/1758/2079 1017/1756/2080 1005/1757/2081 1004/1759/2082
f 1015/1760/2083 1016/1758/2084 1004/1759/2085 1003/1761/2086
f 1018/1762/2087 1015/1760/2088 1003/1761/2089 1006/1763/2090
f 1019/1764/2091 1018/1762/2092 1006/1763/2093 1007/1765/2094
f 1020/1766/2095 1019/1764/2096 1007/1765/2097 1008/1767/2098
f 1011/1768/2099 1020/1769/2100 1008/1770/2101 999/1771/2102
f 1010/1772/2103 1011/1768/2104 999/1771/2105 998/1773/2106
f 1009/1749/2107 1010/1772/2108 998/1773/2109 997/1750/2110
g default
v -0.179498 2.463942 -3.182260
v 0.178951 2.463942 -3.182260
v -0.000274 2.463942 -3.182260
v -0.000274 2.463942 -4.182260
v -0.000274 2.541651 -4.182260
v -0.089886 2.463942 -3.182260
v -0.089886 2.463942 -4.182260
v 0.089338 2.463942 -3.182260
v 0.089338 2.463942 -4.182260
v -0.000274 2.541651 -3.316555
v 0.178951 2.463942 -3.316555
v -0.179498 2.463942 -3.316555
v -0.089886 2.570047 -4.137427
v -0.061490 2.541651 -4.182260
v -0.089886 2.521572 -4.182260
v -0.118281 2.541651 -4.182260
v -0.089886 2.558280 -3.415113
v -0.118281 2.541651 -3.316555
v -0.089886 2.541651 -3.296476
v -0.061490 2.541651 -3.316555
v 0.089339 2.570047 -4.137427
v 0.117734 2.541651 -4.182260
v 0.089339 2.521572 -4.182260
v 0.060943 2.541651 -4.182260
v 0.089339 2.558280 -3.415113
v 0.060943 2.541651 -3.316555
v 0.089339 2.541651 -3.296476
v 0.117734 2.541651 -3.316555
v -0.118281 2.655246 -3.715776
v -0.089886 2.626850 -3.715776
v -0.089886 2.626850 -4.110574
v -0.118281 2.655246 -4.128560
v 0.089339 2.626850 -3.715776
v 0.117734 2.655246 -3.715776
v 0.089339 2.626850 -4.110574
v 0.117734 2.655246 -4.128560
v -0.179498 2.511046 -3.182260
v -0.170534 2.532687 -3.191224
v -0.148893 2.541651 -3.212864
v -0.089886 2.511046 -3.182260
v -0.089886 2.532687 -3.191224
v -0.089886 2.541651 -3.212864
v -0.179498 2.511046 -3.320023
v -0.170534 2.532687 -3.317571
v -0.148893 2.541651 -3.316555
v 0.178951 2.511046 -3.182260
v 0.169987 2.532687 -3.191224
v 0.148346 2.541651 -3.212864
v 0.178951 2.511046 -3.320023
v 0.169987 2.532687 -3.317571
v 0.148346 2.541651 -3.316555
v -0.148893 2.541651 -4.182260
v -0.170534 2.539639 -4.173295
v -0.179498 2.534781 -4.151655
v -0.179498 2.463942 -4.151655
v -0.170534 2.463942 -4.173295
v -0.148893 2.463942 -4.182260
v 0.178951 2.534781 -4.151655
v 0.169987 2.539639 -4.173295
v 0.148346 2.541651 -4.182260
v 0.148346 2.463942 -4.182260
v 0.169987 2.463942 -4.173295
v 0.178951 2.463942 -4.151655
v -0.000274 2.511046 -3.182260
v -0.000274 2.532687 -3.191224
v -0.000274 2.541651 -3.212864
v 0.089338 2.511046 -3.182260
v 0.089338 2.532687 -3.191224
v 0.089339 2.541651 -3.212864
v -0.179498 2.624641 -3.715776
v -0.170534 2.646282 -3.715776
v -0.148893 2.655246 -3.715776
v -0.179498 2.624641 -4.109175
v -0.170534 2.646282 -4.122882
v -0.148893 2.655246 -4.128560
v 0.178951 2.624641 -3.715776
v 0.169987 2.646282 -3.715776
v 0.148346 2.655246 -3.715776
v 0.178951 2.624641 -4.109175
v 0.169987 2.646282 -4.122882
v 0.148346 2.655246 -4.128560
v -0.179498 2.525195 -3.715776
v -0.179498 2.463942 -3.715776
v 0.178951 2.525195 -3.715776
v 0.178951 2.463942 -3.715776
v 0.089339 2.570047 -3.715777
v 0.060943 2.541651 -3.715777
v -0.000274 2.541651 -3.715777
v -0.061490 2.541651 -3.715777
v -0.089886 2.570047 -3.715777
v -0.090501 2.541651 -3.316555
v 0.089914 2.541651 -3.316555
v 0.089082 2.541651 -4.182260
v -0.084249 2.541651 -4.182260
vt 0.083596 0.888391
vt 0.094746 0.892011
vt 0.071435 0.963152
vt 0.060709 0.959757
vt 0.003326 0.995862
vt 0.021998 0.995870
vt 0.022014 0.981120
vt 0.017178 0.974277
vt 0.003303 0.974275
vt 1.003292 0.974220
vt 1.017187 0.974225
vt 1.022025 0.981080
vt 1.022006 0.995843
vt 1.003292 0.995829
vt 0.105873 0.895689
vt 0.082090 0.966765
vt 1.043088 0.845386
vt 1.052843 0.863171
vt 1.059272 0.831666
vt 1.050369 0.828616
vt 1.032216 0.742843
vt 1.041900 0.744036
vt 1.040621 0.680446
vt 1.033390 0.657053
vt 1.059899 0.655694
vt 1.053779 0.677021
vt 1.053939 0.744269
vt 1.062352 0.744966
vt 0.052843 0.863171
vt 0.043088 0.845386
vt 0.050369 0.828616
vt 0.059272 0.831666
vt 0.041900 0.744036
vt 0.032216 0.742843
vt 0.033390 0.657053
vt 0.040621 0.680446
vt 0.053779 0.677021
vt 0.059899 0.655694
vt 0.062352 0.744966
vt 0.053939 0.744269
vt 1.035992 0.864925
vt 1.041864 0.885157
vt 0.086753 0.968781
vt 0.085322 0.971835
vt 0.023250 0.863468
vt 0.035992 0.864926
vt 0.041864 0.885157
vt 0.051232 0.957769
vt 0.055764 0.958618
vt 0.055100 0.961927
vt 1.020337 0.948723
vt 1.021519 0.954353
vt 1.003312 0.954350
vt 1.003329 0.948716
vt 1.022013 0.959991
vt 1.003303 0.959990
vt 0.022014 0.960062
vt 0.021529 0.954422
vt 0.003322 0.954414
vt 0.003313 0.960053
vt 0.020362 0.948787
vt 0.003333 0.948780
vt 0.014748 0.673240
vt 0.003493 0.673236
vt 0.003489 0.694653
vt 0.014748 0.694652
vt 0.018086 0.844026
vt 0.003377 0.844019
vt 1.018079 0.844128
vt 1.003389 0.844118
vt 1.003474 0.748455
vt 1.014755 0.749298
vt 1.014841 0.694835
vt 1.003524 0.694836
vt 1.003487 0.673278
vt 1.014823 0.673263
vt 1.022023 0.967372
vt 1.003528 0.716330
vt 1.014811 0.716344
vt 0.003479 0.716079
vt 0.014752 0.716083
vt 0.022013 0.967430
vt 0.088905 0.987479
vt 0.080355 0.984813
vt 0.090896 0.970776
vt 0.095404 0.972867
vt 0.065876 0.980112
vt 0.046353 0.956787
vt 0.051427 0.975328
vt 0.042957 0.972421
vt 0.003451 0.748236
vt 0.014747 0.749075
vt 1.078672 0.744687
vt 1.099796 0.744745
vt 1.105768 0.659147
vt 0.078672 0.744687
vt 0.099829 0.744928
vt 0.096625 0.837558
vt 0.077642 0.828281
vt 1.068776 0.744928
vt 1.065860 0.832199
vt 0.068776 0.744928
vt 0.065860 0.832199
vt 1.066466 0.655563
vt 1.061255 0.864153
vt 0.066466 0.655563
vt 0.061255 0.864153
vt 0.092596 0.994727
vt 0.090799 0.991617
vt 0.098837 0.974381
vt 0.102288 0.975671
vt 0.079244 0.988571
vt 0.078250 0.992363
vt 1.076461 0.654286
vt 1.071482 0.655151
vt 1.073698 0.744631
vt 1.078037 0.742626
vt 0.035696 0.976087
vt 0.038984 0.974639
vt 0.050099 0.979013
vt 0.048656 0.982656
vt 0.042686 0.955981
vt 0.039138 0.954981
vt 0.075805 0.862516
vt 0.067734 0.864262
vt 0.072623 0.831133
vt 0.078595 0.835521
vt 0.064620 0.983941
vt 0.063359 0.987790
vt 1.072623 0.831133
vt 1.077642 0.828281
vt 1.067734 0.864262
vt 1.075805 0.862516
vt 1.078595 0.835521
vt 0.071482 0.655151
vt 0.073698 0.744631
vt 0.076461 0.654286
vt 0.078037 0.742626
vt 1.096625 0.837558
vt 0.105768 0.659147
vt 0.053968 0.655680
vt 1.053968 0.655680
vt 1.047775 0.655664
vt 0.040044 0.833498
vt 0.031336 0.842825
vt 0.123210 0.805774
vt 0.111897 0.802013
vt 0.134516 0.809533
vt 1.031336 0.842825
vt 1.040044 0.833498
vt 0.047775 0.655664
vt 1.023250 0.863468
vn -0.000001 1.000000 0.000000
vn -0.000001 1.000000 0.000000
vn 0.000000 1.000000 0.000001
vn 0.000000 0.999988 0.004935
vn -0.000001 0.000000 -1.000000
vn -0.000001 0.000000 -1.000000
vn -0.000002 0.000000 -1.000000
vn 0.000001 0.000000 -1.000000
vn 0.000001 0.000000 -1.000000
vn 0.000000 0.000000 -1.000000
vn 0.000000 0.000000 -1.000000
vn 0.000000 0.000000 -1.000000
vn 0.000000 1.000000 0.000000
vn 0.000000 0.999988 0.004941
vn 0.707115 0.302202 -0.639267
vn 0.707115 0.302202 -0.639267
vn 0.707115 0.302202 -0.639267
vn 0.707115 0.302202 -0.639267
vn 0.667234 0.744828 0.005519
vn 0.667660 0.744446 0.005462
vn 0.606852 0.794703 0.013362
vn 0.606852 0.794703 0.013362
vn 0.537654 0.815979 0.212383
vn 0.537654 0.815979 0.212383
vn 0.637230 0.764527 0.097140
vn 0.646529 0.758122 0.085157
vn -0.707111 0.302203 -0.639271
vn -0.707111 0.302203 -0.639271
vn -0.707111 0.302203 -0.639271
vn -0.707111 0.302203 -0.639271
vn -0.667659 0.744447 0.005462
vn -0.667233 0.744829 0.005519
vn -0.606851 0.794703 0.013362
vn -0.606851 0.794703 0.013362
vn -0.537654 0.815979 0.212383
vn -0.537654 0.815979 0.212383
vn -0.646529 0.758122 0.085157
vn -0.637230 0.764527 0.097140
vn 0.707110 0.707103 -0.000000
vn 0.707110 0.707103 -0.000000
vn -0.707110 0.707103 0.000000
vn -0.707110 0.707103 0.000000
vn 1.000000 -0.000000 -0.000000
vn 1.000000 -0.000000 -0.000000
vn 1.000000 -0.000000 -0.000000
vn -1.000000 -0.000000 0.000000
vn -1.000000 -0.000000 0.000000
vn -1.000000 0.000000 0.000000
vn 0.000000 0.154286 -0.988026
vn 0.000000 0.000000 -1.000000
vn 0.000000 0.990319 0.138812
vn 0.000000 1.000000 0.000000
vn 0.000000 0.000000 -1.000000
vn 0.000000 0.987351 0.158553
vn 0.000000 0.990319 0.138814
vn 0.000000 1.000000 0.000001
vn -0.999574 0.007627 -0.028163
vn -0.927015 0.098024 -0.361986
vn -0.923878 0.000000 -0.382688
vn -0.999766 0.000000 -0.021618
vn -0.390352 0.247124 -0.886880
vn -0.139848 0.225174 -0.964230
vn -0.114600 0.000000 -0.993412
vn -0.382685 0.000000 -0.923879
vn 0.139848 0.225173 -0.964230
vn 0.390352 0.247124 -0.886880
vn 0.382685 0.000000 -0.923879
vn 0.114604 0.000000 -0.993411
vn 0.927015 0.098024 -0.361986
vn 0.999574 0.007626 -0.028163
vn 0.999766 0.000000 -0.021618
vn 0.923878 0.000000 -0.382688
vn 0.000000 0.129301 0.991605
vn 0.000000 0.000000 1.000000
vn 0.000000 0.000000 1.000000
vn 0.000000 0.127104 0.991889
vn 1.000000 0.000000 0.000000
vn 1.000000 0.000000 0.000000
vn -1.000000 0.000000 0.000000
vn -1.000000 0.000000 0.000000
vn -1.000000 -0.000000 0.000000
vn -0.994712 0.100457 0.021383
vn 0.000000 0.127104 0.991889
vn 0.000000 0.000000 1.000000
vn 0.000000 0.000000 1.000000
vn 0.000000 0.103362 0.994644
vn 0.000000 0.000000 1.000000
vn 0.000000 0.103362 0.994644
vn 0.000002 0.154590 -0.987979
vn -0.128132 0.988702 0.077790
vn -0.000000 0.996961 0.077901
vn -0.000001 0.987351 0.158553
vn -0.158170 0.967495 0.197322
vn 0.000001 0.997318 0.073188
vn 0.158169 0.967495 0.197322
vn 0.000000 0.996961 0.077902
vn 0.128131 0.988702 0.077790
vn 1.000000 0.000000 0.000000
vn 1.000000 0.000000 0.000000
vn 0.994712 0.100457 0.021383
vn 0.994469 0.105028 0.000000
vn -1.000000 -0.000000 0.000000
vn -0.994469 0.105028 0.000000
vn -0.994513 0.103401 0.015855
vn 0.994513 0.103401 0.015855
vn 0.996477 0.081904 -0.018015
vn -0.165185 0.976985 0.134957
vn 0.000000 0.990356 0.138545
vn 0.000000 1.000000 0.000000
vn -0.152839 0.988251 0.000000
vn 0.000000 1.000000 0.000000
vn 0.000000 0.990356 0.138545
vn 0.165185 0.976985 0.134957
vn 0.152839 0.988251 0.000000
vn 0.000000 0.427383 -0.904071
vn -0.150589 0.422509 -0.893761
vn -0.000008 0.427384 -0.904070
vn 0.150584 0.422510 -0.893761
vn -0.923881 0.382679 0.000000
vn -0.922425 0.377454 0.081617
vn -0.382677 0.923882 0.000000
vn -0.378998 0.903696 0.199233
vn 0.000000 0.923877 0.382689
vn 0.000000 0.923880 0.382683
vn 0.000000 0.382682 0.923880
vn 0.000000 0.382683 0.923880
vn -0.923741 0.379831 0.049297
vn -0.381962 0.914602 0.132699
vn 0.000000 0.382682 0.923880
vn 0.000000 0.382683 0.923880
vn 0.000000 0.923877 0.382689
vn 0.000000 0.923880 0.382683
vn 0.382677 0.923882 0.000000
vn 0.378998 0.903696 0.199233
vn 0.923881 0.382679 0.000000
vn 0.922425 0.377454 0.081617
vn 0.937172 0.340724 -0.074941
vn 0.382707 0.394846 -0.835243
vn 0.000000 0.923881 0.382679
vn 0.000000 0.382683 0.923880
vn -0.937172 0.340724 -0.074941
vn -0.996477 0.081904 -0.018015
vn -0.382695 0.923875 0.000000
vn -0.382707 0.394846 -0.835243
vn 0.381962 0.914602 0.132699
vn 0.923741 0.379832 0.049297
vn 0.382695 0.923875 0.000000
vn 0.000000 0.986064 0.166368
vn 0.000000 0.986064 0.166367
vn -1.000000 -0.000000 0.000000
vn -1.000000 -0.000000 0.000000
vn -0.707106 0.707108 0.000000
vn -0.707106 0.707108 0.000000
vn -0.000001 1.000000 0.000000
vn -0.000002 1.000000 0.000001
vn 0.000000 1.000000 0.000000
vn 0.707107 0.707106 -0.000000
vn 0.707107 0.707106 -0.000000
vn 1.000000 0.000000 -0.000000
vn 1.000000 0.000000 -0.000000
vn 0.000000 0.844802 -0.535080
vn 0.000000 0.844802 -0.535080
vn 0.000000 0.844802 -0.535080
vn 0.000000 0.844806 -0.535073
vn 0.000000 0.844806 -0.535073
vn 0.000000 0.844804 -0.535076
vn 0.000000 0.844807 -0.535071
vn 0.000000 0.844802 -0.535080
s 1
g CP2077Quasar_LOD0 FrontSight
usemtl PaintedMetal
f 1107/1774/2111 1108/1775/2112 1030/1776/2113 1046/1777/2114
s 2
f 1024/1778/2115 1025/1779/2116 1044/1780/2117 1043/1781/2118 1029/1782/2119
f 1027/1783/2120 1035/1784/2121 1034/1785/2122 1025/1786/2116 1024/1787/2115
s 1
f 1108/1775/2112 1109/1788/2123 1040/1789/2124 1030/1776/2113
s off
f 1033/1790/2125 1036/1791/2126 1052/1792/2127 1051/1793/2128
s 3
f 1109/1794/2129 1110/1795/2130 1037/1796/2131 1040/1797/2132
s 4
f 1038/1798/2133 1037/1799/2134 1050/1800/2135 1049/1801/2136
s off
f 1042/1802/2137 1041/1803/2138 1055/1804/2139 1056/1805/2140
s 5
f 1106/1806/2141 1107/1807/2142 1046/1808/2143 1045/1809/2144
s 6
f 1045/1810/2145 1048/1811/2146 1054/1812/2147 1053/1813/2148
s 4
f 1049/1801/2136 1050/1800/2135 1051/1793/2149 1052/1792/2150
s 6
f 1053/1813/2148 1054/1812/2147 1056/1805/2151 1055/1804/2152
s 7
f 1050/1800/2153 1037/1796/2154 1110/1795/2155
s 8
f 1053/1813/2156 1106/1806/2157 1045/1809/2158
s 2
f 1036/1791/2159 1114/1814/2160 1035/1815/2121
s 1
f 1040/1789/2124 1111/1816/2161 1039/1817/2162
s 2
f 1044/1818/2117 1113/1819/2163 1043/1820/2118
s 1
f 1048/1821/2164 1112/1822/2165 1047/1823/2166
s 11
f 1074/1824/2167 1073/1825/2168 1076/1826/2169 1075/1827/2170
s 2
f 1073/1825/2171 1072/1828/2172 1077/1829/2173 1076/1826/2174
f 1080/1830/2175 1079/1831/2176 1082/1832/2177 1081/1833/2178
s 14
f 1079/1831/2179 1078/1834/2180 1083/1835/2181 1082/1832/2182
s 15
f 1084/1836/2183 1023/1837/2184 1028/1838/2185 1087/1839/2186
s 14
f 1104/1840/2187 1105/1841/2188 1083/1835/2181 1078/1834/2180
s 11
f 1102/1842/2189 1103/1843/2190 1032/1844/2191 1063/1845/2192
s 15
f 1060/1846/2193 1026/1847/2194 1023/1848/2184 1084/1849/2183
s 2
f 1072/1828/2172 1036/1850/2159 1035/1784/2121 1027/1783/2120 1077/1829/2173
s 15
f 1021/1851/2195 1026/1847/2194 1060/1846/2193 1057/1852/2196
f 1087/1839/2186 1028/1838/2185 1022/1853/2197 1066/1854/2198
s 2
f 1029/1782/2119 1043/1781/2118 1042/1855/2199 1080/1830/2175 1081/1833/2178
s 1
f 1059/1856/2200 1062/1857/2201 1039/1817/2162 1038/1858/2202 1065/1859/2203
f 1030/1776/2113 1040/1789/2124 1039/1817/2162 1062/1857/2201 1086/1860/2204
f 1071/1861/2205 1048/1821/2164 1047/1823/2166 1089/1862/2206 1068/1863/2207
s 14
f 1022/1853/2208 1031/1864/2209 1069/1865/2210 1066/1854/2211
s 11
f 1063/1845/2192 1032/1844/2191 1021/1851/2212 1057/1852/2213
f 1090/1866/2214 1102/1867/2189 1063/1868/2192
s 14
f 1096/1869/2215 1104/1870/2187 1078/1871/2180 1099/1872/2216
s 1
f 1047/1823/2166 1046/1777/2114 1030/1776/2113 1086/1860/2204 1089/1862/2206
f 1092/1873/2217 1049/1801/2218 1052/1792/2219 1095/1874/2220
f 1056/1805/2221 1054/1812/2222 1098/1875/2223 1101/1876/2224
f 1065/1877/2203 1038/1798/2202 1049/1801/2218 1092/1873/2217
s 2
f 1052/1792/2225 1036/1791/2159 1072/1878/2172 1095/1874/2226
s 1
f 1054/1812/2222 1048/1811/2164 1071/1879/2205 1098/1875/2223
s 2
f 1080/1880/2175 1042/1802/2199 1056/1805/2227 1101/1876/2228
s 11
f 1057/1881/2213 1058/1882/2229 1064/1883/2230 1063/1884/2192
s 1
f 1058/1882/2231 1059/1856/2200 1065/1859/2203 1064/1883/2232
f 1059/1856/2200 1058/1882/2233 1061/1885/2234 1062/1857/2201
s 15
f 1058/1882/2235 1057/1881/2196 1060/1886/2193 1061/1885/2236
s 11
f 1063/1887/2192 1064/1888/2230 1091/1889/2237 1090/1890/2214
s 1
f 1064/1888/2232 1065/1877/2203 1092/1873/2217 1091/1889/2238
s 15
f 1066/1891/2198 1067/1892/2239 1088/1893/2240 1087/1894/2186
s 1
f 1067/1892/2241 1068/1863/2207 1089/1862/2206 1088/1893/2242
f 1068/1863/2207 1067/1892/2243 1070/1895/2244 1071/1861/2205
s 14
f 1067/1892/2245 1066/1891/2211 1069/1896/2210 1070/1895/2246
f 1078/1897/2180 1079/1898/2179 1100/1899/2247 1099/1900/2216
s 2
f 1079/1898/2176 1080/1880/2175 1101/1876/2228 1100/1899/2248
s 1
f 1062/1857/2201 1061/1885/2234 1085/1901/2249 1086/1860/2204
s 15
f 1061/1885/2236 1060/1886/2193 1084/1902/2183 1085/1901/2250
s 1
f 1086/1860/2204 1085/1901/2249 1088/1893/2242 1089/1862/2206
s 15
f 1085/1901/2250 1084/1902/2183 1087/1894/2186 1088/1893/2240
s 11
f 1090/1866/2214 1091/1889/2237 1094/1903/2251 1093/1904/2252
s 1
f 1091/1889/2238 1092/1873/2217 1095/1874/2220 1094/1903/2253
s 2
f 1072/1878/2172 1073/1905/2171 1094/1903/2254 1095/1874/2226
s 11
f 1073/1905/2168 1074/1906/2167 1093/1907/2252 1094/1903/2251
s 1
f 1071/1879/2205 1070/1908/2244 1097/1909/2255 1098/1875/2223
s 14
f 1070/1908/2246 1069/1910/2210 1096/1911/2215 1097/1909/2256
s 1
f 1098/1875/2223 1097/1909/2255 1100/1899/2257 1101/1876/2224
s 14
f 1097/1909/2256 1096/1869/2215 1099/1872/2216 1100/1899/2247
s 11
f 1074/1912/2167 1102/1867/2189 1090/1866/2214 1093/1904/2252
f 1074/1824/2167 1075/1827/2170 1103/1843/2190 1102/1842/2189
s 14
f 1069/1913/2210 1104/1870/2187 1096/1869/2215
f 1069/1865/2210 1031/1864/2209 1105/1841/2188 1104/1840/2187
s 1
f 1045/1810/2258 1112/1914/2165 1048/1811/2164
f 1037/1799/2259 1111/1915/2161 1040/1916/2124
s 8
f 1055/1804/2260 1041/1917/2261 1106/1806/2157 1053/1813/2156
s 5
f 1041/1917/2262 1044/1918/2263 1107/1807/2142 1106/1806/2141
s 1
f 1025/1919/2264 1108/1775/2112 1107/1774/2111 1044/1920/2265
f 1034/1921/2266 1109/1788/2123 1108/1775/2112 1025/1919/2264
s 3
f 1034/1922/2267 1033/1923/2268 1110/1795/2130 1109/1794/2129
s 7
f 1050/1800/2153 1110/1795/2155 1033/1923/2269 1051/1793/2270
s 17
f 1033/1790/2271 1114/1814/2272 1036/1791/2273
s 18
f 1041/1803/2274 1113/1819/2275 1044/1818/2276
s 1
f 1037/1799/2259 1038/1798/2202 1111/1915/2161
f 1039/1817/2162 1111/1816/2161 1038/1858/2202
f 1045/1810/2258 1046/1924/2114 1112/1914/2165
f 1047/1823/2166 1112/1822/2165 1046/1777/2114
s 18
f 1041/1803/2274 1042/1802/2277 1113/1819/2275
s 2
f 1043/1820/2118 1113/1819/2163 1042/1802/2199
s 17
f 1033/1790/2271 1034/1925/2278 1114/1814/2272
s 2
f 1035/1815/2121 1114/1814/2160 1034/1925/2122
g default
v -0.000274 2.491301 5.562158
v -0.000274 2.491301 3.953191
v -0.000274 2.560992 3.953191
v -0.000274 2.560992 4.350082
v -0.000274 2.560992 5.206026
v -0.000274 2.560992 5.562158
v -0.229520 2.491301 5.562158
v -0.255403 2.491301 5.562158
v -0.255403 2.539589 5.562158
v -0.229520 2.560992 5.562158
v 0.254856 2.491301 5.562158
v 0.228973 2.491301 5.562158
v 0.254856 2.539589 5.562158
v 0.228973 2.560992 5.562158
v -0.255403 2.539589 5.192118
v -0.229520 2.560992 5.206026
v 0.228973 2.560992 5.206026
v 0.254856 2.539589 5.192118
v -0.229520 2.560992 3.953191
v -0.255403 2.539589 3.953191
v -0.255403 2.491301 3.953191
v -0.229520 2.491301 3.953191
v 0.254856 2.539589 3.953191
v 0.228973 2.560992 3.953191
v 0.254856 2.491301 3.953191
v 0.228973 2.491301 3.953191
v -0.255403 2.491301 4.350082
v 0.254856 2.491301 4.350082
v -0.229520 2.560992 4.350082
v -0.255403 2.539589 4.353113
v 0.254856 2.539589 4.353113
v 0.228973 2.560992 4.350082
v 0.254856 2.491301 5.206026
v -0.255403 2.491301 5.206026
v 0.162304 2.491301 5.562158
v 0.162304 2.560992 5.562158
v 0.137276 2.560992 5.206026
v 0.162304 2.560992 5.206026
v 0.162304 2.560992 4.350082
v 0.134704 2.560992 4.350082
v 0.162304 2.560992 3.953191
v 0.162304 2.491301 3.953191
v -0.150094 2.491301 5.562158
v -0.150094 2.491301 3.953191
v -0.150095 2.560992 3.953191
v -0.122494 2.560992 4.350082
v -0.150094 2.560992 4.350082
v -0.150094 2.560992 5.206026
v -0.125067 2.560992 5.206026
v -0.150095 2.560992 5.562158
v 0.134704 2.678154 5.130525
v 0.162304 2.699556 5.144433
v 0.134704 2.678154 4.832518
v 0.162304 2.699556 4.829487
v 0.228973 2.699556 5.144433
v 0.254856 2.678154 5.130525
v 0.254856 2.678154 4.832518
v 0.228973 2.699556 4.829487
v -0.255403 2.678154 5.130525
v -0.229520 2.699556 5.144433
v -0.150094 2.699556 5.144433
v -0.122495 2.678154 5.130525
v -0.122495 2.678154 4.832518
v -0.150094 2.699556 4.829487
v -0.229520 2.699556 4.829487
v -0.255403 2.678154 4.832518
v -0.125067 2.560992 5.562158
v -0.125067 2.491301 5.562158
v 0.137276 2.560992 5.562158
v 0.137276 2.491301 5.562158
v 0.137276 2.560992 3.953191
v 0.137276 2.491301 3.953191
v -0.125067 2.560992 3.953191
v -0.125067 2.491301 3.953191
vt 0.188485 0.725027
vt 0.188502 0.842978
vt 0.169549 0.842983
vt 0.169885 0.725029
vt 0.205328 0.725024
vt 0.205700 0.842978
vt 0.147581 0.706982
vt 0.147577 0.702978
vt 0.158353 0.702970
vt 0.155048 0.706974
vt 0.250392 0.827229
vt 0.253582 0.828034
vt 0.245471 0.862871
vt 0.242005 0.862809
vt 1.147893 0.959785
vt 1.147601 0.954149
vt 1.155051 0.954145
vt 1.158671 0.959761
vt 1.253582 0.828034
vt 1.250393 0.827229
vt 1.242005 0.862809
vt 1.245471 0.862871
vt 0.245769 0.877366
vt 0.242553 0.877696
vt 1.242553 0.877696
vt 1.245769 0.877366
vt 0.246040 0.996560
vt 0.242718 0.996694
vt 0.241223 0.957133
vt 0.244566 0.957080
vt 0.155051 0.954145
vt 0.158671 0.959761
vt 0.147893 0.959785
vt 0.147601 0.954149
vt 1.242719 0.996694
vt 1.246040 0.996560
vt 1.244567 0.957080
vt 1.241223 0.957133
vt 1.158353 0.702970
vt 1.155048 0.706974
vt 1.147581 0.706982
vt 1.147577 0.702978
vt 0.241840 0.907513
vt 0.245168 0.907570
vt 1.245168 0.907570
vt 1.241840 0.907513
vt 1.158368 0.975919
vt 1.147614 0.975943
vt 1.147614 0.968437
vt 1.158368 0.968417
vt 1.256508 0.864088
vt 1.264071 0.830288
vt 1.261104 0.829848
vt 1.253607 0.863688
vt 1.253270 0.877723
vt 1.256634 0.878083
vt 1.253615 0.957131
vt 1.256361 0.957101
vt 1.257377 0.907723
vt 1.253109 0.907663
vt 0.169523 0.670339
vt 0.188477 0.670335
vt 1.158402 0.666517
vt 1.158388 0.687740
vt 1.147635 0.687736
vt 1.147648 0.666510
vt 0.158388 0.687740
vt 0.147635 0.687736
vt 0.147648 0.666510
vt 0.158402 0.666517
vt 0.158368 0.975906
vt 0.147614 0.975943
vt 0.147614 0.968437
vt 0.158368 0.968417
vt 0.256361 0.957101
vt 0.257874 0.996374
vt 0.253911 0.996273
vt 0.253615 0.957131
vt 0.253108 0.907663
vt 0.257377 0.907723
vt 0.253607 0.863688
vt 0.256508 0.864088
vt 0.256634 0.878083
vt 0.253270 0.877723
vt 0.205706 0.892049
vt 0.188510 0.892053
vt 1.155096 0.767591
vt 1.147645 0.767121
vt 0.147802 0.894407
vt 0.155268 0.893929
vt 1.155268 0.893929
vt 1.147802 0.894407
vt 0.147645 0.767121
vt 0.155096 0.767591
vt 1.253911 0.996273
vt 1.147634 0.691599
vt 1.158387 0.691601
vt 0.261104 0.829848
vt 0.147634 0.691599
vt 0.158387 0.691601
vt 1.269294 0.955642
vt 1.268852 0.870414
vt 1.229016 0.871191
vt 1.226809 0.954883
vt 0.268852 0.870414
vt 0.269294 0.955642
vt 0.226809 0.954883
vt 0.229016 0.871191
vt 0.264070 0.830288
vt 0.169557 0.892055
vt 1.147686 0.993529
vt 1.158439 0.993496
vt 1.257874 0.996374
vt 0.205672 0.670332
vt 0.147686 0.993529
vt 0.158439 0.993496
vn 0.000000 1.000000 0.000000
vn 0.000000 1.000000 0.000000
vn 0.000000 1.000000 0.000000
vn -0.027394 0.999461 -0.018103
vn 0.029846 0.999360 -0.019723
vn 0.000000 1.000000 0.000000
vn -0.000020 0.000000 1.000000
vn -0.000004 0.000000 1.000000
vn -0.000003 0.000000 1.000000
vn -0.000020 0.000000 1.000000
vn -0.637251 0.770656 0.000000
vn -0.637251 0.770656 0.000000
vn -0.637251 0.770656 0.000000
vn -0.637251 0.770656 0.000000
vn 0.000005 0.000000 1.000000
vn 0.000020 0.000000 1.000000
vn 0.000020 0.000000 1.000000
vn 0.000003 0.000000 1.000000
vn 0.637252 0.770656 0.000000
vn 0.637252 0.770656 0.000000
vn 0.637252 0.770656 0.000000
vn 0.637252 0.770656 0.000000
vn -0.637250 0.313029 0.704220
vn -0.637250 0.313029 0.704220
vn -0.637250 0.313029 0.704220
vn -0.637250 0.313029 0.704220
vn 0.637257 0.313026 0.704214
vn 0.637257 0.313026 0.704214
vn 0.637257 0.313026 0.704214
vn 0.637257 0.313026 0.704214
vn -0.637252 0.770656 0.000000
vn -0.637252 0.770656 0.000000
vn -0.640958 0.758188 -0.119682
vn -0.640958 0.758188 -0.119681
vn 0.000000 0.000000 -1.000000
vn 0.000000 0.000000 -1.000000
vn 0.000000 0.000000 -1.000000
vn 0.000000 0.000000 -1.000000
vn 0.637252 0.770656 0.000000
vn 0.637252 0.770656 0.000000
vn 0.640958 0.758188 -0.119681
vn 0.640958 0.758188 -0.119682
vn 0.000000 0.000000 -1.000000
vn 0.000000 0.000000 -1.000000
vn 0.000000 0.000000 -1.000000
vn 0.000000 0.000000 -1.000000
vn -0.640789 0.756055 -0.133306
vn -0.640789 0.756055 -0.133305
vn 0.640789 0.756055 -0.133305
vn 0.640789 0.756055 -0.133306
vn 0.000000 0.000000 1.000000
vn 0.000000 0.000000 1.000000
vn 0.000000 0.000000 1.000000
vn 0.000000 0.000000 1.000000
vn 0.000000 1.000000 0.000000
vn 0.000000 1.000000 0.000000
vn 0.000000 1.000000 0.000000
vn -0.390495 0.431915 0.812996
vn -0.115720 0.420835 0.899726
vn -0.094238 0.418541 0.903295
vn -0.390495 0.431915 0.812997
vn -0.064111 0.986102 -0.153271
vn -0.476493 0.867950 -0.140060
vn -0.149114 0.974661 -0.166736
vn 0.000000 1.000000 0.000000
vn 0.000000 1.000000 0.000000
vn 0.000000 0.000000 -1.000000
vn 0.000000 0.000000 -1.000000
vn 0.000000 0.000000 -1.000000
vn 0.000000 0.000000 -1.000000
vn 0.000000 0.000000 1.000000
vn 0.000000 0.000000 1.000000
vn 0.000000 0.000000 1.000000
vn 0.000000 0.000000 1.000000
vn 0.000000 0.000000 -1.000000
vn 0.000000 0.000000 -1.000000
vn 0.000000 0.000000 -1.000000
vn 0.000000 0.000000 -1.000000
vn 0.000000 1.000000 0.000000
vn 0.000000 1.000000 0.000000
vn 0.056454 0.986511 -0.153653
vn 0.131370 0.977072 -0.167547
vn 0.476495 0.867949 -0.140060
vn 0.101767 0.419367 0.902095
vn 0.390496 0.431914 0.812996
vn 0.390496 0.431914 0.812996
vn 0.082127 0.417162 0.905114
vn 0.000000 1.000000 0.000000
vn 0.000000 1.000000 0.000000
vn -0.612796 0.790241 0.000000
vn -0.612796 0.790241 0.000000
vn 0.637252 0.770656 0.000000
vn 0.637252 0.770656 0.000000
vn -0.637251 0.770656 0.000000
vn -0.637251 0.770656 0.000000
vn 0.612798 0.790240 0.000000
vn 0.612798 0.790240 0.000000
vn 1.000000 0.000000 0.000000
vn 1.000000 0.000000 0.000000
vn 1.000000 0.000000 0.000000
vn 1.000000 0.000000 0.000000
vn -1.000000 -0.000000 0.000000
vn -1.000000 -0.000000 0.000000
vn -1.000000 -0.000000 0.000000
vn -1.000000 -0.000000 0.000000
vn 1.000000 0.000000 0.000000
vn 1.000000 0.000000 0.000000
vn -1.000000 0.000000 0.000000
vn -1.000000 0.000000 0.000000
vn 1.000000 0.000000 0.000000
vn 1.000000 0.000000 0.000000
vn -1.000000 0.000000 0.000000
vn -1.000000 0.000000 0.000000
vn 0.000000 1.000000 0.000000
vn 0.000000 1.000000 0.000000
vn 0.000000 1.000000 0.000000
vn 0.000000 1.000000 0.000000
vn 0.000000 0.985125 -0.171842
vn 0.000000 1.000000 0.000000
vn 0.000000 0.987728 -0.156185
vn 0.000000 1.000000 0.000000
vn 0.000000 0.000000 -1.000000
vn 0.000000 0.000000 -1.000000
vn 0.000000 0.987728 -0.156185
vn 0.000000 1.000000 0.000000
vn 0.000000 1.000000 0.000000
vn 0.000000 1.000000 0.000000
vn 0.000000 0.985125 -0.171842
vn 0.000000 1.000000 0.000000
vn 0.000000 1.000000 0.000000
vn 0.000000 1.000000 0.000000
vn 0.000000 1.000000 0.000000
vn 0.000000 0.000000 1.000000
vn 0.000000 0.000000 1.000000
vn -0.999887 -0.014847 0.002229
vn -0.999887 -0.014847 0.002229
vn -0.999887 -0.014847 0.002229
vn -0.999887 -0.014847 0.002229
vn 0.000000 0.406185 0.913791
vn 0.000000 0.406185 0.913791
vn 1.000000 0.000000 0.000000
vn 1.000000 0.000000 0.000000
vn 0.000000 0.406184 0.913791
vn 0.000000 0.406184 0.913791
vn 0.999887 -0.014846 0.002229
vn 0.999887 -0.014846 0.002229
vn 0.999887 -0.014846 0.002229
vn 0.999887 -0.014846 0.002229
vn -1.000000 0.000000 0.000000
vn -1.000000 0.000000 0.000000
s 1
g CP2077Quasar_LOD0 RearSight
usemtl PaintedMetal
f 1118/1926/2279 1119/1927/2280 1151/1928/2281 1154/1929/2282
f 1118/1926/2279 1160/1930/2283 1163/1931/2284 1119/1927/2280
s 2
f 1122/1932/2285 1121/1933/2286 1124/1934/2287 1123/1935/2288
s off
f 1123/1936/2289 1124/1937/2290 1130/1938/2291 1129/1939/2292
s 2
f 1126/1940/2293 1125/1941/2294 1127/1942/2295 1128/1943/2296
s off
f 1128/1944/2297 1127/1945/2298 1132/1946/2299 1131/1947/2300
f 1129/1939/2301 1130/1938/2302 1174/1948/2303 1173/1949/2304
f 1131/1947/2305 1132/1946/2306 1170/1950/2307 1169/1951/2308
s 4
f 1133/1952/2309 1134/1953/2310 1144/1954/2311 1143/1955/2312
s 5
f 1134/1956/2313 1133/1957/2314 1136/1958/2315 1135/1959/2316
s 6
f 1137/1960/2317 1138/1961/2318 1146/1962/2319 1145/1963/2320
s 5
f 1138/1964/2321 1137/1965/2322 1139/1966/2323 1140/1967/2324
s 4
f 1143/1955/2312 1144/1954/2311 1180/1968/2325 1179/1969/2326
s 6
f 1145/1963/2320 1146/1962/2319 1172/1970/2327 1171/1971/2328
s 2
f 1183/1972/2329 1184/1973/2330 1149/1974/2331 1150/1975/2332
s 1
f 1151/1976/2281 1183/1977/2333 1150/1978/2334 1152/1979/2335
s 9
f 1151/1976/2336 1152/1979/2337 1166/1980/2338 1165/1981/2339
s 1
f 1153/1982/2340 1154/1983/2282 1167/1984/2341 1168/1985/2342
f 1118/1926/2279 1154/1929/2282 1185/1986/2343 1117/1987/2344
s 5
f 1117/1988/2345 1185/1989/2346 1186/1990/2347 1116/1991/2348
s 2
f 1181/1992/2349 1182/1993/2350 1115/1994/2351 1120/1995/2352
s 5
f 1187/1996/2353 1188/1997/2354 1158/1998/2355 1159/1999/2356
s 1
f 1160/2000/2283 1187/2001/2357 1159/2002/2358 1161/2003/2359
f 1160/2000/2283 1161/2003/2359 1178/2004/2360 1177/2005/2361
s 13
f 1162/2006/2362 1163/2007/2363 1176/2008/2364 1175/2009/2365
s 1
f 1119/1927/2280 1163/1931/2284 1181/2010/2366 1120/2011/2367
f 1165/1981/2368 1166/1980/2369 1168/1985/2342 1167/1984/2341
s 6
f 1169/1951/2370 1170/1950/2371 1171/1971/2328 1172/1970/2327
s 4
f 1173/1949/2372 1174/1948/2373 1179/1969/2326 1180/1968/2325
s 1
f 1175/2009/2374 1176/2008/2375 1177/2005/2361 1178/2004/2360
s 14
f 1145/2012/2376 1142/2013/2377 1139/1966/2378 1137/1965/2379
s 15
f 1135/1959/2380 1141/2014/2381 1144/2015/2382 1134/1956/2383
s 14
f 1132/2016/2384 1147/2017/2385 1142/2013/2377 1145/2012/2376
s 15
f 1144/2015/2382 1141/2014/2381 1148/2018/2386 1129/2019/2387
s 14
f 1125/1941/2388 1147/2017/2385 1132/2016/2384 1127/1942/2389
s 15
f 1129/2019/2387 1148/2018/2386 1122/1932/2390 1123/1935/2391
s 2
f 1150/1975/2332 1149/1974/2331 1126/1940/2293 1128/1943/2296
s 1
f 1152/1979/2335 1150/1978/2334 1128/1944/2392 1131/1947/2393
f 1168/1985/2342 1166/1980/2394 1169/1951/2395 1172/1970/2396
f 1155/2020/2397 1153/1982/2340 1146/1962/2398 1138/1961/2399
s 5
f 1156/2021/2400 1155/2022/2401 1138/1964/2321 1140/1967/2324
f 1133/1957/2314 1159/1999/2356 1158/1998/2355 1136/1958/2315
s 1
f 1143/1955/2402 1161/2003/2359 1159/2002/2358 1133/1952/2403
f 1174/1948/2404 1175/2009/2405 1178/2004/2360 1179/1969/2406
f 1124/1937/2407 1164/2023/2408 1162/2006/2409 1130/1938/2410
s 2
f 1121/1933/2286 1157/2024/2411 1164/2025/2412 1124/1934/2287
s off
f 1167/1984/2413 1154/2026/2414 1151/2027/2415 1165/1981/2416
s 9
f 1166/1980/2338 1152/1979/2337 1131/1947/2417 1169/1951/2418
s 14
f 1132/2028/2384 1145/2029/2376 1171/1971/2419 1170/1950/2420
s 1
f 1146/1962/2398 1153/1982/2340 1168/1985/2342 1172/1970/2396
s 13
f 1130/1938/2421 1162/2006/2362 1175/2009/2365 1174/1948/2422
s off
f 1176/2008/2423 1163/2030/2424 1160/2031/2425 1177/2005/2426
s 1
f 1178/2004/2360 1161/2003/2359 1143/1955/2402 1179/1969/2406
s 15
f 1144/2032/2382 1129/2033/2387 1173/1949/2427 1180/1968/2428
s 1
f 1181/2034/2366 1163/2007/2284 1162/2006/2409 1164/2023/2408
s 2
f 1157/2024/2411 1182/1993/2350 1181/1992/2349 1164/2025/2412
s 1
f 1120/2011/2367 1183/2035/2333 1151/1928/2281 1119/1927/2280
s 2
f 1115/2036/2351 1184/1973/2330 1183/1972/2329 1120/2037/2352
s 1
f 1185/2038/2343 1154/1983/2282 1153/1982/2340 1155/2020/2397
s 5
f 1186/1990/2347 1185/1989/2346 1155/2022/2401 1156/2021/2400
s 1
f 1117/1987/2344 1187/2039/2357 1160/1930/2283 1118/1926/2279
s 5
f 1116/2040/2348 1188/1997/2354 1187/1996/2353 1117/2041/2345
g default
v -0.139026 0.073271 -1.969307
v -0.189283 0.066810 -1.920223
v -0.189283 0.119244 -1.953544
v -0.138625 0.118633 -1.994142
v -0.141155 0.362579 -2.105263
v -0.189283 0.363302 -2.061780
v -0.189283 0.320983 -1.402999
v -0.146736 0.317809 -1.323964
v -0.138222 0.101392 -1.688666
v -0.189283 0.110649 -1.742244
v -0.189283 0.059972 -1.751588
v -0.139673 0.055154 -1.711370
v -0.139040 -0.141951 -1.848697
v -0.189283 -0.138801 -1.810390
v -0.189283 -0.088142 -1.820546
v -0.138775 -0.092444 -1.862011
v -0.138919 -0.079997 -1.689048
v -0.189283 -0.082220 -1.727000
v -0.189283 -0.133091 -1.720879
v -0.138885 -0.130807 -1.683153
v -0.138913 -0.235059 -1.860204
v -0.189283 -0.245183 -1.823798
v -0.189283 -0.194680 -1.813804
v -0.138807 -0.184648 -1.851049
v -0.139208 -0.233748 -1.676213
v -0.189283 -0.222312 -1.715016
v -0.189283 -0.272241 -1.727929
v -0.139197 -0.282892 -1.689744
v -0.138941 -0.332860 -1.897231
v -0.189283 -0.353747 -1.865962
v -0.189283 -0.306516 -1.843317
v -0.138752 -0.285823 -1.876134
v -0.138885 -0.369232 -1.748793
v -0.189283 -0.348579 -1.779860
v -0.189283 -0.390290 -1.810814
v -0.138885 -0.410955 -1.779724
v -0.138946 -0.463763 -1.991798
v -0.189283 -0.491330 -1.965787
v -0.189283 -0.455818 -1.927195
v -0.138885 -0.427702 -1.953915
v -0.139053 -0.520096 -1.867247
v -0.189283 -0.492599 -1.892919
v -0.189283 -0.524644 -1.934872
v -0.139071 -0.552543 -1.908348
v -0.138973 -0.526836 -2.112228
v -0.189283 -0.565490 -2.108503
v -0.189283 -0.540748 -2.057945
v -0.138675 -0.503175 -2.064734
v -0.139050 -0.619369 -2.048139
v -0.189283 -0.580751 -2.052204
v -0.189283 -0.597298 -2.104005
v -0.138975 -0.633255 -2.099480
v -0.137350 -0.600339 -2.279471
v -0.189283 -0.594676 -2.182392
v -0.137350 -0.558926 -2.182411
v -0.141991 -0.641565 -2.197985
v -0.189283 -0.619726 -2.178793
v -0.141991 -0.629700 -2.279471
v 0.138408 0.073241 -1.969287
v 0.138078 0.118633 -1.994142
v 0.188736 0.119210 -1.953586
v 0.188736 0.066810 -1.920223
v 0.188736 0.363302 -2.061780
v 0.139473 0.361568 -2.104802
v 0.188736 0.320983 -1.402999
v 0.142263 0.314344 -1.329803
v 0.188736 0.059808 -1.751821
v 0.188736 0.110851 -1.742449
v 0.138006 0.101285 -1.688845
v 0.138731 0.054917 -1.711331
v 0.138415 -0.141992 -1.848699
v 0.138228 -0.092444 -1.862011
v 0.188736 -0.088172 -1.820575
v 0.188736 -0.138801 -1.810390
v 0.188736 -0.133091 -1.720879
v 0.188736 -0.082222 -1.726996
v 0.138372 -0.079997 -1.689048
v 0.138337 -0.130807 -1.683153
v 0.188736 -0.272202 -1.727754
v 0.188736 -0.222200 -1.715135
v 0.138499 -0.233662 -1.676219
v 0.138494 -0.282961 -1.689792
v 0.138366 -0.235059 -1.860204
v 0.138260 -0.184648 -1.851049
v 0.188736 -0.194692 -1.813834
v 0.188736 -0.245183 -1.823798
v 0.188736 -0.390290 -1.810814
v 0.188736 -0.348579 -1.779860
v 0.138337 -0.369232 -1.748793
v 0.138337 -0.410955 -1.779724
v 0.138366 -0.332873 -1.897238
v 0.138205 -0.285823 -1.876134
v 0.188736 -0.306519 -1.843340
v 0.188736 -0.353747 -1.865962
v 0.138368 -0.463771 -1.991813
v 0.138337 -0.427702 -1.953915
v 0.188736 -0.455815 -1.927216
v 0.188736 -0.491330 -1.965787
v 0.188736 -0.524668 -1.934797
v 0.188736 -0.492502 -1.892938
v 0.138422 -0.520061 -1.867219
v 0.138430 -0.552564 -1.908393
v 0.138382 -0.526846 -2.112249
v 0.138128 -0.503175 -2.064734
v 0.188736 -0.540726 -2.057971
v 0.188736 -0.565490 -2.108503
v 0.188736 -0.597353 -2.103954
v 0.188736 -0.580713 -2.052189
v 0.138420 -0.619350 -2.048099
v 0.138382 -0.633257 -2.099504
v 0.137570 -0.598621 -2.279471
v 0.136803 -0.558926 -2.182411
v 0.188736 -0.583352 -2.180593
v 0.188736 -0.614358 -2.180593
v 0.139891 -0.641420 -2.196261
v 0.139891 -0.622763 -2.279471
vt 0.501353 0.538919
vt 0.501415 0.534718
vt 0.523857 0.534867
vt 0.523855 0.539061
vt 1.562153 0.518689
vt 1.570514 0.519341
vt 1.558973 0.538790
vt 1.551274 0.537322
vt 1.566042 0.512668
vt 1.542030 0.519583
vt 1.540638 0.513223
vt 1.573540 0.514251
vt 1.579762 0.485021
vt 1.587299 0.486451
vt 1.492289 0.486443
vt 1.502861 0.485267
vt 1.531951 0.515869
vt 0.479515 0.587371
vt 0.479096 0.583761
vt 0.498241 0.582519
vt 0.498338 0.585989
vt 1.534539 0.520763
vt 1.540193 0.536822
vt 1.532699 0.536491
vt 0.501769 0.558762
vt 0.501679 0.554723
vt 0.523564 0.554666
vt 0.523515 0.558653
vt 1.550155 0.543555
vt 1.557613 0.544397
vt 1.557745 0.549341
vt 1.550383 0.550370
vt 1.539529 0.542768
vt 0.478481 0.574068
vt 0.478268 0.570405
vt 0.497805 0.569604
vt 0.497888 0.573150
vt 1.532041 0.542390
vt 1.538674 0.553070
vt 1.531238 0.554574
vt 0.501983 0.566080
vt 0.501881 0.562104
vt 0.523462 0.561954
vt 0.523437 0.565888
vt 1.551188 0.556583
vt 1.558463 0.555327
vt 1.559733 0.561483
vt 1.552704 0.564213
vt 1.539737 0.558870
vt 0.477896 0.562986
vt 0.477746 0.559293
vt 0.497642 0.558743
vt 0.497686 0.562365
vt 1.532469 0.560565
vt 1.544683 0.568323
vt 1.538010 0.571675
vt 0.502201 0.574127
vt 0.502109 0.570180
vt 0.523408 0.569950
vt 0.523420 0.573868
vt 1.554655 0.570226
vt 1.561478 0.567283
vt 1.566416 0.579326
vt 1.560105 0.583405
vt 1.547607 0.573625
vt 0.477525 0.551673
vt 0.477430 0.547866
vt 0.497537 0.547532
vt 0.497556 0.551268
vt 1.540967 0.577016
vt 1.555267 0.586925
vt 1.549264 0.591267
vt 0.502498 0.586486
vt 0.502409 0.582529
vt 0.523467 0.582221
vt 0.523506 0.586163
vt 1.563693 0.588671
vt 1.569877 0.584391
vt 1.576838 0.591297
vt 1.572540 0.597417
vt 1.559187 0.591573
vt 0.477248 0.537590
vt 0.477201 0.533730
vt 0.497508 0.533560
vt 0.497508 0.537386
vt 1.553181 0.596104
vt 1.570469 0.601768
vt 1.566848 0.608434
vt 0.502715 0.596738
vt 0.502655 0.592740
vt 0.523565 0.592399
vt 0.523641 0.596389
vt 1.577322 0.601964
vt 1.581459 0.595726
vt 1.588519 0.602209
vt 1.584096 0.607900
vt 1.575549 0.605416
vt 0.477113 0.522312
vt 0.477094 0.518383
vt 0.497494 0.518294
vt 0.497499 0.522210
vt 1.572145 0.612099
vt 1.582734 0.610370
vt 1.583725 0.616559
vt 0.503101 0.610487
vt 0.502953 0.602546
vt 0.523614 0.602190
vt 0.523808 0.610075
vt 1.595540 0.613371
vt 1.593861 0.616630
vt 0.476840 0.511086
vt 0.476823 0.505008
vt 0.497589 0.504864
vt 0.497594 0.511145
vt 0.570653 0.519527
vt 0.562295 0.518779
vt 0.551222 0.537301
vt 0.558903 0.538848
vt 0.566252 0.512802
vt 0.573730 0.514462
vt 0.587816 0.486965
vt 0.580261 0.485294
vt 0.540865 0.513061
vt 0.542192 0.519480
vt 0.503350 0.484732
vt 0.493202 0.486538
vt 0.532175 0.515620
vt 0.534631 0.520586
vt 0.532654 0.536267
vt 0.540143 0.536680
vt 0.557490 0.544448
vt 0.550033 0.543519
vt 0.550190 0.550338
vt 0.557560 0.549389
vt 0.539415 0.542617
vt 0.531933 0.542159
vt 0.530983 0.554322
vt 0.538461 0.552898
vt 0.539431 0.558713
vt 0.532151 0.560347
vt 0.537578 0.571505
vt 0.544289 0.568228
vt 0.550925 0.556558
vt 0.558213 0.555382
vt 0.552358 0.564206
vt 0.559415 0.561553
vt 0.547155 0.573561
vt 0.540478 0.576880
vt 0.548610 0.591220
vt 0.554671 0.586936
vt 0.554240 0.570240
vt 0.561099 0.567373
vt 0.559546 0.583480
vt 0.565899 0.579469
vt 0.569306 0.584570
vt 0.563074 0.588785
vt 0.571833 0.597630
vt 0.576180 0.591543
vt 0.558529 0.591636
vt 0.552479 0.596111
vt 0.566008 0.608589
vt 0.569711 0.601954
vt 0.580748 0.595991
vt 0.576586 0.602236
vt 0.583389 0.607212
vt 0.587816 0.602404
vt 0.574720 0.605673
vt 0.571298 0.612334
vt 0.582698 0.616919
vt 0.582145 0.610422
vt 0.594626 0.613655
vt 0.593297 0.616354
vt 0.501365 0.512966
vt 0.524122 0.513232
vt 0.481407 0.615761
vt 0.500689 0.613883
vt 0.477204 0.502849
vt 0.497450 0.503083
vn 0.000001 -0.530646 -0.847594
vn 0.000001 -0.425276 -0.905064
vn 0.000001 -0.425293 -0.905056
vn 0.000001 -0.530643 -0.847596
vn -0.595965 -0.432074 -0.676859
vn -0.595154 -0.426640 -0.681007
vn -0.603810 -0.391841 -0.694172
vn -0.606718 -0.371290 -0.702878
vn -1.000000 0.000000 0.000000
vn -1.000000 0.000000 0.000000
vn -1.000000 0.000000 0.000000
vn -1.000000 0.000000 0.000000
vn -0.612674 -0.336821 -0.714970
vn -0.610448 -0.345736 -0.712615
vn -0.615334 -0.325827 -0.717775
vn -0.615334 -0.325827 -0.717775
vn -0.642313 -0.658831 0.391632
vn -0.642313 -0.658831 0.391632
vn -0.663483 -0.592892 0.456365
vn -0.652308 -0.630645 0.420454
vn -0.000044 -0.438551 0.898706
vn -0.000044 -0.438551 0.898706
vn -0.000044 -0.438551 0.898706
vn -0.000044 -0.438551 0.898706
vn -0.638567 0.029512 0.769000
vn -0.639884 0.024419 0.768084
vn -0.606627 0.121312 0.785676
vn -0.606426 0.120355 0.785978
vn -0.000013 -0.118084 -0.993004
vn -0.000004 -0.488714 -0.872444
vn -0.000004 -0.488747 -0.872426
vn -0.000013 -0.118040 -0.993009
vn -0.614408 -0.070495 -0.785833
vn -0.614427 -0.070752 -0.785795
vn -0.602760 0.095714 -0.792161
vn -0.602812 0.101315 -0.791425
vn -1.000000 0.000000 0.000000
vn -1.000000 0.000000 0.000000
vn -1.000000 0.000000 0.000000
vn -1.000000 0.000000 0.000000
vn -0.000000 0.150064 0.988676
vn 0.000000 0.083169 0.996535
vn 0.000000 0.083180 0.996535
vn -0.000000 0.150047 0.988679
vn -0.601563 0.067642 0.795956
vn -0.601550 0.068063 0.795930
vn -0.613651 -0.027814 0.789088
vn -0.615626 -0.045452 0.786727
vn 0.000000 0.240627 -0.970618
vn 0.000000 0.122593 -0.992457
vn 0.000000 0.122628 -0.992453
vn 0.000000 0.240627 -0.970618
vn -0.600728 0.198712 -0.774364
vn -0.600770 0.197878 -0.774545
vn -0.599656 0.283102 -0.748509
vn -0.599817 0.290302 -0.745617
vn -1.000000 0.000000 0.000000
vn -1.000000 -0.000000 0.000000
vn -1.000000 -0.000000 0.000000
vn -1.000000 0.000000 0.000000
vn 0.000034 -0.043676 0.999046
vn 0.000034 -0.471873 0.881666
vn 0.000034 -0.471989 0.881605
vn 0.000034 -0.043549 0.999051
vn -0.612818 -0.360733 0.703083
vn -0.610909 -0.374680 0.697427
vn -0.596400 -0.462019 0.656388
vn -0.596428 -0.461743 0.656557
vn -0.000001 0.480775 -0.876844
vn -0.000002 0.354091 -0.935211
vn -0.000002 0.354081 -0.935215
vn -0.000001 0.480773 -0.876845
vn -0.598153 0.390311 -0.699907
vn -0.598286 0.387827 -0.701173
vn -0.602521 0.464206 -0.649216
vn -0.603163 0.471888 -0.643053
vn -1.000000 -0.000000 0.000000
vn -1.000000 0.000000 0.000000
vn -1.000000 0.000000 0.000000
vn -1.000000 -0.000000 0.000000
vn 0.000000 -0.574885 0.818234
vn 0.000000 -0.617561 0.786523
vn 0.000000 -0.617559 0.786525
vn 0.000000 -0.574892 0.818229
vn -0.594627 -0.496009 0.632767
vn -0.594624 -0.496521 0.632368
vn -0.598813 -0.540151 0.591320
vn -0.598912 -0.541210 0.590251
vn -0.000003 0.826446 -0.563016
vn -0.000003 0.585641 -0.810571
vn -0.000003 0.585630 -0.810578
vn -0.000003 0.826446 -0.563016
vn -0.596395 0.665552 -0.448724
vn -0.595267 0.671656 -0.441062
vn -0.585825 0.717875 -0.376119
vn -0.585928 0.719316 -0.373193
vn -1.000000 0.000000 0.000000
vn -1.000000 0.000000 0.000000
vn -1.000000 0.000000 0.000000
vn -1.000000 0.000000 0.000000
vn 0.000010 -0.672500 0.740097
vn 0.000010 -0.876635 0.481157
vn 0.000010 -0.876642 0.481143
vn 0.000010 -0.672471 0.740124
vn -0.594910 -0.701215 0.392912
vn -0.593814 -0.707176 0.383779
vn -0.590715 -0.740493 0.320508
vn -0.591186 -0.744250 0.310793
vn -0.000000 0.903662 -0.428246
vn -0.000001 0.885868 -0.463937
vn -0.000001 0.885867 -0.463939
vn -0.000000 0.903662 -0.428246
vn -0.571761 0.747194 -0.338808
vn -0.574579 0.743426 -0.342311
vn -0.554099 0.764383 -0.329685
vn -0.553050 0.765096 -0.329793
vn -1.000000 -0.000000 0.000000
vn -1.000000 -0.000000 0.000000
vn -1.000000 -0.000000 0.000000
vn -1.000000 -0.000000 0.000000
vn 0.000006 -0.921223 0.389035
vn 0.000008 -0.989305 0.145864
vn 0.000008 -0.989253 0.146217
vn 0.000006 -0.921224 0.389032
vn -0.529419 -0.827250 0.188079
vn -0.533445 -0.824090 0.190560
vn -0.483532 -0.867170 0.119218
vn -0.478958 -0.876724 0.044205
vn -0.002887 0.922688 -0.385536
vn -0.001653 0.917151 -0.398536
vn -0.001657 0.917167 -0.398499
vn -0.002887 0.922688 -0.385536
vn -0.965984 0.026364 -0.257254
vn -0.891376 0.046210 -0.450904
vn -0.891376 0.046210 -0.450904
vn -0.960784 0.028270 -0.275855
vn 0.006117 -0.999125 -0.041374
vn 0.012908 -0.983176 -0.182202
vn 0.012908 -0.983176 -0.182202
vn 0.006036 -0.999194 -0.039693
vn 0.594600 -0.426980 -0.681277
vn 0.595494 -0.432203 -0.677191
vn 0.606274 -0.371415 -0.703195
vn 0.603373 -0.391929 -0.694501
vn 0.606940 -0.346001 -0.715477
vn 0.608791 -0.336994 -0.718199
vn 0.610978 -0.325938 -0.721437
vn 0.610978 -0.325938 -0.721437
vn 1.000000 -0.000000 0.000000
vn 1.000000 -0.000000 -0.000000
vn 1.000000 -0.000000 -0.000000
vn 1.000000 -0.000000 0.000000
vn 0.631372 -0.664947 0.399019
vn 0.631371 -0.664947 0.399019
vn 0.642243 -0.636358 0.427286
vn 0.654346 -0.598793 0.461821
vn 0.640293 0.024450 0.767742
vn 0.638768 0.030287 0.768803
vn 0.606145 0.121547 0.786012
vn 0.606334 0.122537 0.785713
vn 0.614033 -0.070763 -0.786102
vn 0.614020 -0.070590 -0.786127
vn 0.602521 0.101549 -0.791616
vn 0.602452 0.095958 -0.792366
vn 1.000000 -0.000000 0.000000
vn 1.000000 -0.000000 0.000000
vn 1.000000 -0.000000 0.000000
vn 1.000000 -0.000000 0.000000
vn 0.601573 0.067419 0.795968
vn 0.601586 0.066985 0.795995
vn 0.614927 -0.045482 0.787271
vn 0.613059 -0.027895 0.789544
vn 0.609715 -0.374039 0.698815
vn 0.611546 -0.360431 0.704344
vn 0.595615 -0.462089 0.657051
vn 0.595600 -0.462367 0.656869
vn 1.000000 0.000000 0.000000
vn 1.000000 0.000000 0.000000
vn 1.000000 0.000000 0.000000
vn 1.000000 0.000000 0.000000
vn 0.600655 0.197882 -0.774633
vn 0.600613 0.198721 -0.774451
vn 0.599651 0.290282 -0.745758
vn 0.599499 0.283105 -0.748634
vn 0.594677 -0.496735 0.632151
vn 0.594678 -0.496218 0.632555
vn 0.598755 -0.541351 0.590281
vn 0.598659 -0.540255 0.591382
vn 1.000000 -0.000000 0.000000
vn 1.000000 0.000000 0.000000
vn 1.000000 0.000000 0.000000
vn 1.000000 -0.000000 0.000000
vn 0.598087 0.387900 -0.701302
vn 0.597955 0.390386 -0.700034
vn 0.602963 0.471996 -0.643161
vn 0.602320 0.464315 -0.649325
vn 0.595033 0.671845 -0.441089
vn 0.596172 0.665701 -0.448799
vn 0.585591 0.719506 -0.373355
vn 0.585502 0.718088 -0.376215
vn 1.000000 0.000000 0.000000
vn 1.000000 -0.000000 0.000000
vn 1.000000 -0.000000 0.000000
vn 1.000000 -0.000000 0.000000
vn 0.593088 -0.707534 0.384242
vn 0.594182 -0.701612 0.393304
vn 0.590351 -0.744744 0.311193
vn 0.589886 -0.741027 0.320802
vn 0.550612 0.769416 -0.323768
vn 0.542374 0.778449 -0.315987
vn 0.478921 0.822038 -0.308040
vn 0.477317 0.822655 -0.308881
vn 1.000000 -0.000000 0.000000
vn 1.000000 0.000000 0.000000
vn 1.000000 0.000000 0.000000
vn 1.000000 -0.000000 0.000001
vn 0.552402 -0.815991 0.170327
vn 0.550082 -0.818239 0.167021
vn 0.527521 -0.849536 0.003197
vn 0.525038 -0.847986 0.072495
vn 0.889936 0.037447 -0.454546
vn 0.971550 0.019445 -0.236033
vn 0.958182 0.023495 -0.285195
vn 0.889936 0.037447 -0.454546
vn 1.000000 -0.000000 -0.000000
vn 1.000000 -0.000000 -0.000000
vn -1.000000 0.000000 0.000000
vn -1.000000 0.000000 0.000000
vn 0.000001 -0.414532 -0.910035
vn 0.000001 -0.414532 -0.910035
vn -0.000000 -0.859983 0.510323
vn -0.000000 -0.859983 0.510323
vn -0.000000 -0.859983 0.510323
vn -0.000000 -0.859983 0.510323
vn -0.000000 0.162951 0.986634
vn -0.000000 0.162951 0.986634
vn -0.000001 0.000000 -1.000000
vn -0.000001 0.000000 -1.000000
vn -0.000001 0.000000 -1.000000
vn -0.000001 0.000000 -1.000000
vn -0.535042 0.777049 -0.331549
vn -0.458157 -0.879596 -0.128076
vn 0.409659 0.845484 -0.342543
vn 0.521250 -0.832730 -0.186706
s 1
g CP2077Quasar_LOD0 Trigger
usemtl ShinyMetal_Trigger
f 1189/2042/2429 1192/2043/2430 1248/2044/2431 1247/2045/2432
s 2
f 1190/2046/2433 1189/2047/2434 1204/2048/2435 1203/2049/2436
s 3
f 1191/2050/2437 1190/2046/2438 1199/2051/2439 1198/2052/2440
s 2
f 1192/2053/2441 1191/2050/2442 1194/2054/2443 1193/2055/2444
s 4
f 1196/2056/2445 1195/2057/2446 1198/2052/2447 1197/2058/2448
s off
f 1197/2059/2449 1200/2060/2450 1258/2061/2451 1257/2062/2452
s 4
f 1200/2063/2453 1199/2051/2454 1206/2064/2455 1205/2065/2456
s 1
f 1201/2066/2457 1204/2067/2458 1260/2068/2459 1259/2069/2460
s 2
f 1202/2070/2461 1201/2071/2462 1212/2072/2463 1211/2073/2464
s 3
f 1203/2049/2465 1202/2070/2466 1207/2074/2467 1206/2064/2468
s 6
f 1205/2075/2469 1208/2076/2470 1266/2077/2471 1265/2078/2472
s 4
f 1208/2079/2473 1207/2074/2474 1214/2080/2475 1213/2081/2476
s 1
f 1209/2082/2477 1212/2083/2478 1272/2084/2479 1271/2085/2480
s 2
f 1210/2086/2481 1209/2087/2482 1220/2088/2483 1219/2089/2484
s 3
f 1211/2073/2485 1210/2086/2486 1215/2090/2487 1214/2080/2488
s 6
f 1213/2091/2489 1216/2092/2490 1270/2093/2491 1269/2094/2492
s 4
f 1216/2095/2493 1215/2090/2494 1222/2096/2495 1221/2097/2496
s 1
f 1217/2098/2497 1220/2099/2498 1280/2100/2499 1279/2101/2500
s 2
f 1218/2102/2501 1217/2103/2502 1228/2104/2503 1227/2105/2504
s 3
f 1219/2089/2505 1218/2102/2506 1223/2106/2507 1222/2096/2508
s 6
f 1221/2107/2509 1224/2108/2510 1278/2109/2511 1277/2110/2512
s 4
f 1224/2111/2513 1223/2106/2514 1230/2112/2515 1229/2113/2516
s 1
f 1225/2114/2517 1228/2115/2518 1284/2116/2519 1283/2117/2520
s 2
f 1226/2118/2521 1225/2119/2522 1236/2120/2523 1235/2121/2524
s 3
f 1227/2105/2525 1226/2118/2526 1231/2122/2527 1230/2112/2528
s 6
f 1229/2123/2529 1232/2124/2530 1290/2125/2531 1289/2126/2532
s 4
f 1232/2127/2533 1231/2122/2534 1238/2128/2535 1237/2129/2536
s 1
f 1233/2130/2537 1236/2131/2538 1292/2132/2539 1291/2133/2540
s 2
f 1234/2134/2541 1233/2135/2542 1243/2136/2543 1242/2137/2544
s 3
f 1235/2121/2545 1234/2134/2546 1239/2138/2547 1238/2128/2548
s 6
f 1237/2139/2549 1240/2140/2550 1298/2141/2551 1297/2142/2552
s 4
f 1240/2143/2553 1239/2138/2554 1245/2144/2555 1244/2145/2556
s 1
f 1241/2146/2557 1243/2147/2558 1300/2148/2559 1299/2149/2560
s 3
f 1242/2137/2561 1241/2150/2562 1246/2151/2563 1245/2144/2564
s 6
f 1244/2152/2565 1246/2153/2566 1304/2154/2567 1303/2155/2568
s 15
f 1247/2156/2569 1250/2157/2570 1261/2158/2571 1260/2159/2572
f 1249/2160/2573 1248/2161/2574 1252/2162/2575 1251/2163/2576
s 16
f 1250/2157/2577 1249/2160/2578 1256/2164/2579 1255/2165/2580
s 17
f 1253/2166/2581 1254/2167/2582 1257/2168/2583 1256/2164/2584
f 1255/2165/2585 1258/2169/2586 1265/2170/2587 1264/2171/2588
s 15
f 1259/2172/2589 1262/2173/2590 1273/2174/2591 1272/2175/2592
s 16
f 1262/2173/2593 1261/2158/2594 1264/2171/2595 1263/2176/2596
s 17
f 1263/2176/2597 1266/2177/2598 1269/2178/2599 1268/2179/2600
f 1267/2180/2601 1270/2181/2602 1277/2182/2603 1276/2183/2604
s 16
f 1268/2179/2605 1267/2180/2606 1274/2184/2607 1273/2174/2608
s 15
f 1271/2185/2609 1274/2184/2610 1281/2186/2611 1280/2187/2612
s 17
f 1275/2188/2613 1278/2189/2614 1289/2190/2615 1288/2191/2616
s 16
f 1276/2183/2617 1275/2188/2618 1282/2192/2619 1281/2186/2620
s 15
f 1279/2193/2621 1282/2192/2622 1285/2194/2623 1284/2195/2624
f 1283/2196/2625 1286/2197/2626 1293/2198/2627 1292/2199/2628
s 16
f 1286/2197/2629 1285/2194/2630 1288/2191/2631 1287/2200/2632
s 17
f 1287/2200/2633 1290/2201/2634 1297/2202/2635 1296/2203/2636
s 15
f 1291/2204/2637 1294/2205/2638 1301/2206/2639 1300/2207/2640
s 16
f 1294/2205/2641 1293/2198/2642 1296/2203/2643 1295/2208/2644
s 17
f 1295/2208/2645 1298/2209/2646 1303/2210/2647 1302/2211/2648
s 16
f 1299/2212/2649 1301/2206/2650 1302/2211/2651 1304/2213/2652
f 1249/2160/2578 1251/2163/2653 1253/2166/2654 1256/2164/2579
f 1261/2158/2594 1250/2157/2577 1255/2165/2580 1264/2171/2595
f 1268/2179/2605 1273/2174/2608 1262/2173/2593 1263/2176/2596
f 1276/2183/2617 1281/2186/2620 1274/2184/2607 1267/2180/2606
f 1285/2194/2630 1282/2192/2619 1275/2188/2618 1288/2191/2631
f 1293/2198/2642 1286/2197/2629 1287/2200/2632 1296/2203/2643
f 1301/2206/2650 1294/2205/2641 1295/2208/2644 1302/2211/2651
s 3
f 1191/2050/2437 1198/2052/2440 1195/2057/2655 1194/2054/2656
f 1203/2049/2465 1206/2064/2468 1199/2051/2439 1190/2046/2438
f 1214/2080/2488 1207/2074/2467 1202/2070/2466 1211/2073/2485
f 1222/2096/2508 1215/2090/2487 1210/2086/2486 1219/2089/2505
f 1227/2105/2525 1230/2112/2528 1223/2106/2507 1218/2102/2506
f 1235/2121/2545 1238/2128/2548 1231/2122/2527 1226/2118/2526
f 1242/2137/2561 1245/2144/2564 1239/2138/2547 1234/2134/2546
s 1
f 1192/2043/2430 1193/2214/2657 1252/2215/2658 1248/2044/2431
s off
f 1196/2216/2659 1197/2059/2660 1257/2062/2661 1254/2217/2662
s 6
f 1200/2060/2663 1205/2075/2469 1265/2078/2472 1258/2061/2664
s 1
f 1212/2083/2478 1201/2066/2457 1259/2069/2460 1272/2084/2479
s 6
f 1208/2076/2470 1213/2091/2489 1269/2094/2492 1266/2077/2471
s 1
f 1220/2099/2498 1209/2082/2477 1271/2085/2480 1280/2100/2499
s 6
f 1216/2092/2490 1221/2107/2509 1277/2110/2512 1270/2093/2491
s 1
f 1228/2115/2518 1217/2098/2497 1279/2101/2500 1284/2116/2519
s 6
f 1224/2108/2510 1229/2123/2529 1289/2126/2532 1278/2109/2511
s 1
f 1236/2131/2538 1225/2114/2517 1283/2117/2520 1292/2132/2539
s 6
f 1232/2124/2530 1237/2139/2549 1297/2142/2552 1290/2125/2531
s 1
f 1243/2147/2558 1233/2130/2537 1291/2133/2540 1300/2148/2559
s 6
f 1240/2140/2550 1244/2152/2565 1303/2155/2568 1298/2141/2551
s off
f 1246/2153/2665 1241/2218/2666 1299/2219/2667 1304/2154/2668
s 2
f 1189/2047/2434 1190/2046/2433 1191/2050/2442 1192/2053/2441
s 4
f 1197/2058/2448 1198/2052/2447 1199/2051/2454 1200/2063/2453
s 2
f 1201/2071/2462 1202/2070/2461 1203/2049/2436 1204/2048/2435
s 4
f 1205/2065/2456 1206/2064/2455 1207/2074/2474 1208/2079/2473
s 2
f 1209/2087/2482 1210/2086/2481 1211/2073/2464 1212/2072/2463
s 4
f 1213/2081/2476 1214/2080/2475 1215/2090/2494 1216/2095/2493
s 2
f 1217/2103/2502 1218/2102/2501 1219/2089/2484 1220/2088/2483
s 4
f 1221/2097/2496 1222/2096/2495 1223/2106/2514 1224/2111/2513
s 2
f 1225/2119/2522 1226/2118/2521 1227/2105/2504 1228/2104/2503
s 4
f 1229/2113/2516 1230/2112/2515 1231/2122/2534 1232/2127/2533
s 2
f 1233/2135/2542 1234/2134/2541 1235/2121/2524 1236/2120/2523
s 4
f 1237/2129/2536 1238/2128/2535 1239/2138/2554 1240/2143/2553
s 2
f 1241/2150/2669 1242/2137/2544 1243/2136/2543
s 4
f 1244/2145/2556 1245/2144/2555 1246/2151/2670
s 15
f 1247/2156/2569 1248/2161/2574 1249/2160/2573 1250/2157/2570
s 17
f 1255/2165/2585 1256/2164/2584 1257/2168/2583 1258/2169/2586
s 15
f 1259/2172/2589 1260/2159/2572 1261/2158/2571 1262/2173/2590
s 17
f 1263/2176/2597 1264/2171/2588 1265/2170/2587 1266/2177/2598
f 1267/2180/2601 1268/2179/2600 1269/2178/2599 1270/2181/2602
s 15
f 1271/2185/2609 1272/2175/2592 1273/2174/2591 1274/2184/2610
s 17
f 1275/2188/2613 1276/2183/2604 1277/2182/2603 1278/2189/2614
s 15
f 1279/2193/2621 1280/2187/2612 1281/2186/2611 1282/2192/2622
f 1283/2196/2625 1284/2195/2624 1285/2194/2623 1286/2197/2626
s 17
f 1287/2200/2633 1288/2191/2616 1289/2190/2615 1290/2201/2634
s 15
f 1291/2204/2637 1292/2199/2628 1293/2198/2627 1294/2205/2638
s 17
f 1295/2208/2645 1296/2203/2636 1297/2202/2635 1298/2209/2646
s 15
f 1299/2212/2671 1300/2207/2640 1301/2206/2639
s 17
f 1302/2211/2648 1303/2210/2647 1304/2213/2672
s 1
f 1189/2042/2429 1247/2045/2432 1260/2068/2459 1204/2067/2458
g default
v 0.268918 1.689983 -3.437197
v 0.228714 1.611080 -3.437197
v 0.166096 1.548461 -3.437197
v 0.087192 1.508258 -3.437197
v -0.000274 1.494404 -3.437197
v -0.087739 1.508258 -3.437197
v -0.166643 1.548461 -3.437197
v -0.229261 1.611080 -3.437197
v -0.269465 1.689983 -3.437197
v -0.283318 1.777449 -3.437197
v -0.269465 1.864914 -3.437197
v -0.229261 1.943818 -3.437197
v -0.166643 2.006436 -3.437197
v -0.087739 2.046640 -3.437197
v -0.000274 2.060493 -3.437197
v 0.087192 2.046640 -3.437197
v 0.166096 2.006436 -3.437197
v 0.228714 1.943818 -3.437197
v 0.268918 1.864914 -3.437197
v 0.282771 1.777449 -3.437197
v 0.268918 1.689983 -4.223076
v 0.228714 1.611080 -4.223076
v 0.166096 1.548461 -4.223076
v 0.087192 1.508258 -4.223076
v -0.000274 1.494404 -4.223076
v -0.087739 1.508258 -4.223076
v -0.166643 1.548461 -4.223076
v -0.229261 1.611080 -4.223076
v -0.269465 1.689983 -4.223076
v -0.283318 1.777449 -4.223076
v -0.269465 1.864914 -4.223076
v -0.229261 1.943818 -4.223076
v -0.166643 2.006436 -4.223076
v -0.087739 2.046640 -4.223076
v -0.000274 2.060493 -4.223076
v 0.087192 2.046640 -4.223076
v 0.166096 2.006436 -4.223076
v 0.228714 1.943818 -4.223076
v 0.268918 1.864914 -4.223076
v 0.282771 1.777449 -4.223076
v 0.214404 1.707696 -4.235245
v 0.182342 1.644771 -4.235245
v 0.132404 1.594831 -4.235245
v 0.069479 1.562772 -4.235245
v -0.000274 1.551725 -4.235245
v -0.070026 1.562772 -4.235245
v -0.132951 1.594831 -4.235245
v -0.182889 1.644771 -4.235245
v -0.214951 1.707696 -4.235245
v -0.225998 1.777449 -4.235245
v -0.214951 1.847201 -4.235245
v -0.182889 1.910126 -4.235245
v -0.132951 1.960063 -4.235245
v -0.070026 1.992124 -4.235245
v -0.000274 2.003172 -4.235245
v 0.069479 1.992124 -4.235245
v 0.132404 1.960063 -4.235245
v 0.182342 1.910126 -4.235245
v 0.214404 1.847201 -4.235245
v 0.225451 1.777449 -4.235245
v 0.159737 1.725459 -4.051526
v 0.135841 1.678554 -4.051526
v -0.000274 1.777449 -4.062576
v 0.098619 1.641334 -4.051526
v 0.051717 1.617437 -4.051526
v -0.000274 1.609205 -4.051526
v -0.052264 1.617437 -4.051526
v -0.099166 1.641334 -4.051526
v -0.136387 1.678554 -4.051526
v -0.160284 1.725459 -4.051526
v -0.168519 1.777449 -4.051526
v -0.160284 1.829438 -4.051526
v -0.136387 1.876343 -4.051526
v -0.099166 1.913561 -4.051526
v -0.052264 1.937460 -4.051526
v -0.000274 1.945698 -4.051526
v 0.051717 1.937460 -4.051526
v 0.098619 1.913561 -4.051526
v 0.135840 1.876343 -4.051526
v 0.159737 1.829438 -4.051526
v 0.167972 1.777449 -4.051526
vt 0.365997 0.382606
vt 0.372371 0.382606
vt 0.372371 0.439172
vt 0.365997 0.439172
vt 0.378745 0.382606
vt 0.378745 0.439172
vt 0.385119 0.382606
vt 0.385119 0.439172
vt 0.391493 0.382606
vt 0.391493 0.439172
vt 0.397867 0.382606
vt 0.397867 0.439172
vt 0.404241 0.382606
vt 0.404241 0.439172
vt 0.410615 0.382606
vt 0.410615 0.439172
vt 0.416990 0.382606
vt 0.416990 0.439172
vt 0.423364 0.382606
vt 0.423364 0.439172
vt 0.429737 0.382606
vt 0.429738 0.439172
vt 0.436112 0.382606
vt 0.436112 0.439172
vt 0.442486 0.382606
vt 0.442486 0.439172
vt 0.448860 0.382606
vt 0.448860 0.439172
vt 0.455234 0.382606
vt 0.455234 0.439172
vt 0.327752 0.382606
vt 0.334126 0.382606
vt 0.334126 0.439173
vt 0.327752 0.439173
vt 0.340500 0.382606
vt 0.340500 0.439173
vt 0.346874 0.382606
vt 0.346875 0.439173
vt 0.353248 0.382606
vt 0.353248 0.439172
vt 0.359622 0.382606
vt 0.359623 0.439172
vt 0.329604 0.532751
vt 0.317107 0.527710
vt 0.340040 0.489313
vt 0.306616 0.519127
vt 0.299103 0.507691
vt 0.295357 0.494368
vt 0.295870 0.480379
vt 0.300731 0.467088
vt 0.309574 0.455857
vt 0.321597 0.447878
vt 0.335622 0.444045
vt 0.350186 0.444837
vt 0.363789 0.450181
vt 0.375032 0.459560
vt 0.382702 0.472001
vt 0.386020 0.486185
vt 0.384683 0.500625
vt 0.378894 0.513824
vt 0.369326 0.524444
vt 0.357040 0.531460
vt 0.343343 0.534273
vt 0.389260 0.496363
vt 0.388916 0.482561
vt 0.397933 0.483756
vt 0.398205 0.494713
vt 0.392853 0.469328
vt 0.401060 0.473251
vt 0.400688 0.457960
vt 0.407280 0.464227
vt 0.411651 0.449569
vt 0.415985 0.457567
vt 0.424671 0.444976
vt 0.426321 0.453922
vt 0.438473 0.444632
vt 0.437278 0.453649
vt 0.451706 0.448570
vt 0.447783 0.456777
vt 0.463074 0.456404
vt 0.456807 0.462997
vt 0.471466 0.467368
vt 0.463468 0.471701
vt 0.476058 0.480388
vt 0.467112 0.482038
vt 0.476402 0.494190
vt 0.467384 0.492995
vt 0.472464 0.507423
vt 0.464257 0.503500
vt 0.464630 0.518791
vt 0.458037 0.512524
vt 0.453666 0.527182
vt 0.449333 0.519184
vt 0.440646 0.531775
vt 0.438996 0.522829
vt 0.426844 0.532119
vt 0.428039 0.523101
vt 0.413611 0.528181
vt 0.417535 0.519974
vt 0.402243 0.520347
vt 0.408510 0.513754
vt 0.393852 0.509383
vt 0.401850 0.505050
vt 0.276089 0.514879
vt 0.274025 0.508797
vt 0.290846 0.503951
vt 0.292385 0.508484
vt 0.272537 0.502549
vt 0.289737 0.499294
vt 0.271639 0.496190
vt 0.289068 0.494554
vt 0.271338 0.489775
vt 0.288844 0.489773
vt 0.271637 0.483360
vt 0.289067 0.484991
vt 0.272534 0.477000
vt 0.289735 0.480251
vt 0.274020 0.470752
vt 0.290842 0.475594
vt 0.276082 0.464670
vt 0.292380 0.471060
vt 0.278704 0.458807
vt 0.294334 0.466690
vt 0.281860 0.453214
vt 0.296687 0.462522
vt 0.285525 0.447940
vt 0.299418 0.458591
vt 0.289666 0.443031
vt 0.302505 0.454932
vt 0.294248 0.438530
vt 0.305920 0.451577
vt 0.299229 0.434476
vt 0.309633 0.448555
vt 0.299244 0.545066
vt 0.294261 0.541014
vt 0.305930 0.527964
vt 0.309643 0.530984
vt 0.289679 0.536514
vt 0.302515 0.524610
vt 0.285536 0.531606
vt 0.299427 0.520952
vt 0.281870 0.526333
vt 0.296694 0.517022
vt 0.278712 0.520741
vt 0.294340 0.512854
vn 0.951057 -0.309016 0.000000
vn 0.809017 -0.587785 0.000000
vn 0.809017 -0.587785 0.000000
vn 0.951057 -0.309016 0.000000
vn 0.587785 -0.809017 0.000000
vn 0.587785 -0.809017 0.000000
vn 0.309018 -0.951056 0.000000
vn 0.309018 -0.951056 0.000000
vn 0.000000 -1.000000 0.000000
vn 0.000000 -1.000000 0.000000
vn -0.309018 -0.951056 0.000000
vn -0.309018 -0.951056 0.000000
vn -0.587786 -0.809017 0.000000
vn -0.587786 -0.809017 0.000000
vn -0.809017 -0.587785 0.000000
vn -0.809017 -0.587785 0.000000
vn -0.951057 -0.309017 0.000000
vn -0.951057 -0.309017 0.000000
vn -1.000000 0.000000 0.000000
vn -1.000000 0.000000 0.000000
vn -0.951056 0.309017 0.000000
vn -0.951056 0.309017 0.000000
vn -0.809016 0.587786 0.000000
vn -0.809016 0.587786 0.000000
vn -0.587785 0.809017 0.000000
vn -0.587785 0.809017 0.000000
vn -0.309017 0.951056 0.000000
vn -0.309017 0.951056 0.000000
vn 0.000000 1.000000 0.000000
vn 0.000000 1.000000 0.000000
vn 0.309017 0.951056 0.000000
vn 0.309017 0.951056 0.000000
vn 0.587785 0.809017 0.000000
vn 0.587785 0.809017 0.000000
vn 0.809017 0.587786 0.000000
vn 0.809017 0.587786 0.000000
vn 0.951056 0.309018 0.000000
vn 0.951056 0.309018 0.000000
vn 1.000000 0.000001 0.000000
vn 1.000000 0.000001 0.000000
vn 0.062329 -0.020252 -0.997850
vn 0.053022 -0.038521 -0.997850
vn 0.000001 0.000000 -1.000000
vn 0.038523 -0.053022 -0.997850
vn 0.020249 -0.062330 -0.997850
vn -0.000000 -0.065539 -0.997850
vn -0.020249 -0.062331 -0.997850
vn -0.038519 -0.053022 -0.997850
vn -0.053017 -0.038521 -0.997850
vn -0.062327 -0.020252 -0.997850
vn -0.065538 -0.000000 -0.997850
vn -0.062330 0.020252 -0.997850
vn -0.053021 0.038522 -0.997850
vn -0.038527 0.053022 -0.997850
vn -0.020262 0.062330 -0.997850
vn -0.000000 0.065537 -0.997850
vn 0.020262 0.062330 -0.997850
vn 0.038527 0.053022 -0.997850
vn 0.053022 0.038522 -0.997850
vn 0.062332 0.020252 -0.997850
vn 0.065538 -0.000000 -0.997850
vn 0.197495 -0.064171 -0.978201
vn 0.168002 -0.122062 -0.978201
vn 0.168002 -0.122062 -0.978201
vn 0.197495 -0.064171 -0.978201
vn 0.122065 -0.168005 -0.978200
vn 0.122064 -0.168006 -0.978200
vn 0.064171 -0.197501 -0.978200
vn 0.064171 -0.197501 -0.978200
vn -0.000000 -0.207661 -0.978201
vn -0.000000 -0.207661 -0.978201
vn -0.064171 -0.197501 -0.978200
vn -0.064171 -0.197501 -0.978200
vn -0.122063 -0.168005 -0.978200
vn -0.122062 -0.168006 -0.978200
vn -0.168002 -0.122062 -0.978201
vn -0.168002 -0.122062 -0.978201
vn -0.197497 -0.064172 -0.978201
vn -0.197497 -0.064171 -0.978201
vn -0.207661 0.000000 -0.978201
vn -0.207661 0.000000 -0.978201
vn -0.197500 0.064172 -0.978200
vn -0.197500 0.064171 -0.978200
vn -0.168003 0.122062 -0.978200
vn -0.168003 0.122062 -0.978200
vn -0.122059 0.168003 -0.978201
vn -0.122059 0.168002 -0.978201
vn -0.064170 0.197496 -0.978201
vn -0.064170 0.197496 -0.978201
vn 0.000002 0.207659 -0.978201
vn 0.000002 0.207659 -0.978201
vn 0.064171 0.197496 -0.978201
vn 0.064172 0.197496 -0.978201
vn 0.122059 0.168002 -0.978201
vn 0.122059 0.168002 -0.978201
vn 0.168003 0.122062 -0.978200
vn 0.168003 0.122062 -0.978200
vn 0.197500 0.064172 -0.978200
vn 0.197500 0.064171 -0.978200
vn 0.207661 0.000000 -0.978201
vn 0.207661 0.000000 -0.978201
vn -0.907672 0.294913 -0.298593
vn -0.772118 0.560961 -0.298591
vn -0.772117 0.560963 -0.298591
vn -0.907673 0.294912 -0.298593
vn -0.560963 0.772116 -0.298592
vn -0.560963 0.772116 -0.298592
vn -0.294895 0.907678 -0.298594
vn -0.294894 0.907678 -0.298594
vn -0.000001 0.954381 -0.298591
vn -0.000001 0.954381 -0.298591
vn 0.294894 0.907678 -0.298593
vn 0.294893 0.907679 -0.298593
vn 0.560964 0.772115 -0.298593
vn 0.560964 0.772115 -0.298593
vn 0.772118 0.560961 -0.298592
vn 0.772117 0.560962 -0.298592
vn 0.907671 0.294916 -0.298593
vn 0.907671 0.294915 -0.298593
vn 0.954380 0.000000 -0.298594
vn 0.954380 -0.000000 -0.298594
vn 0.907670 -0.294918 -0.298593
vn 0.907671 -0.294917 -0.298593
vn 0.772110 -0.560971 -0.298593
vn 0.772109 -0.560972 -0.298593
vn 0.560963 -0.772117 -0.298591
vn 0.560963 -0.772117 -0.298591
vn 0.294934 -0.907668 -0.298584
vn 0.294935 -0.907668 -0.298584
vn -0.000001 -0.954385 -0.298580
vn -0.000001 -0.954385 -0.298580
vn -0.294935 -0.907668 -0.298584
vn -0.294936 -0.907668 -0.298584
vn -0.560964 -0.772116 -0.298590
vn -0.560963 -0.772117 -0.298590
vn -0.772111 -0.560970 -0.298593
vn -0.772110 -0.560972 -0.298593
vn -0.907671 -0.294917 -0.298593
vn -0.907671 -0.294916 -0.298593
vn -0.954380 -0.000000 -0.298594
vn -0.954380 -0.000000 -0.298594
s 1
g CP2077Quasar_LOD0 Barrel
usemtl BrushedMetal_Reciever
f 1305/2220/2673 1306/2221/2674 1326/2222/2675 1325/2223/2676
f 1306/2221/2674 1307/2224/2677 1327/2225/2678 1326/2222/2675
f 1307/2224/2677 1308/2226/2679 1328/2227/2680 1327/2225/2678
f 1308/2226/2679 1309/2228/2681 1329/2229/2682 1328/2227/2680
f 1309/2228/2681 1310/2230/2683 1330/2231/2684 1329/2229/2682
f 1310/2230/2683 1311/2232/2685 1331/2233/2686 1330/2231/2684
f 1311/2232/2685 1312/2234/2687 1332/2235/2688 1331/2233/2686
f 1312/2234/2687 1313/2236/2689 1333/2237/2690 1332/2235/2688
f 1313/2236/2689 1314/2238/2691 1334/2239/2692 1333/2237/2690
f 1314/2238/2691 1315/2240/2693 1335/2241/2694 1334/2239/2692
f 1315/2240/2693 1316/2242/2695 1336/2243/2696 1335/2241/2694
f 1316/2242/2695 1317/2244/2697 1337/2245/2698 1336/2243/2696
f 1317/2244/2697 1318/2246/2699 1338/2247/2700 1337/2245/2698
f 1318/2246/2699 1319/2248/2701 1339/2249/2702 1338/2247/2700
f 1319/2250/2701 1320/2251/2703 1340/2252/2704 1339/2253/2702
f 1320/2251/2703 1321/2254/2705 1341/2255/2706 1340/2252/2704
f 1321/2254/2705 1322/2256/2707 1342/2257/2708 1341/2255/2706
f 1322/2256/2707 1323/2258/2709 1343/2259/2710 1342/2257/2708
f 1323/2258/2709 1324/2260/2711 1344/2261/2712 1343/2259/2710
f 1324/2260/2711 1305/2220/2673 1325/2223/2676 1344/2261/2712
s 2
f 1365/2262/2713 1366/2263/2714 1367/2264/2715
f 1366/2263/2714 1368/2265/2716 1367/2264/2715
f 1368/2265/2716 1369/2266/2717 1367/2264/2715
f 1369/2266/2717 1370/2267/2718 1367/2264/2715
f 1370/2267/2718 1371/2268/2719 1367/2264/2715
f 1371/2268/2719 1372/2269/2720 1367/2264/2715
f 1372/2269/2720 1373/2270/2721 1367/2264/2715
f 1373/2270/2721 1374/2271/2722 1367/2264/2715
f 1374/2271/2722 1375/2272/2723 1367/2264/2715
f 1375/2272/2723 1376/2273/2724 1367/2264/2715
f 1376/2273/2724 1377/2274/2725 1367/2264/2715
f 1377/2274/2725 1378/2275/2726 1367/2264/2715
f 1378/2275/2726 1379/2276/2727 1367/2264/2715
f 1379/2276/2727 1380/2277/2728 1367/2264/2715
f 1380/2277/2728 1381/2278/2729 1367/2264/2715
f 1381/2278/2729 1382/2279/2730 1367/2264/2715
f 1382/2279/2730 1383/2280/2731 1367/2264/2715
f 1383/2280/2731 1384/2281/2732 1367/2264/2715
f 1384/2281/2732 1385/2282/2733 1367/2264/2715
f 1385/2282/2733 1365/2262/2713 1367/2264/2715
s 3
f 1325/2283/2734 1326/2284/2735 1346/2285/2736 1345/2286/2737
f 1326/2284/2735 1327/2287/2738 1347/2288/2739 1346/2285/2736
f 1327/2287/2738 1328/2289/2740 1348/2290/2741 1347/2288/2739
f 1328/2289/2740 1329/2291/2742 1349/2292/2743 1348/2290/2741
f 1329/2291/2742 1330/2293/2744 1350/2294/2745 1349/2292/2743
f 1330/2293/2744 1331/2295/2746 1351/2296/2747 1350/2294/2745
f 1331/2295/2746 1332/2297/2748 1352/2298/2749 1351/2296/2747
f 1332/2297/2748 1333/2299/2750 1353/2300/2751 1352/2298/2749
f 1333/2299/2750 1334/2301/2752 1354/2302/2753 1353/2300/2751
f 1334/2301/2752 1335/2303/2754 1355/2304/2755 1354/2302/2753
f 1335/2303/2754 1336/2305/2756 1356/2306/2757 1355/2304/2755
f 1336/2305/2756 1337/2307/2758 1357/2308/2759 1356/2306/2757
f 1337/2307/2758 1338/2309/2760 1358/2310/2761 1357/2308/2759
f 1338/2309/2760 1339/2311/2762 1359/2312/2763 1358/2310/2761
f 1339/2311/2762 1340/2313/2764 1360/2314/2765 1359/2312/2763
f 1340/2313/2764 1341/2315/2766 1361/2316/2767 1360/2314/2765
f 1341/2315/2766 1342/2317/2768 1362/2318/2769 1361/2316/2767
f 1342/2317/2768 1343/2319/2770 1363/2320/2771 1362/2318/2769
f 1343/2319/2770 1344/2321/2772 1364/2322/2773 1363/2320/2771
f 1344/2321/2772 1325/2283/2734 1345/2286/2737 1364/2322/2773
s 4
f 1345/2323/2774 1346/2324/2775 1366/2325/2776 1365/2326/2777
f 1346/2324/2775 1347/2327/2778 1368/2328/2779 1366/2325/2776
f 1347/2327/2778 1348/2329/2780 1369/2330/2781 1368/2328/2779
f 1348/2329/2780 1349/2331/2782 1370/2332/2783 1369/2330/2781
f 1349/2331/2782 1350/2333/2784 1371/2334/2785 1370/2332/2783
f 1350/2333/2784 1351/2335/2786 1372/2336/2787 1371/2334/2785
f 1351/2335/2786 1352/2337/2788 1373/2338/2789 1372/2336/2787
f 1352/2337/2788 1353/2339/2790 1374/2340/2791 1373/2338/2789
f 1353/2339/2790 1354/2341/2792 1375/2342/2793 1374/2340/2791
f 1354/2341/2792 1355/2343/2794 1376/2344/2795 1375/2342/2793
f 1355/2343/2794 1356/2345/2796 1377/2346/2797 1376/2344/2795
f 1356/2345/2796 1357/2347/2798 1378/2348/2799 1377/2346/2797
f 1357/2347/2798 1358/2349/2800 1379/2350/2801 1378/2348/2799
f 1358/2349/2800 1359/2351/2802 1380/2352/2803 1379/2350/2801
f 1359/2353/2802 1360/2354/2804 1381/2355/2805 1380/2356/2803
f 1360/2354/2804 1361/2357/2806 1382/2358/2807 1381/2355/2805
f 1361/2357/2806 1362/2359/2808 1383/2360/2809 1382/2358/2807
f 1362/2359/2808 1363/2361/2810 1384/2362/2811 1383/2360/2809
f 1363/2361/2810 1364/2363/2812 1385/2364/2813 1384/2362/2811
f 1364/2363/2812 1345/2323/2774 1365/2326/2777 1385/2364/2813
g default
v -0.621983 -0.813954 3.648625
v -0.621983 -0.798572 3.602251
v -0.621983 -0.820775 3.557655
v -0.103132 -0.822188 3.560916
v -0.103132 -0.799962 3.605457
v -0.103132 -0.815287 3.651695
v -0.806184 -2.321497 2.528692
v -0.871246 -2.303281 2.536763
v -0.898045 -2.267163 2.565493
v -0.897489 -2.730500 3.090863
v -0.870693 -2.763386 3.058465
v -0.805641 -2.773795 3.041550
v -0.621983 -2.121970 2.401430
v -0.621983 -2.168748 2.384730
v -0.621983 -2.212701 2.405709
v -0.103132 -2.214035 2.408784
v -0.103132 -2.170139 2.387934
v -0.103132 -2.123382 2.404691
v 0.161714 -2.267565 2.568789
v 0.134557 -2.303663 2.539887
v 0.069355 -2.321822 2.531414
v 0.069899 -2.774127 3.044273
v 0.135109 -2.763763 3.061594
v 0.162270 -2.730902 3.094155
v -0.621983 -1.573521 4.411230
v -0.621983 -1.526765 4.427987
v -0.621983 -1.482867 4.407139
v -0.103132 -1.484200 4.410209
v -0.103131 -1.528153 4.431191
v -0.103131 -1.574933 4.414493
v -0.891238 -0.965959 3.721698
v -0.864077 -0.933092 3.754261
v -0.798866 -0.922731 3.771580
v -0.798323 -1.375032 4.284437
v -0.863524 -1.393197 4.275962
v -0.890681 -1.429295 4.247063
v -0.621983 -2.881616 3.164222
v -0.621983 -2.896941 3.210467
v -0.621983 -2.874712 3.255005
v -0.103131 -2.876124 3.258268
v -0.103132 -2.898331 3.213669
v -0.103132 -2.882946 3.167297
v 0.076673 -0.923059 3.774304
v 0.141725 -0.933471 3.757388
v 0.168521 -0.966358 3.724990
v 0.169078 -1.429695 4.250357
v 0.142278 -1.393577 4.279090
v 0.077216 -1.375363 4.287161
v -0.848735 -0.893655 3.639827
v -0.824359 -0.865527 3.677752
v -0.765870 -0.866601 3.708027
v -0.773188 -2.265364 2.465134
v -0.831527 -2.235713 2.460254
v -0.855542 -2.194863 2.483623
v -0.732441 -0.840756 3.580159
v -0.718282 -0.817275 3.623327
v -0.684461 -0.829570 3.666254
v -0.691779 -2.228334 2.423367
v -0.725450 -2.187464 2.405829
v -0.739248 -2.141960 2.423958
v 0.009423 -0.841037 3.582465
v -0.004349 -0.817545 3.625551
v -0.037957 -0.829813 3.668266
v -0.045274 -2.228580 2.425376
v -0.011517 -2.187733 2.408051
v 0.002615 -2.142244 2.426263
v 0.125844 -0.894022 3.642854
v 0.101844 -0.865874 3.680632
v 0.043542 -0.866904 3.710545
v 0.036224 -2.265671 2.467651
v 0.094676 -2.236067 2.463135
v 0.119037 -2.195227 2.486653
v -0.731583 -1.554616 4.389592
v -0.717451 -1.509125 4.407805
v -0.683694 -1.468281 4.390480
v -0.691011 -2.867044 3.147587
v -0.724619 -2.879317 3.190302
v -0.738390 -2.855822 3.233385
v -0.848005 -1.501632 4.329201
v -0.823644 -1.460794 4.352718
v -0.765192 -1.431188 4.348203
v -0.772510 -2.829954 3.105308
v -0.830812 -2.830983 3.135220
v -0.854812 -2.802839 3.172998
v 0.126574 -1.501999 4.332227
v 0.102559 -1.461142 4.355598
v 0.044220 -1.431494 4.350719
v 0.036902 -2.830259 3.107827
v 0.095391 -2.831331 3.138101
v 0.119767 -2.803203 3.176025
v 0.010280 -1.554896 4.391899
v -0.003518 -1.509394 4.410024
v -0.037189 -1.468525 4.392487
v -0.044507 -2.867286 3.149600
v -0.010686 -2.879580 3.192526
v 0.003473 -2.856105 3.235697
v -0.362557 -1.149076 4.029417
v -0.362557 -2.547804 2.786451
vt 0.627739 0.634751
vt 0.629624 0.634718
vt 0.629584 0.654510
vt 0.627704 0.654456
vt 1.714777 0.629798
vt 1.714854 0.634887
vt 1.660854 0.636129
vt 1.660397 0.631088
vt 0.560580 0.769327
vt 0.558560 0.769274
vt 0.558869 0.742734
vt 0.560893 0.742739
vt 0.741894 0.724730
vt 0.734843 0.724051
vt 0.734946 0.652778
vt 0.742004 0.652152
vt 0.715611 0.741078
vt 0.715616 0.746151
vt 0.661534 0.745675
vt 0.661581 0.740613
vt 0.559737 0.634481
vt 0.561614 0.634525
vt 0.561589 0.654217
vt 0.559710 0.654259
vt 0.643681 0.723583
vt 0.636603 0.724172
vt 0.636704 0.651727
vt 0.643778 0.652402
vt 0.559556 0.668157
vt 0.561590 0.668160
vt 0.561490 0.694744
vt 0.559451 0.694714
vt 1.716064 0.740328
vt 1.716150 0.745390
vt 1.662097 0.746342
vt 1.662063 0.741270
vt 0.629045 0.729231
vt 0.627170 0.729164
vt 0.627438 0.709466
vt 0.629317 0.709450
vt 1.733477 0.651812
vt 1.740543 0.651081
vt 1.741319 0.723677
vt 1.734237 0.723138
vt 0.628688 0.769820
vt 0.626657 0.769841
vt 0.626957 0.743250
vt 0.628991 0.743278
vt 0.561075 0.728403
vt 0.559193 0.728425
vt 0.559462 0.708645
vt 0.561345 0.708707
vt 0.715852 0.630689
vt 0.715830 0.635765
vt 0.661804 0.635353
vt 0.661776 0.630265
vt 0.627662 0.668654
vt 0.629691 0.668681
vt 0.629580 0.695250
vt 0.627555 0.695251
vt 1.635297 0.652779
vt 1.642356 0.653335
vt 1.643098 0.724419
vt 1.636050 0.725135
vt 0.626640 0.774283
vt 0.560515 0.773768
vt 0.627783 0.625063
vt 0.627754 0.630413
vt 0.561628 0.629938
vt 0.561635 0.624588
vt 0.627694 0.658857
vt 0.561584 0.658366
vt 0.627676 0.664213
vt 0.561594 0.663720
vt 0.627111 0.733456
vt 0.561015 0.732945
vt 0.627020 0.738809
vt 0.560949 0.738299
vt 0.627532 0.699682
vt 0.561458 0.699174
vt 0.627489 0.705020
vt 0.561391 0.704511
vt 1.655171 0.738898
vt 1.688497 0.688160
vt 0.722885 0.738649
vt 0.688747 0.688205
vt 0.731373 0.732860
vt 0.629615 0.658656
vt 1.654119 0.638562
vt 1.650343 0.634149
vt 0.737696 0.735478
vt 0.558490 0.773637
vt 0.651859 0.742793
vt 0.655564 0.738308
vt 0.559661 0.658143
vt 0.640875 0.640974
vt 0.647227 0.643593
vt 0.559493 0.699424
vt 0.629034 0.733256
vt 1.722461 0.737958
vt 1.726195 0.742411
vt 0.628679 0.774183
vt 1.729933 0.643006
vt 1.736270 0.640350
vt 0.726665 0.633551
vt 0.723018 0.638068
vt 0.559099 0.732710
vt 0.629481 0.699963
vt 1.646636 0.733191
vt 1.640333 0.735862
vt 0.629744 0.625650
vt 0.629679 0.630669
vt 1.721394 0.637265
vt 1.725044 0.632699
vt 0.726540 0.743178
vt 0.559679 0.625157
vt 0.559713 0.630174
vt 0.629632 0.663961
vt 1.645708 0.644497
vt 1.639369 0.641957
vt 0.640742 0.734966
vt 0.647106 0.732428
vt 0.559636 0.663440
vt 0.628982 0.738558
vt 1.730875 0.732009
vt 1.737249 0.734509
vt 0.737818 0.641332
vt 0.731502 0.643930
vt 0.558997 0.738016
vt 0.629406 0.705253
vt 1.651551 0.743454
vt 0.652009 0.633263
vt 0.655699 0.637794
vt 0.559458 0.704708
vn -0.042094 0.671278 -0.740009
vn -0.041366 0.895751 -0.442627
vn 0.047357 0.895181 -0.443181
vn 0.050894 0.670991 -0.739717
vn -0.013995 0.948176 0.317437
vn -0.005645 0.803126 0.595783
vn 0.002523 0.802286 0.596934
vn 0.013972 0.948308 0.317044
vn -0.998604 0.026421 -0.045731
vn -0.862569 -0.347560 -0.367664
vn -0.862435 -0.409106 -0.298059
vn -0.998540 -0.043080 0.032597
vn -0.279308 -0.712528 -0.643654
vn -0.091171 -0.743785 -0.662172
vn -0.090887 -0.750057 -0.655098
vn -0.279343 -0.727908 -0.626193
vn -0.001923 -0.692158 -0.721744
vn -0.010571 -0.432431 -0.901605
vn 0.017617 -0.432199 -0.901606
vn 0.006400 -0.691872 -0.721992
vn -0.039570 0.333621 -0.941876
vn -0.042148 0.655974 -0.753606
vn 0.050765 0.655669 -0.753340
vn 0.049524 0.333464 -0.941461
vn 0.096291 -0.743255 -0.662042
vn 0.281884 -0.711755 -0.643386
vn 0.281805 -0.727111 -0.626016
vn 0.096709 -0.749609 -0.654778
vn 0.860087 -0.349741 -0.371393
vn 0.998404 0.021664 -0.052150
vn 0.998502 -0.047947 0.026359
vn 0.859954 -0.411287 -0.302196
vn -0.006335 0.692154 0.721722
vn -0.017663 0.432115 0.901646
vn 0.010591 0.432533 0.901556
vn 0.002022 0.691930 0.721962
vn -0.049256 -0.333576 0.941436
vn -0.050585 -0.655677 0.753345
vn 0.042524 -0.655962 0.753595
vn 0.040035 -0.333444 0.941920
vn -0.095975 0.749639 0.654851
vn -0.281812 0.727108 0.626016
vn -0.281901 0.711748 0.643387
vn -0.095559 0.743332 0.662062
vn -0.859963 0.411276 0.302184
vn -0.998502 0.047947 -0.026359
vn -0.998404 -0.021664 0.052150
vn -0.860092 0.349736 0.371384
vn -0.050714 -0.670995 0.739726
vn -0.047103 -0.895110 0.443350
vn 0.041855 -0.895788 0.442506
vn 0.042474 -0.671269 0.739996
vn -0.013995 -0.948332 -0.316969
vn -0.002452 -0.802100 -0.597184
vn 0.005744 -0.803364 -0.595460
vn 0.013993 -0.948138 -0.317550
vn 0.998540 0.043079 -0.032597
vn 0.862442 0.409097 0.298050
vn 0.862576 0.347546 0.367660
vn 0.998604 -0.026420 0.045731
vn 0.279350 0.727906 0.626192
vn 0.091563 0.750035 0.655030
vn 0.091854 0.743715 0.662156
vn 0.279312 0.712527 0.643654
vn -0.931765 0.254097 -0.259323
vn -0.931889 0.233028 -0.277994
vn -0.565464 0.556587 -0.608655
vn -0.430886 0.608317 -0.666550
vn -0.431259 0.592303 -0.680583
vn -0.565497 0.542259 -0.621424
vn 0.435811 0.604712 -0.666628
vn 0.434908 0.589082 -0.681056
vn 0.567914 0.552247 -0.610325
vn 0.567947 0.537895 -0.622980
vn 0.931611 0.249044 -0.264723
vn 0.931555 0.227920 -0.283298
vn -0.429189 -0.590935 0.683076
vn -0.430138 -0.606521 0.668666
vn -0.567943 -0.537899 0.622982
vn -0.567909 -0.552251 0.610326
vn -0.931557 -0.227915 0.283294
vn -0.931613 -0.249040 0.264719
vn 0.931888 -0.233030 0.277996
vn 0.931764 -0.254098 0.259326
vn 0.565513 -0.542251 0.621417
vn 0.437442 -0.590319 0.678357
vn 0.437108 -0.606358 0.664279
vn 0.565479 -0.556581 0.608647
vn 0.030139 0.705536 0.708033
vn -0.001843 0.750003 0.661432
vn -0.029659 -0.704947 -0.708640
vn 0.001845 -0.750004 -0.661431
vn -0.057830 -0.712003 -0.699791
vn 0.386343 0.853316 -0.350130
vn 0.030010 0.791282 0.610714
vn 0.167151 0.907737 0.384804
vn -0.241421 -0.600452 -0.762347
vn -0.812923 -0.157117 -0.560777
vn 0.174452 -0.496231 -0.850483
vn 0.034036 -0.705594 -0.707798
vn 0.398439 0.239925 -0.885258
vn 0.243860 -0.830630 -0.500586
vn 0.061904 -0.783409 -0.618416
vn 0.810034 -0.579271 -0.091047
vn -0.392358 -0.242227 0.887345
vn -0.033599 0.705081 0.708331
vn -0.172375 0.495338 0.851426
vn -0.810052 0.579250 0.091023
vn -0.061685 0.783288 0.618591
vn -0.243836 0.830631 0.500596
vn -0.165134 -0.908503 -0.383867
vn -0.029554 -0.791749 -0.610131
vn -0.380586 -0.854934 0.352481
vn 0.812937 0.157083 0.560767
vn 0.058023 0.711875 0.699905
vn 0.241410 0.600465 0.762340
vn -0.511446 0.814099 -0.275076
vn -0.393318 0.852306 -0.344783
vn -0.033361 0.790444 0.611625
vn -0.171813 0.906250 0.386252
vn -0.165646 -0.494370 -0.853323
vn -0.512403 0.179206 -0.839838
vn -0.383208 0.246792 -0.890082
vn 0.513716 0.811565 -0.278315
vn 0.058159 0.783379 0.618818
vn 0.241975 0.831363 0.500285
vn 0.245071 -0.600071 -0.761482
vn 0.062082 -0.711429 -0.700011
vn 0.515147 0.175801 -0.838879
vn 0.812217 0.576966 0.086104
vn 0.811223 -0.160004 -0.562421
vn -0.515156 -0.175789 0.838876
vn -0.061865 0.711577 0.699879
vn -0.245108 0.600064 0.761476
vn -0.241963 -0.831350 -0.500312
vn -0.057970 -0.783269 -0.618974
vn -0.513720 -0.811563 0.278312
vn -0.811216 0.160030 0.562422
vn -0.812209 -0.576973 -0.086126
vn 0.512416 -0.179177 0.839837
vn 0.389541 -0.244483 0.887967
vn 0.167831 0.495258 0.852381
vn 0.174094 -0.905389 -0.387249
vn 0.033800 -0.789935 -0.612258
vn 0.511432 -0.814124 0.275028
vn 0.399915 -0.850340 0.342037
s 1
g CP2077Quasar_LOD0 Battery
usemtl PaintedMetal
f 1388/2365/2814 1387/2366/2815 1390/2367/2816 1389/2368/2817
s 2
f 1387/2369/2818 1386/2370/2819 1391/2371/2820 1390/2372/2821
s 3
f 1394/2373/2822 1393/2374/2823 1396/2375/2824 1395/2376/2825
s 4
f 1393/2377/2826 1392/2378/2827 1397/2379/2828 1396/2380/2829
f 1400/2381/2830 1399/2382/2831 1402/2383/2832 1401/2384/2833
s 1
f 1399/2385/2834 1398/2386/2835 1403/2387/2836 1402/2388/2837
s 4
f 1406/2389/2838 1405/2390/2839 1408/2391/2840 1407/2392/2841
s 8
f 1405/2393/2842 1404/2394/2843 1409/2395/2844 1408/2396/2845
s 2
f 1412/2397/2846 1411/2398/2847 1414/2399/2848 1413/2400/2849
s 10
f 1411/2401/2850 1410/2402/2851 1415/2403/2852 1414/2404/2853
s 2
f 1418/2405/2854 1417/2406/2855 1420/2407/2856 1419/2408/2857
s 3
f 1417/2409/2858 1416/2410/2859 1421/2411/2860 1420/2412/2861
s 10
f 1424/2413/2862 1423/2414/2863 1426/2415/2864 1425/2416/2865
s 4
f 1423/2417/2866 1422/2418/2867 1427/2419/2868 1426/2420/2869
s 8
f 1430/2421/2870 1429/2422/2871 1432/2423/2872 1431/2424/2873
s 2
f 1429/2425/2874 1428/2426/2875 1433/2427/2876 1432/2428/2877
s 1
f 1398/2386/2835 1388/2365/2814 1389/2368/2817 1403/2387/2836
s 10
f 1410/2402/2851 1424/2413/2862 1425/2416/2865 1415/2403/2852
s 8
f 1431/2424/2873 1409/2395/2844 1404/2394/2843 1430/2421/2870
s 3
f 1395/2376/2825 1421/2411/2860 1416/2410/2859 1394/2373/2822
f 1416/2410/2859 1434/2429/2878 1439/2430/2879 1394/2373/2822
s 1
f 1434/2431/2880 1440/2432/2881 1445/2433/2882 1439/2434/2883
f 1440/2432/2881 1388/2365/2814 1398/2386/2835 1445/2433/2882
f 1389/2368/2817 1446/2435/2884 1451/2436/2885 1403/2387/2836
f 1446/2435/2884 1452/2437/2886 1457/2438/2887 1451/2436/2885
s 8
f 1452/2437/2888 1430/2421/2870 1404/2394/2843 1457/2438/2889
s 10
f 1410/2402/2851 1458/2439/2890 1463/2440/2891 1424/2413/2862
f 1458/2439/2890 1464/2441/2892 1469/2442/2893 1463/2440/2891
s 3
f 1464/2441/2894 1421/2411/2860 1395/2376/2825 1469/2442/2895
s 8
f 1431/2424/2873 1470/2443/2896 1475/2444/2897 1409/2395/2844
s 10
f 1470/2443/2898 1476/2445/2899 1481/2446/2900 1475/2444/2901
f 1476/2445/2899 1415/2403/2852 1425/2416/2865 1481/2446/2900
s 2
f 1478/2447/2902 1482/2448/2903 1413/2400/2849
s 4
f 1443/2449/2904 1483/2450/2905 1437/2451/2906
s 1
f 1389/2368/2817 1390/2367/2816 1447/2452/2907 1446/2435/2884
s 2
f 1390/2372/2821 1391/2371/2820 1448/2453/2908 1447/2454/2909
s 4
f 1392/2378/2827 1393/2377/2826 1438/2455/2910 1437/2451/2906
s 3
f 1393/2374/2823 1394/2373/2822 1439/2430/2879 1438/2456/2911
s 4
f 1401/2384/2833 1402/2383/2832 1450/2457/2912 1449/2458/2913
s 1
f 1402/2388/2837 1403/2387/2836 1451/2436/2885 1450/2459/2914
s 4
f 1407/2392/2841 1408/2391/2840 1474/2460/2915 1473/2461/2916
s 8
f 1408/2396/2845 1409/2395/2844 1475/2444/2897 1474/2462/2917
s 10
f 1410/2402/2851 1411/2401/2850 1459/2463/2918 1458/2439/2890
s 2
f 1411/2398/2847 1412/2397/2846 1460/2464/2919 1459/2465/2920
s 3
f 1416/2410/2859 1417/2409/2858 1435/2466/2921 1434/2429/2878
s 2
f 1417/2406/2855 1418/2405/2854 1436/2467/2922 1435/2468/2923
s 4
f 1422/2418/2867 1423/2417/2866 1462/2469/2924 1461/2470/2925
s 10
f 1423/2414/2863 1424/2413/2862 1463/2440/2891 1462/2471/2926
s 8
f 1431/2424/2873 1432/2423/2872 1471/2472/2927 1470/2443/2896
s 2
f 1432/2428/2877 1433/2427/2876 1472/2473/2928 1471/2474/2929
s 1
f 1434/2431/2880 1435/2475/2930 1441/2476/2931 1440/2432/2881
s 2
f 1435/2468/2923 1436/2467/2922 1442/2477/2932 1441/2478/2933
s 4
f 1437/2451/2906 1438/2455/2910 1444/2479/2934 1443/2449/2904
s 1
f 1438/2480/2935 1439/2434/2883 1445/2433/2882 1444/2481/2936
s 2
f 1386/2370/2819 1387/2369/2818 1441/2478/2933 1442/2477/2932
s 1
f 1387/2366/2815 1388/2365/2814 1440/2432/2881 1441/2476/2931
f 1398/2386/2835 1399/2385/2834 1444/2481/2936 1445/2433/2882
s 4
f 1399/2382/2831 1400/2381/2830 1443/2449/2904 1444/2479/2934
s 1
f 1446/2435/2884 1447/2452/2907 1453/2482/2937 1452/2437/2886
s 2
f 1447/2454/2909 1448/2453/2908 1454/2483/2938 1453/2484/2939
s 4
f 1449/2458/2913 1450/2457/2912 1456/2485/2940 1455/2486/2941
s 1
f 1450/2459/2914 1451/2436/2885 1457/2438/2887 1456/2487/2942
s 2
f 1428/2426/2875 1429/2425/2874 1453/2484/2939 1454/2483/2938
s 8
f 1429/2422/2871 1430/2421/2870 1452/2437/2888 1453/2482/2943
f 1404/2394/2843 1405/2393/2842 1456/2487/2944 1457/2438/2889
s 4
f 1405/2390/2839 1406/2389/2838 1455/2486/2941 1456/2485/2940
s 10
f 1458/2439/2890 1459/2463/2918 1465/2488/2945 1464/2441/2892
s 2
f 1459/2465/2920 1460/2464/2919 1466/2489/2946 1465/2490/2947
s 4
f 1461/2470/2925 1462/2469/2924 1468/2491/2948 1467/2492/2949
s 10
f 1462/2471/2926 1463/2440/2891 1469/2442/2893 1468/2493/2950
s 2
f 1419/2408/2857 1420/2407/2856 1465/2490/2947 1466/2489/2946
s 3
f 1420/2412/2861 1421/2411/2860 1464/2441/2894 1465/2488/2951
f 1395/2376/2825 1396/2375/2824 1468/2493/2952 1469/2442/2895
s 4
f 1396/2380/2829 1397/2379/2828 1467/2492/2949 1468/2491/2948
s 10
f 1470/2443/2898 1471/2472/2953 1477/2494/2954 1476/2445/2899
s 2
f 1471/2474/2929 1472/2473/2928 1478/2447/2902 1477/2495/2955
s 4
f 1473/2461/2916 1474/2460/2915 1480/2496/2956 1479/2497/2957
s 10
f 1474/2462/2958 1475/2444/2901 1481/2446/2900 1480/2498/2959
s 2
f 1413/2400/2849 1414/2399/2848 1477/2495/2955 1478/2447/2902
s 10
f 1414/2404/2853 1415/2403/2852 1476/2445/2899 1477/2494/2954
f 1425/2416/2865 1426/2415/2864 1480/2498/2959 1481/2446/2900
s 4
f 1426/2420/2869 1427/2419/2868 1479/2497/2957 1480/2496/2956
s 2
f 1413/2400/2849 1482/2448/2903 1412/2397/2846
f 1482/2448/2903 1454/2483/2938 1448/2453/2908
f 1386/2370/2819 1482/2448/2903 1391/2371/2820
f 1482/2448/2903 1433/2427/2876 1428/2426/2875
f 1436/2467/2922 1482/2448/2903 1442/2477/2932
f 1419/2408/2857 1482/2448/2903 1418/2405/2854
f 1460/2464/2919 1482/2448/2903 1466/2489/2946
s 4
f 1449/2458/2913 1483/2450/2905 1401/2384/2833
f 1473/2461/2916 1479/2497/2957 1483/2450/2905
f 1467/2492/2949 1483/2450/2905 1461/2470/2925
f 1401/2384/2833 1483/2450/2905 1400/2381/2830
f 1422/2418/2867 1483/2450/2905 1427/2419/2868
f 1407/2392/2841 1483/2450/2905 1406/2389/2838
f 1392/2378/2827 1483/2450/2905 1397/2379/2828
s 2
f 1412/2397/2846 1482/2448/2903 1460/2464/2919
f 1466/2489/2946 1482/2448/2903 1419/2408/2857
f 1482/2448/2903 1472/2473/2928 1433/2427/2876
f 1478/2447/2902 1472/2473/2928 1482/2448/2903
f 1418/2405/2854 1482/2448/2903 1436/2467/2922
f 1442/2477/2932 1482/2448/2903 1386/2370/2819
f 1482/2448/2903 1448/2453/2908 1391/2371/2820
f 1482/2448/2903 1428/2426/2875 1454/2483/2938
s 4
f 1406/2389/2838 1483/2450/2905 1455/2486/2941
f 1455/2486/2941 1483/2450/2905 1449/2458/2913
f 1400/2381/2830 1483/2450/2905 1443/2449/2904
f 1437/2451/2906 1483/2450/2905 1392/2378/2827
f 1473/2461/2916 1483/2450/2905 1407/2392/2841
f 1483/2450/2905 1479/2497/2957 1427/2419/2868
f 1461/2470/2925 1483/2450/2905 1422/2418/2867
f 1397/2379/2828 1483/2450/2905 1467/2492/2949
g default
v 0.436532 0.210485 4.082415
v 0.313771 0.008836 3.884725
v 0.089666 -0.151194 3.727837
v -0.192723 -0.253939 3.627109
v -0.505754 -0.289343 3.592401
v -0.818785 -0.253939 3.627109
v -1.101174 -0.151194 3.727837
v -1.325279 0.008836 3.884725
v -1.469163 0.210485 4.082415
v -1.518742 0.434014 4.301556
v -1.469163 0.657543 4.520697
v -1.325279 0.859192 4.718387
v -1.101174 1.019222 4.875275
v -0.818784 1.121966 4.976003
v -0.386630 1.315142 5.165386
v 0.431816 1.279739 5.130677
v 0.436532 1.187417 5.040168
v 0.436532 0.920928 4.778912
v 0.436532 0.713657 4.575709
v 0.436532 0.434014 4.301556
v 0.436532 0.342379 3.930849
v 0.344985 0.133050 3.725630
v 0.112344 -0.033074 3.562767
v -0.180801 -0.139733 3.458201
v -0.505754 -0.176485 3.422171
v -0.830707 -0.139733 3.458202
v -1.123851 -0.033074 3.562767
v -1.356492 0.133050 3.725629
v -1.505857 0.342379 3.930849
v -1.557324 0.574421 4.158336
v -1.505857 0.806464 4.385824
v -1.356492 1.015793 4.591043
v -1.123851 1.181918 4.753906
v -0.830707 1.288576 4.858471
v -0.386630 1.483100 5.049176
v 0.431816 1.446349 5.013146
v 0.436532 1.350113 4.918799
v 0.436532 1.077529 4.651567
v 0.436532 0.862578 4.440836
v 0.436532 0.574421 4.158336
v -0.505754 0.434014 4.301556
v -0.505754 0.574421 4.158336
vt 0.939726 0.547673
vt 0.929174 0.542593
vt 0.932193 0.535436
vt 0.942661 0.540618
vt 0.917934 0.538239
vt 0.920525 0.530915
vt 0.906456 0.534556
vt 0.908610 0.527092
vt 0.894781 0.531557
vt 0.896491 0.523980
vt 0.882950 0.529253
vt 0.884208 0.521588
vt 0.871003 0.527653
vt 0.871806 0.519926
vt 0.858982 0.526760
vt 0.859328 0.519000
vt 0.846929 0.526580
vt 0.846816 0.518813
vt 0.834887 0.527112
vt 0.834315 0.519365
vt 0.822897 0.528354
vt 0.821869 0.520655
vt 0.811002 0.530303
vt 0.809520 0.522678
vt 0.799242 0.532951
vt 0.797313 0.525426
vt 0.787660 0.536289
vt 0.785289 0.528891
vt 0.768942 0.541354
vt 0.766171 0.534097
vt 0.739938 0.552811
vt 0.737168 0.545568
vt 0.990919 0.572631
vt 0.986497 0.570474
vt 0.990906 0.564138
vt 0.995517 0.566386
vt 0.973738 0.564255
vt 0.977857 0.557776
vt 0.963815 0.559417
vt 0.967566 0.552759
vt 0.950427 0.552890
vt 0.953770 0.546034
vt 1.815507 0.710445
vt 1.841863 0.721887
vt 1.871028 0.633945
vt 1.794585 0.689544
vt 1.781145 0.663201
vt 1.776504 0.633994
vt 1.781115 0.604781
vt 1.794528 0.578424
vt 1.815429 0.557502
vt 1.841773 0.544062
vt 1.870980 0.539421
vt 1.900192 0.544033
vt 1.926549 0.557445
vt 1.947471 0.578346
vt 1.960911 0.604690
vt 1.986175 0.645002
vt 1.981587 0.721375
vt 1.969524 0.721822
vt 1.934700 0.721840
vt 1.907615 0.721853
vt 1.871073 0.721872
vt 0.871420 0.633875
vt 0.793403 0.689644
vt 0.779988 0.662806
vt 0.780445 0.603538
vt 0.775523 0.633136
vt 0.949437 0.578106
vt 0.928385 0.556727
vt 0.870758 0.719806
vt 0.907558 0.720090
vt 0.987383 0.645632
vt 0.962852 0.604944
vt 0.841124 0.719578
vt 0.842489 0.542443
vt 0.815651 0.555858
vt 0.935009 0.720301
vt 0.969820 0.720569
vt 0.794272 0.576910
vt 0.982114 0.720234
vt 0.814455 0.711023
vt 0.901757 0.542899
vt 0.872159 0.537978
vn 0.932205 -0.319615 -0.169826
vn 0.829444 -0.488846 -0.270282
vn 0.827766 -0.490980 -0.271555
vn 0.932205 -0.319615 -0.169826
vn 0.577203 -0.699546 -0.421275
vn 0.577203 -0.699546 -0.421275
vn 0.303454 -0.799148 -0.518920
vn 0.303454 -0.799148 -0.518920
vn -0.000000 -0.833469 -0.552567
vn -0.000000 -0.833469 -0.552567
vn -0.303454 -0.799148 -0.518921
vn -0.303454 -0.799148 -0.518921
vn -0.577203 -0.699546 -0.421275
vn -0.577203 -0.699545 -0.421275
vn -0.794451 -0.544413 -0.269187
vn -0.794451 -0.544413 -0.269187
vn -0.933933 -0.348935 -0.077544
vn -0.933933 -0.348935 -0.077545
vn -0.981996 -0.132243 0.134892
vn -0.981996 -0.132244 0.134892
vn -0.933933 0.084448 0.347328
vn -0.933934 0.084447 0.347328
vn -0.794452 0.279928 0.538969
vn -0.794451 0.279928 0.538969
vn -0.577204 0.435061 0.691055
vn -0.577204 0.435061 0.691055
vn -0.490292 0.484380 0.724562
vn -0.491923 0.483982 0.723722
vn -0.518809 0.477106 0.709371
vn -0.518809 0.477106 0.709371
vn 0.060560 0.571661 0.818252
vn 0.060560 0.571661 0.818252
vn 0.060560 0.571661 0.818252
vn 0.060560 0.571661 0.818252
vn 0.999344 0.021262 0.029307
vn 0.999344 0.021262 0.029307
vn 0.999344 0.021262 0.029307
vn 0.999344 0.021262 0.029307
vn 1.000000 -0.000000 0.000000
vn 1.000000 -0.000000 -0.000000
vn 1.000000 -0.000000 -0.000000
vn 1.000000 -0.000000 0.000000
vn 1.000000 -0.000000 -0.000000
vn 1.000000 -0.000000 -0.000000
vn 1.000000 -0.000000 0.000000
vn 1.000000 -0.000000 0.000000
vn 1.000000 -0.000001 0.000001
vn 1.000000 -0.000001 0.000001
vn -0.000000 -0.700062 0.714082
vn 0.000001 -0.700062 0.714082
vn -0.000000 -0.700063 0.714082
vn -0.000001 -0.700063 0.714081
vn 0.000001 -0.700063 0.714082
vn 0.000001 -0.700063 0.714082
vn -0.000001 -0.700063 0.714082
vn -0.000000 -0.700063 0.714082
vn 0.000001 -0.700062 0.714082
vn 0.000000 -0.700062 0.714082
vn 0.000000 -0.700063 0.714081
vn 0.000000 -0.700063 0.714081
vn 0.000001 -0.700062 0.714082
vn -0.000001 -0.700063 0.714081
vn 0.000000 -0.700063 0.714081
vn -0.000000 -0.700062 0.714082
vn -0.000001 -0.700062 0.714082
vn -0.000001 -0.700062 0.714082
vn 0.000001 -0.700062 0.714082
vn -0.000001 -0.700063 0.714081
vn 0.000000 -0.700063 0.714081
vn -0.000000 0.700063 -0.714081
vn 0.000001 0.700063 -0.714081
vn 0.000001 0.700063 -0.714081
vn -0.000000 0.700063 -0.714081
vn -0.000000 0.700063 -0.714081
vn -0.000000 0.700062 -0.714082
vn 0.000000 0.700063 -0.714081
vn -0.000000 0.700063 -0.714081
vn 0.000000 0.700063 -0.714081
vn -0.000000 0.700062 -0.714082
vn -0.000000 0.700062 -0.714082
vn -0.000001 0.700062 -0.714082
vn 0.000000 0.700063 -0.714081
vn 0.000000 0.700063 -0.714081
vn 0.000000 0.700062 -0.714082
vn 0.000001 0.700062 -0.714082
vn 0.000000 0.700063 -0.714081
vn -0.000000 0.700062 -0.714082
vn -0.000001 0.700063 -0.714082
vn 0.000000 0.700063 -0.714081
vn 0.000000 0.700063 -0.714082
s 1
g CP2077Quasar_LOD0 MagwellBack
usemtl PaintedMetal
f 1484/2499/2960 1485/2500/2961 1505/2501/2962 1504/2502/2963
f 1485/2500/2961 1486/2503/2964 1506/2504/2965 1505/2501/2962
f 1486/2503/2964 1487/2505/2966 1507/2506/2967 1506/2504/2965
f 1487/2505/2966 1488/2507/2968 1508/2508/2969 1507/2506/2967
f 1488/2507/2968 1489/2509/2970 1509/2510/2971 1508/2508/2969
f 1489/2509/2970 1490/2511/2972 1510/2512/2973 1509/2510/2971
f 1490/2511/2972 1491/2513/2974 1511/2514/2975 1510/2512/2973
f 1491/2513/2974 1492/2515/2976 1512/2516/2977 1511/2514/2975
f 1492/2515/2976 1493/2517/2978 1513/2518/2979 1512/2516/2977
f 1493/2517/2978 1494/2519/2980 1514/2520/2981 1513/2518/2979
f 1494/2519/2980 1495/2521/2982 1515/2522/2983 1514/2520/2981
f 1495/2521/2982 1496/2523/2984 1516/2524/2985 1515/2522/2983
f 1496/2523/2984 1497/2525/2986 1517/2526/2987 1516/2524/2985
f 1497/2525/2986 1498/2527/2988 1518/2528/2989 1517/2526/2987
s off
f 1498/2527/2990 1499/2529/2991 1519/2530/2992 1518/2528/2993
f 1499/2531/2994 1500/2532/2995 1520/2533/2996 1519/2534/2997
s 2
f 1500/2532/2998 1501/2535/2999 1521/2536/3000 1520/2533/3001
f 1501/2535/2999 1502/2537/3002 1522/2538/3003 1521/2536/3000
f 1502/2537/3002 1503/2539/3004 1523/2540/3005 1522/2538/3003
f 1503/2539/3004 1484/2499/3006 1504/2502/3007 1523/2540/3005
s 3
f 1485/2541/3008 1484/2542/3009 1524/2543/3010
f 1486/2544/3011 1485/2541/3008 1524/2543/3010
f 1487/2545/3012 1486/2544/3011 1524/2543/3010
f 1488/2546/3013 1487/2545/3012 1524/2543/3010
f 1489/2547/3014 1488/2546/3013 1524/2543/3010
f 1490/2548/3015 1489/2547/3014 1524/2543/3010
f 1491/2549/3016 1490/2548/3015 1524/2543/3010
f 1492/2550/3017 1491/2549/3016 1524/2543/3010
f 1493/2551/3018 1492/2550/3017 1524/2543/3010
f 1494/2552/3019 1493/2551/3018 1524/2543/3010
f 1495/2553/3020 1494/2552/3019 1524/2543/3010
f 1496/2554/3021 1495/2553/3020 1524/2543/3010
f 1497/2555/3022 1496/2554/3021 1524/2543/3010
f 1498/2556/3023 1497/2555/3022 1524/2543/3010
f 1499/2557/3024 1498/2556/3023 1524/2543/3010
f 1500/2558/3025 1499/2557/3024 1524/2543/3010
f 1501/2559/3026 1500/2558/3025 1524/2543/3010
f 1502/2560/3027 1501/2559/3026 1524/2543/3010
f 1503/2561/3028 1502/2560/3027 1524/2543/3010
f 1484/2542/3009 1503/2561/3028 1524/2543/3010
s 4
f 1525/2562/3029 1506/2563/3030 1507/2564/3031
f 1509/2565/3032 1525/2562/3029 1508/2566/3033
f 1516/2567/3034 1525/2562/3029 1515/2568/3035
f 1523/2569/3036 1525/2562/3029 1522/2570/3037
f 1518/2571/3038 1525/2562/3029 1517/2572/3039
f 1504/2573/3040 1525/2562/3029 1523/2569/3036
f 1512/2574/3041 1525/2562/3029 1511/2575/3042
f 1521/2576/3043 1525/2562/3029 1520/2577/3044
f 1511/2575/3042 1525/2562/3029 1510/2578/3045
f 1520/2577/3044 1525/2562/3029 1519/2579/3046
f 1510/2578/3045 1525/2562/3029 1509/2565/3032
f 1519/2579/3046 1525/2562/3029 1518/2571/3038
f 1505/2580/3047 1506/2563/3030 1525/2562/3029
f 1515/2568/3035 1525/2562/3029 1514/2581/3048
f 1505/2580/3047 1525/2562/3029 1504/2573/3040
f 1514/2581/3048 1525/2562/3029 1513/2582/3049
f 1525/2562/3029 1507/2564/3031 1508/2566/3033
f 1517/2572/3039 1525/2562/3029 1516/2567/3034
f 1513/2582/3049 1525/2562/3029 1512/2574/3041
f 1522/2570/3037 1525/2562/3029 1521/2576/3043
g default
v -0.506610 0.689260 4.232098
v -0.506610 1.184201 3.737155
v 0.774905 0.830241 3.502254
v 0.540249 0.931684 3.508635
v 0.064249 1.053045 3.605999
v -0.021008 0.934727 3.487680
v 0.383901 0.714709 3.291660
v 0.583511 0.564630 3.236644
v -0.153800 0.840829 3.393783
v 0.140384 0.542517 3.119468
v 0.285410 0.353840 3.025854
v -0.321127 0.780543 3.333497
v -0.166465 0.431962 3.008913
v -0.090221 0.218504 2.890518
v -0.506610 0.759770 3.312724
v -0.506610 0.393868 2.970819
v -0.506610 0.171871 2.843885
v -0.692094 0.780543 3.333497
v -0.846755 0.431962 3.008913
v -0.922999 0.218504 2.890519
v -0.859420 0.840829 3.393783
v -1.153604 0.542517 3.119468
v -1.298630 0.353840 3.025854
v -0.992212 0.934727 3.487680
v -1.397121 0.714709 3.291660
v -1.596731 0.564630 3.236644
v -1.077470 1.053045 3.605999
v -1.553469 0.931684 3.508635
v -1.788124 0.830241 3.502255
v -1.106846 1.184201 3.737155
v -1.607342 1.172203 3.749154
v -1.854074 1.124672 3.796686
v -1.077470 1.315358 3.868311
v -1.553469 1.412721 3.989673
v -1.788124 1.419104 4.091117
v -0.992212 1.433676 3.986629
v -1.397121 1.629697 4.206647
v -1.596731 1.684713 4.356729
v -0.859420 1.527574 4.080527
v -1.153604 1.801889 4.378840
v -1.298629 1.895503 4.567518
v -0.692094 1.587859 4.140814
v -0.846755 1.912443 4.489394
v -0.922999 2.030838 4.702853
v -0.506610 1.608633 4.161586
v -0.506610 1.950538 4.527489
v -0.506610 2.077471 4.749486
v -0.321127 1.587859 4.140814
v -0.166465 1.912443 4.489394
v -0.090221 2.030838 4.702853
v -0.153800 1.527574 4.080527
v 0.140384 1.801889 4.378840
v 0.285409 1.895503 4.567518
v -0.021008 1.433676 3.986629
v 0.383900 1.629697 4.206647
v 0.583511 1.684713 4.356729
v 0.064249 1.315358 3.868311
v 0.540248 1.412721 3.989673
v 0.774904 1.419104 4.091117
v 0.093626 1.184201 3.737155
v 0.594121 1.172203 3.749154
v 0.840853 1.124672 3.796686
v 0.869003 0.373211 3.916046
v 0.663556 0.088096 3.630932
v 0.343566 -0.138172 3.404665
v -0.059646 -0.283444 3.259392
v -0.506610 -0.333501 3.209333
v -0.953574 -0.283444 3.259392
v -1.356785 -0.138172 3.404665
v -1.676776 0.088096 3.630932
v -1.882222 0.373211 3.916047
v -1.953015 0.689261 4.232097
v -1.882222 1.005312 4.548149
v -1.676775 1.290426 4.833262
v -1.356785 1.516693 5.059529
v -0.953573 1.661965 5.204802
v -0.506610 1.712023 5.254859
v -0.059647 1.661965 5.204802
v 0.343564 1.516693 5.059529
v 0.663555 1.290426 4.833261
v 0.869002 1.005312 4.548149
v 0.939794 0.689261 4.232097
v 0.667793 0.284692 3.216581
v 0.694538 0.438522 3.248673
v 0.811305 0.424365 3.356254
v 0.811305 0.147671 3.632948
v 0.667794 0.007999 3.493275
v 0.920614 0.576061 3.507950
v 0.905424 0.731185 3.541336
v 0.996062 0.740256 3.672145
v 0.996062 0.463561 3.948838
v 0.920614 0.299366 3.784643
v 0.300014 0.062827 2.994717
v 0.366075 0.206263 3.016415
v 0.497541 0.164305 3.096195
v 0.497541 -0.112388 3.372888
v 0.300014 -0.213866 3.271410
v -0.146723 -0.067816 2.864074
v -0.047812 0.057144 2.867295
v 0.085484 -0.014466 2.917424
v 0.085484 -0.291159 3.194117
v -0.146723 -0.344510 3.140767
v -0.628688 -0.094449 2.837440
v -0.506610 0.005761 2.815913
v -0.384532 -0.094449 2.837440
v -0.384532 -0.371144 3.114134
v -0.628688 -0.371144 3.114134
v -1.098704 -0.014465 2.917424
v -0.965408 0.057145 2.867296
v -0.866497 -0.067816 2.864074
v -0.866497 -0.344509 3.140767
v -1.098704 -0.291159 3.194117
v -1.510761 0.164306 3.096195
v -1.379295 0.206264 3.016415
v -1.313234 0.062827 2.994717
v -1.313234 -0.213866 3.271410
v -1.510761 -0.112388 3.372889
v -1.824525 0.424365 3.356254
v -1.707758 0.438522 3.248673
v -1.681013 0.284692 3.216581
v -1.681013 0.007999 3.493275
v -1.824525 0.147671 3.632948
v -2.009283 0.740256 3.672145
v -1.918644 0.731185 3.541336
v -1.933834 0.576061 3.507950
v -1.933833 0.299367 3.784643
v -2.009283 0.463562 3.948838
v -2.046948 1.081057 4.012946
v -1.991310 1.055604 3.865755
v -2.046948 0.908412 3.840301
v -2.046948 0.631718 4.116993
v -2.046948 0.804362 4.289639
v -1.933834 1.413407 4.345297
v -1.918644 1.380022 4.190173
v -2.009283 1.249213 4.181102
v -2.009283 0.972519 4.457795
v -1.933833 1.136713 4.621990
v -1.681013 1.704776 4.636666
v -1.707757 1.672684 4.482836
v -1.824525 1.565104 4.496993
v -1.824525 1.288409 4.773686
v -1.681013 1.428082 4.913359
v -1.313234 1.926640 4.858530
v -1.379295 1.904942 4.715094
v -1.510761 1.825162 4.757052
v -1.510761 1.548468 5.033745
v -1.313234 1.649946 5.135223
v -0.866497 2.057283 4.989172
v -0.965408 2.054061 4.864213
v -1.098704 2.003933 4.935823
v -1.098704 1.727240 5.212516
v -0.866497 1.780590 5.265866
v -0.384532 2.083917 5.015806
v -0.506610 2.105444 4.915596
v -0.628688 2.083917 5.015806
v -0.628688 1.807223 5.292500
v -0.384532 1.807223 5.292500
v 0.085483 2.003933 4.935823
v -0.047813 2.054061 4.864213
v -0.146723 2.057283 4.989172
v -0.146723 1.780590 5.265866
v 0.085483 1.727240 5.212516
v 0.497541 1.825162 4.757052
v 0.366075 1.904942 4.715094
v 0.300014 1.926640 4.858530
v 0.300014 1.649946 5.135223
v 0.497541 1.548468 5.033745
v 0.811305 1.565103 4.496993
v 0.694537 1.672684 4.482836
v 0.667793 1.704776 4.636665
v 0.667793 1.428082 4.913359
v 0.811305 1.288409 4.773686
v 0.996062 1.249212 4.181102
v 0.905423 1.380022 4.190174
v 0.920613 1.413407 4.345297
v 0.920613 1.136713 4.621990
v 0.996062 0.972519 4.457795
v 1.033727 0.908412 3.840301
v 0.978089 1.055604 3.865755
v 1.033727 1.081057 4.012946
v 1.033727 0.804362 4.289639
v 1.033727 0.631718 4.116993
v 0.721668 0.393299 3.266020
v 0.752247 0.401693 3.323162
v 0.687045 0.338235 3.259704
v 0.705443 0.080968 3.595022
v 0.687045 0.064636 3.533303
v 0.752247 0.128094 3.596761
v 0.937317 0.692572 3.565293
v 0.952080 0.706044 3.627512
v 0.917801 0.631445 3.552913
v 0.918245 0.376288 3.890341
v 0.917801 0.357845 3.826512
v 0.952080 0.432444 3.901111
v 0.385786 0.155795 3.028516
v 0.429188 0.155903 3.077372
v 0.339445 0.109798 3.031267
v 0.373999 -0.153399 3.360654
v 0.339445 -0.163800 3.304866
v 0.429188 -0.117696 3.350970
v -0.037450 0.003308 2.876029
v 0.014527 -0.007266 2.914203
v -0.090972 -0.031505 2.889964
v -0.043647 -0.303872 3.210181
v -0.090972 -0.305104 3.163563
v 0.014528 -0.280865 3.187802
v -0.506610 -0.049236 2.823485
v -0.451146 -0.071842 2.849626
v -0.562074 -0.071842 2.849626
v -0.506610 -0.355722 3.158331
v -0.562074 -0.345442 3.123225
v -0.451146 -0.345442 3.123225
v -0.975770 0.003308 2.876029
v -0.922249 -0.031504 2.889964
v -1.027748 -0.007266 2.914203
v -0.969573 -0.303872 3.210181
v -1.027748 -0.280865 3.187802
v -0.922249 -0.305103 3.163563
v -1.399006 0.155795 3.028516
v -1.352665 0.109799 3.031267
v -1.442408 0.155903 3.077372
v -1.387218 -0.153399 3.360654
v -1.442408 -0.117695 3.350971
v -1.352665 -0.163800 3.304866
v -1.734887 0.393299 3.266020
v -1.700264 0.338235 3.259704
v -1.765466 0.401693 3.323162
v -1.718663 0.080968 3.595022
v -1.765466 0.128095 3.596761
v -1.700264 0.064637 3.533303
v -1.950537 0.692572 3.565294
v -1.931020 0.631445 3.552914
v -1.965299 0.706044 3.627512
v -1.931464 0.376288 3.890341
v -1.965299 0.432444 3.901111
v -1.931020 0.357845 3.826512
v -2.024844 1.024319 3.897040
v -2.022346 0.960726 3.882194
v -2.022346 1.039164 3.960632
v -2.004790 0.703652 4.217705
v -2.022346 0.765564 4.234230
v -2.022346 0.687126 4.155792
v -1.950536 1.356064 4.228786
v -1.965299 1.293845 4.215313
v -1.931020 1.368444 4.289913
v -1.931464 1.031016 4.545070
v -1.931020 1.094845 4.563511
v -1.965299 1.020246 4.488912
v -1.734887 1.655337 4.528059
v -1.765466 1.598196 4.519665
v -1.700264 1.661654 4.583123
v -1.718663 1.326336 4.840390
v -1.700264 1.388054 4.856721
v -1.765466 1.324596 4.793263
v -1.399006 1.892841 4.765563
v -1.442408 1.843985 4.765454
v -1.352665 1.890090 4.811559
v -1.387218 1.560703 5.074756
v -1.352665 1.616491 5.085157
v -1.442408 1.570386 5.039053
v -0.975770 2.045328 4.918049
v -1.027748 2.007154 4.928623
v -0.922248 2.031393 4.952862
v -0.969573 1.711176 5.225229
v -0.922248 1.757794 5.226460
v -1.027748 1.733555 5.202222
v -0.506610 2.097871 4.970592
v -0.562074 2.071731 4.993199
v -0.451146 2.071731 4.993199
v -0.506610 1.763026 5.277079
v -0.451146 1.798132 5.266798
v -0.562074 1.798132 5.266798
v -0.037450 2.045328 4.918049
v -0.090972 2.031393 4.952862
v 0.014527 2.007154 4.928623
v -0.043647 1.711176 5.225229
v 0.014527 1.733555 5.202222
v -0.090972 1.757794 5.226460
v 0.385785 1.892841 4.765563
v 0.339445 1.890090 4.811559
v 0.429188 1.843985 4.765454
v 0.373998 1.560703 5.074756
v 0.429188 1.570386 5.039053
v 0.339445 1.616491 5.085157
v 0.721667 1.655337 4.528059
v 0.687044 1.661654 4.583122
v 0.752246 1.598196 4.519664
v 0.705443 1.326336 4.840389
v 0.752246 1.324596 4.793263
v 0.687044 1.388054 4.856721
v 0.937316 1.356064 4.228786
v 0.917800 1.368444 4.289913
v 0.952079 1.293845 4.215313
v 0.918244 1.031016 4.545070
v 0.952079 1.020246 4.488912
v 0.917800 1.094845 4.563512
v 1.011624 1.024319 3.897040
v 1.009124 1.039164 3.960632
v 1.009124 0.960726 3.882194
v 0.991570 0.703652 4.217705
v 1.009124 0.687126 4.155792
v 1.009124 0.765564 4.234230
vt 1.900682 0.917554
vt 1.922123 0.948188
vt 1.898955 0.959416
vt 1.888092 0.923653
vt 1.933106 0.963928
vt 1.904505 0.977777
vt 1.875132 0.880772
vt 1.874226 0.925557
vt 1.860445 0.923080
vt 1.848104 0.916465
vt 1.838410 0.906365
vt 1.832312 0.893766
vt 1.830400 0.879904
vt 1.832866 0.866129
vt 1.839461 0.853789
vt 1.849541 0.844088
vt 1.862124 0.837973
vt 1.875980 0.836043
vt 1.889759 0.838487
vt 1.902115 0.845064
vt 1.911836 0.855137
vt 1.917972 0.867721
vt 1.919919 0.881585
vt 1.917481 0.895371
vt 1.910904 0.907717
vt 1.873473 0.962907
vt 1.873070 0.982058
vt 1.848185 0.958363
vt 1.841889 0.976450
vt 1.825539 0.946209
vt 1.813955 0.961453
vt 1.807776 0.927671
vt 1.792070 0.938581
vt 1.796605 0.904576
vt 1.778305 0.910114
vt 1.793101 0.879152
vt 1.773988 0.878759
vt 1.797629 0.853909
vt 1.779582 0.847637
vt 1.809715 0.831293
vt 1.794478 0.819767
vt 1.828196 0.813506
vt 1.817261 0.797834
vt 1.851266 0.802295
vt 1.845701 0.784015
vt 1.876667 0.798744
vt 1.877010 0.779638
vt 1.901932 0.803215
vt 1.908157 0.785137
vt 1.924591 0.815266
vt 1.936099 0.799987
vt 1.942429 0.833735
vt 1.958104 0.822758
vt 1.953692 0.856817
vt 1.972000 0.851214
vt 1.957274 0.882276
vt 1.976437 0.882607
vt 1.952797 0.907605
vt 1.970926 0.913867
vt 1.940683 0.930313
vt 1.955986 0.941878
vt 0.903261 0.761779
vt 0.908596 0.760171
vt 0.916226 0.763469
vt 0.919060 0.768887
vt 0.906554 0.743894
vt 0.901176 0.756564
vt 0.893828 0.752987
vt 0.898686 0.740386
vt 0.890340 0.737216
vt 0.886388 0.749791
vt 0.878951 0.747651
vt 0.881592 0.734753
vt 0.872557 0.733279
vt 0.871108 0.746263
vt 0.863414 0.746034
vt 0.863432 0.732818
vt 0.854372 0.733224
vt 0.855424 0.746393
vt 0.847654 0.747610
vt 0.845490 0.734453
vt 0.836767 0.736227
vt 0.839668 0.749239
vt 0.831887 0.751437
vt 0.828331 0.738509
vt 0.819996 0.741030
vt 0.823917 0.753833
vt 0.816054 0.756515
vt 0.811949 0.743768
vt 0.803859 0.746498
vt 0.807990 0.759199
vt 0.799943 0.761941
vt 0.796021 0.749211
vt 0.788012 0.751711
vt 0.791665 0.764479
vt 0.783321 0.766822
vt 0.780213 0.753977
vt 0.772115 0.755834
vt 0.774759 0.768763
vt 0.766181 0.770324
vt 0.764182 0.757310
vt 0.755925 0.758342
vt 0.757466 0.771442
vt 0.748876 0.772227
vt 0.747788 0.759065
vt 0.739387 0.759514
vt 0.740190 0.772731
vt 0.731729 0.773129
vt 0.731063 0.759856
vt 0.722549 0.760124
vt 0.723168 0.773404
vt 0.714847 0.773781
vt 0.714078 0.760480
vt 0.705470 0.760948
vt 0.706391 0.774188
vt 0.698182 0.774849
vt 0.696922 0.761642
vt 0.688305 0.762549
vt 0.689773 0.775649
vt 0.681634 0.776788
vt 0.679806 0.763706
vt 0.991917 0.801618
vt 0.982027 0.811375
vt 0.976570 0.805059
vt 0.985927 0.795683
vt 0.979722 0.789545
vt 0.970699 0.798857
vt 0.964750 0.793310
vt 0.973435 0.783574
vt 0.966801 0.777796
vt 0.958455 0.787769
vt 0.952138 0.782859
vt 0.959923 0.772332
vt 0.952713 0.767259
vt 0.945356 0.778051
vt 0.938558 0.774001
vt 0.945222 0.762577
vt 0.937558 0.758395
vt 0.931223 0.770086
vt 0.923855 0.766863
vt 0.929729 0.754581
vt 0.922022 0.751002
vt 0.914322 0.747497
vt 0.809251 0.788299
vt 0.841368 0.772765
vt 0.874357 0.881911
vt 0.783511 0.813001
vt 0.766665 0.844444
vt 0.760356 0.879559
vt 0.765209 0.914903
vt 0.780745 0.947015
vt 0.805443 0.972754
vt 0.836894 0.989606
vt 0.872004 0.995910
vt 0.907343 0.991061
vt 0.939462 0.975520
vt 0.965203 0.950822
vt 0.982047 0.919378
vt 0.988356 0.884265
vt 0.983503 0.848919
vt 0.967968 0.816809
vt 0.943266 0.791068
vt 0.911822 0.774216
vt 0.876710 0.767912
vt 1.908206 0.990053
vt 1.872797 0.994852
vt 0.888427 0.754471
vt 0.874307 0.750242
vt 1.940449 0.974454
vt 1.837679 0.988540
vt 0.859517 0.749694
vt 1.806205 0.971636
vt 0.844314 0.751954
vt 1.781578 0.945862
vt 0.828854 0.756210
vt 1.766078 0.913813
vt 0.813051 0.761500
vt 1.761220 0.878493
vt 0.796752 0.766966
vt 1.767529 0.843444
vt 0.779737 0.771668
vt 1.784298 0.812069
vt 0.762194 0.774794
vt 1.809952 0.787365
vt 0.744691 0.776329
vt 1.841985 0.771804
vt 0.727550 0.777052
vt 1.877239 0.766877
vt 0.710799 0.777705
vt 1.912314 0.773059
vt 0.694371 0.778898
vt 1.943786 0.789777
vt 0.678328 0.780931
vt 1.968573 0.815423
vt 0.981104 0.816942
vt 0.971048 0.804386
vt 1.984229 0.847462
vt 0.959384 0.793384
vt 1.989248 0.882822
vt 0.947033 0.783577
vt 1.983044 0.918051
vt 0.933723 0.775418
vt 1.966218 0.949602
vt 0.892882 0.737550
vt 0.888425 0.750651
vt 0.891725 0.752081
vt 0.896592 0.738960
vt 0.908946 0.744446
vt 0.903248 0.757503
vt 0.906586 0.759103
vt 0.912390 0.746046
vt 0.875152 0.733060
vt 0.873280 0.746585
vt 0.876776 0.747212
vt 0.879167 0.733707
vt 0.856836 0.732505
vt 0.857649 0.746275
vt 0.861209 0.746122
vt 0.860858 0.732317
vt 0.839047 0.735190
vt 0.841905 0.748811
vt 0.845457 0.748088
vt 0.842919 0.734398
vt 0.822126 0.739843
vt 0.826169 0.753236
vt 0.829704 0.752169
vt 0.825830 0.738726
vt 0.805916 0.745298
vt 0.810283 0.758562
vt 0.813852 0.757365
vt 0.809514 0.744089
vt 0.790070 0.750608
vt 0.794027 0.763926
vt 0.797687 0.762793
vt 0.793634 0.749503
vt 0.774250 0.754925
vt 0.777189 0.768416
vt 0.780976 0.767543
vt 0.777854 0.754113
vt 0.758162 0.757650
vt 0.759907 0.771323
vt 0.763767 0.770820
vt 0.761834 0.757206
vt 0.741703 0.758950
vt 0.742603 0.772745
vt 0.746454 0.772519
vt 0.745433 0.758755
vt 0.724909 0.759574
vt 0.725540 0.773449
vt 0.729339 0.773327
vt 0.728687 0.759456
vt 0.707842 0.760316
vt 0.708738 0.774167
vt 0.712493 0.773987
vt 0.711661 0.760107
vt 0.690649 0.761788
vt 0.692118 0.775499
vt 0.695856 0.775142
vt 0.694471 0.761385
vt 0.671083 0.764766
vt 0.673482 0.764048
vt 0.675474 0.778152
vt 0.673067 0.778768
vt 0.679300 0.777282
vt 0.677339 0.763568
vt 0.981799 0.790920
vt 0.972283 0.800597
vt 0.974895 0.803354
vt 0.984551 0.793647
vt 0.969014 0.779027
vt 0.960167 0.789341
vt 0.962973 0.791816
vt 0.971954 0.781582
vt 0.955069 0.768254
vt 0.947230 0.779409
vt 0.950257 0.781564
vt 0.958261 0.770488
vt 0.939985 0.759111
vt 0.933274 0.771204
vt 0.936549 0.772960
vt 0.943376 0.760944
vt 0.924395 0.751565
vt 0.918336 0.764533
vt 0.921731 0.766045
vt 0.927802 0.753142
vt 0.895835 0.734951
vt 0.895141 0.737041
vt 0.889451 0.752548
vt 0.912152 0.742227
vt 0.911212 0.744137
vt 0.904287 0.759670
vt 0.877550 0.729851
vt 0.877304 0.732087
vt 0.874755 0.748169
vt 0.858508 0.728905
vt 0.858723 0.731122
vt 0.859462 0.747527
vt 0.840095 0.731448
vt 0.840658 0.733565
vt 0.843923 0.749783
vt 0.822762 0.736112
vt 0.823531 0.738120
vt 0.828287 0.754038
vt 0.806383 0.741635
vt 0.807227 0.743571
vt 0.812441 0.759310
vt 0.790611 0.747024
vt 0.791397 0.748944
vt 0.796199 0.764733
vt 0.775128 0.751436
vt 0.775714 0.753388
vt 0.779332 0.769385
vt 0.759499 0.754248
vt 0.759816 0.756262
vt 0.761974 0.772490
vt 0.743375 0.755589
vt 0.743497 0.757656
vt 0.744591 0.774038
vt 0.726702 0.756193
vt 0.726764 0.758295
vt 0.727482 0.774783
vt 0.709573 0.756853
vt 0.709686 0.758979
vt 0.710686 0.775457
vt 0.692219 0.758228
vt 0.692435 0.760353
vt 0.694132 0.776682
vt 0.675211 0.760553
vt 0.675334 0.762614
vt 0.677743 0.778939
vt 0.985537 0.789977
vt 0.984041 0.791436
vt 0.972622 0.802891
vt 0.972881 0.777897
vt 0.971362 0.779419
vt 0.960738 0.791646
vt 0.958939 0.766809
vt 0.957500 0.768430
vt 0.948089 0.781659
vt 0.943711 0.757269
vt 0.942424 0.759013
vt 0.934458 0.773352
vt 0.927834 0.749460
vt 0.926735 0.751290
vt 0.919659 0.766658
vt 0.997521 0.801514
vn 0.023943 0.701382 -0.712383
vn 0.136010 0.668590 -0.731087
vn 0.115697 0.640400 -0.759278
vn 0.020367 0.696419 -0.717346
vn 0.399988 0.549631 -0.733427
vn 0.340250 0.466728 -0.816330
vn -0.000000 0.707107 -0.707107
vn 0.014797 0.692481 -0.721285
vn 0.007780 0.689953 -0.723813
vn -0.000000 0.689082 -0.724684
vn -0.007780 0.689953 -0.723813
vn -0.014797 0.692481 -0.721285
vn -0.020367 0.696420 -0.717346
vn -0.023943 0.701383 -0.712383
vn -0.025175 0.706882 -0.706883
vn -0.023943 0.712383 -0.701383
vn -0.020367 0.717346 -0.696420
vn -0.014797 0.721285 -0.692480
vn -0.007780 0.723813 -0.689952
vn -0.000000 0.724684 -0.689082
vn 0.007780 0.723813 -0.689952
vn 0.014797 0.721285 -0.692481
vn 0.020367 0.717345 -0.696420
vn 0.023943 0.712383 -0.701383
vn 0.025175 0.706883 -0.706883
vn 0.084059 0.618028 -0.781649
vn 0.247207 0.400936 -0.882122
vn 0.044193 0.603665 -0.796012
vn 0.129964 0.358695 -0.924363
vn -0.000000 0.598715 -0.800962
vn -0.000001 0.344139 -0.938919
vn -0.044193 0.603665 -0.796013
vn -0.129964 0.358694 -0.924363
vn -0.084059 0.618028 -0.781649
vn -0.247207 0.400936 -0.882122
vn -0.115697 0.640400 -0.759277
vn -0.340251 0.466728 -0.816330
vn -0.136010 0.668590 -0.731087
vn -0.399988 0.549631 -0.733428
vn -0.143009 0.699839 -0.699839
vn -0.420571 0.641530 -0.641529
vn -0.136011 0.731087 -0.668590
vn -0.399988 0.733428 -0.549630
vn -0.115698 0.759278 -0.640399
vn -0.340250 0.816331 -0.466727
vn -0.084059 0.781650 -0.618027
vn -0.247206 0.882123 -0.400935
vn -0.044193 0.796013 -0.603664
vn -0.129964 0.924364 -0.358694
vn -0.000000 0.800963 -0.598715
vn -0.000000 0.938919 -0.344139
vn 0.044193 0.796013 -0.603664
vn 0.129964 0.924364 -0.358694
vn 0.084059 0.781650 -0.618027
vn 0.247206 0.882123 -0.400935
vn 0.115698 0.759278 -0.640399
vn 0.340250 0.816331 -0.466727
vn 0.136011 0.731087 -0.668590
vn 0.399988 0.733428 -0.549630
vn 0.143009 0.699839 -0.699838
vn 0.420572 0.641530 -0.641529
vn 0.351105 -0.737824 0.576491
vn 0.343650 -0.704318 0.621160
vn 0.345002 -0.698284 0.627195
vn 0.369175 -0.657157 0.657157
vn 0.902550 -0.095010 -0.419973
vn 0.933362 -0.253807 -0.253807
vn 0.839000 -0.384759 -0.384759
vn 0.825106 -0.202485 -0.527447
vn 0.745849 -0.279620 -0.604584
vn 0.776765 -0.445329 -0.445330
vn 0.629793 -0.549254 -0.549255
vn 0.625228 -0.364913 -0.689876
vn 0.516138 -0.420957 -0.745920
vn 0.544129 -0.593263 -0.593264
vn 0.358933 -0.659987 -0.659988
vn 0.364146 -0.475718 -0.800681
vn 0.235905 -0.505182 -0.830144
vn 0.258233 -0.683123 -0.683124
vn 0.052944 -0.706114 -0.706116
vn 0.067421 -0.524051 -0.849014
vn -0.067422 -0.524051 -0.849014
vn -0.052944 -0.706114 -0.706116
vn -0.258234 -0.683123 -0.683124
vn -0.235906 -0.505182 -0.830144
vn -0.364147 -0.475718 -0.800681
vn -0.358934 -0.659987 -0.659987
vn -0.544131 -0.593263 -0.593263
vn -0.516139 -0.420957 -0.745920
vn -0.625228 -0.364914 -0.689876
vn -0.629793 -0.549255 -0.549254
vn -0.776765 -0.445330 -0.445329
vn -0.745849 -0.279621 -0.604584
vn -0.825107 -0.202484 -0.527446
vn -0.839001 -0.384759 -0.384758
vn -0.933362 -0.253806 -0.253805
vn -0.902550 -0.095010 -0.419971
vn -0.944218 -0.004329 -0.329292
vn -0.966082 -0.182599 -0.182599
vn -0.998598 -0.037437 -0.037437
vn -0.970904 0.114807 -0.210156
vn -0.970904 0.210155 -0.114807
vn -0.998598 0.037436 0.037437
vn -0.966083 0.182598 0.182599
vn -0.944219 0.329291 0.004329
vn -0.902550 0.419972 0.095011
vn -0.933362 0.253805 0.253806
vn -0.839001 0.384757 0.384759
vn -0.825106 0.527446 0.202485
vn -0.745848 0.604584 0.279622
vn -0.776763 0.445330 0.445332
vn -0.629792 0.549255 0.549256
vn -0.625227 0.689876 0.364914
vn -0.516139 0.745920 0.420957
vn -0.544130 0.593263 0.593264
vn -0.358934 0.659987 0.659988
vn -0.364146 0.800681 0.475718
vn -0.235905 0.830145 0.505182
vn -0.258233 0.683124 0.683124
vn -0.052945 0.706115 0.706115
vn -0.067423 0.849014 0.524051
vn 0.067423 0.849014 0.524050
vn 0.052945 0.706115 0.706115
vn 0.258233 0.683124 0.683123
vn 0.235905 0.830145 0.505181
vn 0.364146 0.800681 0.475718
vn 0.358934 0.659987 0.659988
vn 0.544130 0.593263 0.593264
vn 0.516139 0.745920 0.420957
vn 0.625227 0.689875 0.364915
vn 0.629792 0.549255 0.549255
vn 0.776764 0.445330 0.445330
vn 0.745849 0.604583 0.279622
vn 0.825107 0.527445 0.202485
vn 0.839002 0.384756 0.384757
vn 0.933363 0.253805 0.253806
vn 0.902550 0.419972 0.095011
vn 0.944219 0.329290 0.004329
vn 0.966084 0.182596 0.182596
vn 0.998598 0.037435 0.037435
vn 0.970904 0.210154 -0.114807
vn 0.970904 0.114810 -0.210153
vn 0.998598 -0.037434 -0.037434
vn 0.966084 -0.182595 -0.182596
vn 0.944219 -0.004327 -0.329289
vn 0.000001 -0.707107 0.707107
vn 0.000002 -0.707107 0.707107
vn 0.000000 -0.707107 0.707107
vn 0.000000 -0.707107 0.707106
vn -0.000001 -0.707108 0.707106
vn -0.000000 -0.707108 0.707106
vn 0.000001 -0.707108 0.707106
vn -0.000000 -0.707107 0.707106
vn -0.000001 -0.707107 0.707107
vn -0.000002 -0.707107 0.707107
vn -0.000002 -0.707107 0.707106
vn -0.000002 -0.707107 0.707106
vn -0.000001 -0.707106 0.707107
vn -0.000001 -0.707106 0.707107
vn -0.000000 -0.707107 0.707107
vn -0.000000 -0.707106 0.707107
vn -0.000000 -0.707107 0.707107
vn 0.000002 -0.707107 0.707107
vn 0.000001 -0.707106 0.707108
vn 0.000001 -0.707107 0.707107
vn 0.000001 -0.707107 0.707106
vn 0.511883 0.284592 -0.810545
vn 0.371906 0.185613 -0.909524
vn 0.249569 -0.834890 0.490586
vn 0.298670 -0.810597 0.503716
vn 0.216999 -0.868349 0.445961
vn 0.243459 -0.839210 0.486265
vn 0.601755 0.409314 -0.685823
vn 0.312578 -0.771930 0.553551
vn 0.308656 -0.777375 0.548106
vn 0.195522 0.122063 -0.973073
vn 0.162121 -0.880996 0.444480
vn 0.114083 -0.905426 0.408887
vn 0.154422 -0.883770 0.441706
vn -0.000001 0.100166 -0.994971
vn 0.058802 -0.905734 0.419749
vn -0.000000 -0.918200 0.396117
vn 0.050268 -0.906689 0.418793
vn -0.195522 0.122064 -0.973073
vn -0.050268 -0.906690 0.418793
vn -0.114083 -0.905426 0.408887
vn -0.058803 -0.905734 0.419748
vn -0.371905 0.185613 -0.909525
vn -0.154422 -0.883771 0.441705
vn -0.216999 -0.868349 0.445961
vn -0.162122 -0.880996 0.444479
vn -0.511883 0.284592 -0.810545
vn -0.243458 -0.839209 0.486267
vn -0.298670 -0.810597 0.503716
vn -0.249568 -0.834889 0.490588
vn -0.601754 0.409314 -0.685824
vn -0.308657 -0.777375 0.548104
vn -0.351104 -0.737824 0.576490
vn -0.312579 -0.771931 0.553549
vn -0.632722 0.547569 -0.547569
vn -0.343648 -0.704320 0.621161
vn -0.369175 -0.657157 0.657157
vn -0.344999 -0.698285 0.627195
vn -0.601755 0.685824 -0.409313
vn -0.345002 -0.627195 0.698284
vn -0.351108 -0.576489 0.737824
vn -0.343650 -0.621160 0.704319
vn -0.511883 0.810545 -0.284592
vn -0.312582 -0.553548 0.771931
vn -0.298671 -0.503715 0.810597
vn -0.308659 -0.548104 0.777375
vn -0.371904 0.909525 -0.185613
vn -0.249568 -0.490589 0.834888
vn -0.216999 -0.445962 0.868349
vn -0.243457 -0.486268 0.839209
vn -0.195522 0.973073 -0.122064
vn -0.162122 -0.444481 0.880996
vn -0.114083 -0.408880 0.905429
vn -0.154422 -0.441707 0.883770
vn 0.000000 0.994971 -0.100167
vn -0.058805 -0.419734 0.905740
vn 0.000000 -0.396102 0.918207
vn -0.050270 -0.418779 0.906696
vn 0.195522 0.973073 -0.122064
vn 0.050270 -0.418778 0.906696
vn 0.114083 -0.408880 0.905429
vn 0.058805 -0.419734 0.905740
vn 0.371905 0.909525 -0.185613
vn 0.154422 -0.441706 0.883770
vn 0.216998 -0.445963 0.868348
vn 0.162122 -0.444481 0.880996
vn 0.511883 0.810545 -0.284592
vn 0.243456 -0.486271 0.839208
vn 0.298669 -0.503717 0.810596
vn 0.249566 -0.490591 0.834887
vn 0.601755 0.685824 -0.409313
vn 0.308659 -0.548105 0.777374
vn 0.351107 -0.576489 0.737824
vn 0.312582 -0.553549 0.771930
vn 0.632723 0.547569 -0.547567
vn 0.343648 -0.621161 0.704319
vn 0.345000 -0.627196 0.698284
vn 0.879546 -0.336451 -0.336452
vn 0.886248 -0.327540 -0.327540
vn 0.714404 -0.494786 -0.494786
vn 0.724320 -0.487525 -0.487524
vn 0.983532 -0.127797 -0.127797
vn 0.986012 -0.117857 -0.117856
vn 0.895670 -0.314464 -0.314465
vn 0.901927 -0.305392 -0.305392
vn 0.689463 -0.512172 -0.512173
vn 0.699732 -0.505161 -0.505161
vn 0.463211 -0.626671 -0.626673
vn 0.475815 -0.621932 -0.621933
vn 0.431892 -0.637757 -0.637758
vn 0.444723 -0.633333 -0.633333
vn 0.166673 -0.697216 -0.697216
vn 0.180732 -0.695462 -0.695462
vn 0.132041 -0.700914 -0.700917
vn 0.146177 -0.699510 -0.699513
vn -0.146179 -0.699510 -0.699512
vn -0.132042 -0.700914 -0.700917
vn -0.180731 -0.695462 -0.695463
vn -0.166673 -0.697216 -0.697216
vn -0.444723 -0.633333 -0.633334
vn -0.431892 -0.637757 -0.637758
vn -0.475814 -0.621933 -0.621933
vn -0.463211 -0.626672 -0.626672
vn -0.699733 -0.505160 -0.505161
vn -0.689464 -0.512172 -0.512172
vn -0.724320 -0.487526 -0.487523
vn -0.714405 -0.494787 -0.494785
vn -0.886249 -0.327539 -0.327539
vn -0.879546 -0.336451 -0.336451
vn -0.901925 -0.305394 -0.305396
vn -0.895668 -0.314466 -0.314468
vn -0.986012 -0.117858 -0.117858
vn -0.983532 -0.127798 -0.127799
vn -0.991244 -0.093366 -0.093368
vn -0.989259 -0.103362 -0.103363
vn -0.989259 0.103362 0.103363
vn -0.991244 0.093366 0.093367
vn -0.983532 0.127799 0.127799
vn -0.986012 0.117859 0.117858
vn -0.895668 0.314466 0.314467
vn -0.901925 0.305394 0.305395
vn -0.879546 0.336451 0.336452
vn -0.886248 0.327539 0.327541
vn -0.714405 0.494784 0.494787
vn -0.724321 0.487522 0.487525
vn -0.689463 0.512172 0.512173
vn -0.699732 0.505160 0.505162
vn -0.463210 0.626672 0.626673
vn -0.475814 0.621933 0.621933
vn -0.431889 0.637758 0.637759
vn -0.444719 0.633334 0.633335
vn -0.166674 0.697215 0.697217
vn -0.180732 0.695462 0.695463
vn -0.132041 0.700917 0.700914
vn -0.146177 0.699513 0.699510
vn 0.146178 0.699513 0.699510
vn 0.132041 0.700917 0.700914
vn 0.180732 0.695462 0.695463
vn 0.166673 0.697215 0.697216
vn 0.444720 0.633334 0.633335
vn 0.431890 0.637758 0.637759
vn 0.475815 0.621932 0.621933
vn 0.463211 0.626672 0.626672
vn 0.699733 0.505160 0.505161
vn 0.689464 0.512171 0.512172
vn 0.724321 0.487523 0.487525
vn 0.714405 0.494785 0.494786
vn 0.886248 0.327540 0.327541
vn 0.879545 0.336452 0.336453
vn 0.901926 0.305393 0.305393
vn 0.895669 0.314466 0.314466
vn 0.986012 0.117858 0.117858
vn 0.983532 0.127799 0.127799
vn 0.991244 0.093367 0.093369
vn 0.989258 0.103363 0.103365
vn 0.989258 -0.103363 -0.103363
vn 0.991244 -0.093367 -0.093368
vn 0.741635 -0.218428 -0.634245
vn 0.782642 -0.222988 -0.581161
vn 0.802603 -0.159096 -0.574906
vn 0.600419 -0.747090 0.285225
vn 0.569705 -0.794734 0.209367
vn 0.496143 -0.848578 0.183732
vn 0.891653 -0.035507 -0.451325
vn 0.920049 -0.032293 -0.390470
vn 0.923705 0.034244 -0.381570
vn 0.671947 -0.604594 0.427731
vn 0.669722 -0.655926 0.348186
vn 0.617125 -0.723899 0.308428
vn 0.519016 -0.359620 -0.775433
vn 0.568622 -0.374324 -0.732496
vn 0.602938 -0.316507 -0.732318
vn 0.470118 -0.866981 0.165327
vn 0.413918 -0.904893 0.099203
vn 0.326587 -0.940719 0.091589
vn 0.245595 -0.445256 -0.861063
vn 0.298939 -0.471490 -0.829658
vn 0.344245 -0.422590 -0.838399
vn 0.293793 -0.952534 0.079778
vn 0.217611 -0.975620 0.028480
vn 0.125061 -0.991301 0.041011
vn -0.051862 -0.466943 -0.882765
vn 0.000001 -0.504960 -0.863142
vn 0.051862 -0.466942 -0.882766
vn 0.088704 -0.995372 0.036964
vn -0.000001 -0.999992 0.004131
vn -0.088705 -0.995372 0.036963
vn -0.344241 -0.422586 -0.838403
vn -0.298941 -0.471485 -0.829660
vn -0.245602 -0.445250 -0.861065
vn -0.125061 -0.991301 0.041011
vn -0.217612 -0.975620 0.028479
vn -0.293796 -0.952533 0.079776
vn -0.602932 -0.316509 -0.732322
vn -0.568620 -0.374325 -0.732497
vn -0.519017 -0.359621 -0.775432
vn -0.326589 -0.940719 0.091590
vn -0.413918 -0.904893 0.099204
vn -0.470118 -0.866981 0.165327
vn -0.802600 -0.159097 -0.574909
vn -0.782640 -0.222990 -0.581163
vn -0.741634 -0.218429 -0.634246
vn -0.496144 -0.848578 0.183733
vn -0.569707 -0.794733 0.209367
vn -0.600423 -0.747087 0.285225
vn -0.923704 0.034241 -0.381574
vn -0.920047 -0.032298 -0.390474
vn -0.891651 -0.035512 -0.451329
vn -0.617121 -0.723903 0.308425
vn -0.669721 -0.655927 0.348187
vn -0.671950 -0.604589 0.427734
vn -0.954387 0.244586 -0.171240
vn -0.967393 0.179095 -0.179095
vn -0.954387 0.171240 -0.244587
vn -0.677710 -0.578886 0.453431
vn -0.704189 -0.502056 0.502053
vn -0.677710 -0.453435 0.578883
vn -0.891650 0.451330 0.035516
vn -0.920049 0.390471 0.032299
vn -0.923708 0.381565 -0.034241
vn -0.671959 -0.427727 0.604584
vn -0.669730 -0.348180 0.655921
vn -0.617133 -0.308418 0.723896
vn -0.741631 0.634248 0.218431
vn -0.782640 0.581163 0.222990
vn -0.802603 0.574906 0.159095
vn -0.600422 -0.285222 0.747089
vn -0.569707 -0.209360 0.794734
vn -0.496146 -0.183722 0.848579
vn -0.519020 0.775433 0.359614
vn -0.568621 0.732499 0.374319
vn -0.602931 0.732325 0.316504
vn -0.470122 -0.165328 0.866979
vn -0.413915 -0.099205 0.904894
vn -0.326580 -0.091589 0.940722
vn -0.245600 0.861068 0.445245
vn -0.298941 0.829665 0.471478
vn -0.344242 0.838407 0.422578
vn -0.293791 -0.079770 0.952535
vn -0.217605 -0.028472 0.975622
vn -0.125052 -0.041000 0.991303
vn 0.051859 0.882761 0.466951
vn 0.000000 0.863139 0.504967
vn -0.051859 0.882764 0.466947
vn -0.088704 -0.036936 0.995373
vn 0.000003 -0.004106 0.999992
vn 0.088710 -0.036936 0.995372
vn 0.344241 0.838406 0.422579
vn 0.298941 0.829664 0.471479
vn 0.245601 0.861067 0.445247
vn 0.125053 -0.040999 0.991303
vn 0.217608 -0.028472 0.975621
vn 0.293797 -0.079769 0.952534
vn 0.602933 0.732323 0.316504
vn 0.568623 0.732497 0.374321
vn 0.519022 0.775431 0.359616
vn 0.326578 -0.091590 0.940722
vn 0.413915 -0.099204 0.904894
vn 0.470122 -0.165327 0.866979
vn 0.802597 0.574915 0.159095
vn 0.782640 0.581165 0.222987
vn 0.741636 0.634246 0.218422
vn 0.496137 -0.183733 0.848581
vn 0.569699 -0.209370 0.794737
vn 0.600414 -0.285232 0.747092
vn 0.923705 0.381572 -0.034241
vn 0.920050 0.390469 0.032297
vn 0.891655 0.451320 0.035509
vn 0.617137 -0.308412 0.723895
vn 0.669732 -0.348177 0.655921
vn 0.671958 -0.427725 0.604585
vn 0.954390 0.171235 -0.244578
vn 0.967396 0.179088 -0.179087
vn 0.954389 0.244580 -0.171236
vn 0.677713 -0.453434 0.578881
vn 0.704193 -0.502052 0.502051
vn 0.677711 -0.578883 0.453433
s 1
g CP2077Quasar_LOD0 Mag
usemtl PaintedMetal_Mag
f 1530/2583/3050 1529/2584/3051 1532/2585/3052 1531/2586/3053
f 1529/2584/3051 1528/2587/3054 1533/2588/3055 1532/2585/3052
f 1530/2583/3050 1531/2586/3053 1527/2589/3056
f 1531/2586/3053 1534/2590/3057 1527/2589/3056
f 1534/2590/3057 1537/2591/3058 1527/2589/3056
f 1537/2591/3058 1540/2592/3059 1527/2589/3056
f 1540/2592/3059 1543/2593/3060 1527/2589/3056
f 1543/2593/3060 1546/2594/3061 1527/2589/3056
f 1546/2594/3061 1549/2595/3062 1527/2589/3056
f 1549/2595/3062 1552/2596/3063 1527/2589/3056
f 1552/2596/3063 1555/2597/3064 1527/2589/3056
f 1555/2597/3064 1558/2598/3065 1527/2589/3056
f 1558/2598/3065 1561/2599/3066 1527/2589/3056
f 1561/2599/3066 1564/2600/3067 1527/2589/3056
f 1564/2600/3067 1567/2601/3068 1527/2589/3056
f 1567/2601/3068 1570/2602/3069 1527/2589/3056
f 1570/2602/3069 1573/2603/3070 1527/2589/3056
f 1573/2603/3070 1576/2604/3071 1527/2589/3056
f 1576/2604/3071 1579/2605/3072 1527/2589/3056
f 1579/2605/3072 1582/2606/3073 1527/2589/3056
f 1582/2606/3073 1585/2607/3074 1527/2589/3056
f 1585/2607/3074 1530/2583/3050 1527/2589/3056
f 1531/2586/3053 1532/2585/3052 1535/2608/3075 1534/2590/3057
f 1532/2585/3052 1533/2588/3055 1536/2609/3076 1535/2608/3075
f 1534/2590/3057 1535/2608/3075 1538/2610/3077 1537/2591/3058
f 1535/2608/3075 1536/2609/3076 1539/2611/3078 1538/2610/3077
f 1537/2591/3058 1538/2610/3077 1541/2612/3079 1540/2592/3059
f 1538/2610/3077 1539/2611/3078 1542/2613/3080 1541/2612/3079
f 1540/2592/3059 1541/2612/3079 1544/2614/3081 1543/2593/3060
f 1541/2612/3079 1542/2613/3080 1545/2615/3082 1544/2614/3081
f 1543/2593/3060 1544/2614/3081 1547/2616/3083 1546/2594/3061
f 1544/2614/3081 1545/2615/3082 1548/2617/3084 1547/2616/3083
f 1546/2594/3061 1547/2616/3083 1550/2618/3085 1549/2595/3062
f 1547/2616/3083 1548/2617/3084 1551/2619/3086 1550/2618/3085
f 1549/2595/3062 1550/2618/3085 1553/2620/3087 1552/2596/3063
f 1550/2618/3085 1551/2619/3086 1554/2621/3088 1553/2620/3087
f 1552/2596/3063 1553/2620/3087 1556/2622/3089 1555/2597/3064
f 1553/2620/3087 1554/2621/3088 1557/2623/3090 1556/2622/3089
f 1555/2597/3064 1556/2622/3089 1559/2624/3091 1558/2598/3065
f 1556/2622/3089 1557/2623/3090 1560/2625/3092 1559/2624/3091
f 1558/2598/3065 1559/2624/3091 1562/2626/3093 1561/2599/3066
f 1559/2624/3091 1560/2625/3092 1563/2627/3094 1562/2626/3093
f 1561/2599/3066 1562/2626/3093 1565/2628/3095 1564/2600/3067
f 1562/2626/3093 1563/2627/3094 1566/2629/3096 1565/2628/3095
f 1564/2600/3067 1565/2628/3095 1568/2630/3097 1567/2601/3068
f 1565/2628/3095 1566/2629/3096 1569/2631/3098 1568/2630/3097
f 1567/2601/3068 1568/2630/3097 1571/2632/3099 1570/2602/3069
f 1568/2630/3097 1569/2631/3098 1572/2633/3100 1571/2632/3099
f 1570/2602/3069 1571/2632/3099 1574/2634/3101 1573/2603/3070
f 1571/2632/3099 1572/2633/3100 1575/2635/3102 1574/2634/3101
f 1573/2603/3070 1574/2634/3101 1577/2636/3103 1576/2604/3071
f 1574/2634/3101 1575/2635/3102 1578/2637/3104 1577/2636/3103
f 1576/2604/3071 1577/2636/3103 1580/2638/3105 1579/2605/3072
f 1577/2636/3103 1578/2637/3104 1581/2639/3106 1580/2638/3105
f 1579/2605/3072 1580/2638/3105 1583/2640/3107 1582/2606/3073
f 1580/2638/3105 1581/2639/3106 1584/2641/3108 1583/2640/3107
f 1582/2606/3073 1583/2640/3107 1586/2642/3109 1585/2607/3074
f 1583/2640/3107 1584/2641/3108 1587/2643/3110 1586/2642/3109
f 1528/2587/3054 1529/2584/3051 1586/2642/3109 1587/2643/3110
f 1529/2584/3051 1530/2583/3050 1585/2607/3074 1586/2642/3109
s 2
f 1588/2644/3111 1616/2645/3112 1707/2646/3113 1607/2647/3114
s 1
f 1613/2648/3115 1617/2649/3116 1611/2650/3117 1610/2651/3118
f 1608/2652/3119 1612/2653/3120 1621/2654/3121 1620/2655/3122
f 1618/2656/3123 1622/2657/3124 1626/2658/3125 1625/2659/3126
f 1623/2660/3127 1627/2661/3128 1631/2662/3129 1630/2663/3130
f 1628/2664/3131 1632/2665/3132 1636/2666/3133 1635/2667/3134
f 1633/2668/3135 1637/2669/3136 1641/2670/3137 1640/2671/3138
f 1638/2672/3139 1642/2673/3140 1646/2674/3141 1645/2675/3142
f 1643/2676/3143 1647/2677/3144 1651/2678/3145 1650/2679/3146
f 1648/2680/3147 1652/2681/3148 1656/2682/3149 1655/2683/3150
f 1653/2684/3151 1657/2685/3152 1661/2686/3153 1660/2687/3154
f 1658/2688/3155 1662/2689/3156 1666/2690/3157 1665/2691/3158
f 1663/2692/3159 1667/2693/3160 1671/2694/3161 1670/2695/3162
f 1668/2696/3163 1672/2697/3164 1676/2698/3165 1675/2699/3166
f 1673/2700/3167 1677/2701/3168 1681/2702/3169 1680/2703/3170
f 1678/2704/3171 1682/2705/3172 1686/2706/3173 1685/2707/3174
f 1683/2708/3175 1687/2709/3176 1691/2710/3177 1690/2711/3178
f 1688/2712/3179 1692/2713/3180 1696/2714/3181 1695/2715/3182
f 1693/2716/3183 1697/2717/3184 1701/2718/3185 1700/2719/3186
f 1698/2720/3187 1702/2721/3188 1706/2722/3189 1705/2723/3190
f 1703/2724/3191 1707/2646/3192 1616/2645/3193 1615/2725/3194
s 23
f 1589/2726/3195 1588/2727/3196 1526/2728/3197
f 1590/2729/3198 1589/2726/3195 1526/2728/3197
f 1591/2730/3199 1590/2729/3198 1526/2728/3197
f 1592/2731/3200 1591/2730/3199 1526/2728/3197
f 1593/2732/3201 1592/2731/3200 1526/2728/3197
f 1594/2733/3202 1593/2732/3201 1526/2728/3197
f 1595/2734/3203 1594/2733/3202 1526/2728/3197
f 1596/2735/3204 1595/2734/3203 1526/2728/3197
f 1597/2736/3205 1596/2735/3204 1526/2728/3197
f 1598/2737/3206 1597/2736/3205 1526/2728/3197
f 1599/2738/3207 1598/2737/3206 1526/2728/3197
f 1600/2739/3208 1599/2738/3207 1526/2728/3197
f 1601/2740/3209 1600/2739/3208 1526/2728/3197
f 1602/2741/3210 1601/2740/3209 1526/2728/3197
f 1603/2742/3211 1602/2741/3210 1526/2728/3197
f 1604/2743/3212 1603/2742/3211 1526/2728/3197
f 1605/2744/3213 1604/2743/3212 1526/2728/3197
f 1606/2745/3214 1605/2744/3213 1526/2728/3197
f 1607/2746/3215 1606/2745/3214 1526/2728/3197
f 1588/2727/3196 1607/2746/3215 1526/2728/3197
s 1
f 1609/2747/3216 1619/2748/3217 1536/2609/3076 1533/2588/3055
s 2
f 1612/2653/3218 1589/2749/3219 1590/2750/3220 1621/2654/3221
s 1
f 1614/2751/3222 1609/2747/3216 1533/2588/3055 1528/2587/3054
s 2
f 1617/2649/3223 1588/2644/3111 1589/2749/3219 1611/2650/3224
s 1
f 1619/2748/3217 1624/2752/3225 1539/2611/3078 1536/2609/3076
s 2
f 1622/2657/3226 1590/2750/3220 1591/2753/3227 1626/2658/3228
s 1
f 1624/2752/3225 1629/2754/3229 1542/2613/3080 1539/2611/3078
s 2
f 1627/2661/3230 1591/2753/3227 1592/2755/3231 1631/2662/3232
s 1
f 1629/2754/3229 1634/2756/3233 1545/2615/3082 1542/2613/3080
s 2
f 1632/2665/3234 1592/2755/3231 1593/2757/3235 1636/2666/3236
s 1
f 1634/2756/3233 1639/2758/3237 1548/2617/3084 1545/2615/3082
s 2
f 1637/2669/3238 1593/2757/3235 1594/2759/3239 1641/2670/3240
s 1
f 1639/2758/3237 1644/2760/3241 1551/2619/3086 1548/2617/3084
s 2
f 1642/2673/3242 1594/2759/3239 1595/2761/3243 1646/2674/3244
s 1
f 1644/2760/3241 1649/2762/3245 1554/2621/3088 1551/2619/3086
s 2
f 1647/2677/3246 1595/2761/3243 1596/2763/3247 1651/2678/3248
s 1
f 1649/2762/3245 1654/2764/3249 1557/2623/3090 1554/2621/3088
s 2
f 1652/2681/3250 1596/2763/3247 1597/2765/3251 1656/2682/3252
s 1
f 1654/2764/3249 1659/2766/3253 1560/2625/3092 1557/2623/3090
s 2
f 1657/2685/3254 1597/2765/3251 1598/2767/3255 1661/2686/3256
s 1
f 1659/2766/3253 1664/2768/3257 1563/2627/3094 1560/2625/3092
s 2
f 1662/2689/3258 1598/2767/3255 1599/2769/3259 1666/2690/3260
s 1
f 1664/2768/3257 1669/2770/3261 1566/2629/3096 1563/2627/3094
s 2
f 1667/2693/3262 1599/2769/3259 1600/2771/3263 1671/2694/3264
s 1
f 1669/2770/3261 1674/2772/3265 1569/2631/3098 1566/2629/3096
s 2
f 1672/2697/3266 1600/2771/3263 1601/2773/3267 1676/2698/3268
s 1
f 1674/2772/3265 1679/2774/3269 1572/2633/3100 1569/2631/3098
s 2
f 1677/2701/3270 1601/2773/3267 1602/2775/3271 1681/2702/3272
s 1
f 1679/2774/3269 1684/2776/3273 1575/2635/3102 1572/2633/3100
s 2
f 1682/2705/3274 1602/2777/3271 1603/2778/3275 1686/2706/3276
s 1
f 1684/2776/3273 1689/2779/3277 1578/2637/3104 1575/2635/3102
s 2
f 1687/2709/3278 1603/2778/3275 1604/2780/3279 1691/2710/3280
s 1
f 1689/2779/3277 1694/2781/3281 1581/2639/3106 1578/2637/3104
s 2
f 1692/2713/3282 1604/2780/3279 1605/2782/3283 1696/2714/3284
s 1
f 1694/2781/3281 1699/2783/3285 1584/2641/3108 1581/2639/3106
s 2
f 1697/2717/3286 1605/2782/3283 1606/2784/3287 1701/2718/3288
s 1
f 1699/2783/3285 1704/2785/3289 1587/2643/3110 1584/2641/3108
s 2
f 1702/2721/3290 1606/2784/3287 1607/2647/3114 1706/2722/3291
s 1
f 1704/2785/3289 1614/2751/3222 1528/2587/3054 1587/2643/3110
f 1608/2652/3119 1710/2786/3292 1712/2787/3293 1612/2653/3120
f 1713/2788/3294 1709/2789/3295 1610/2651/3118 1611/2650/3117
f 1613/2648/3115 1716/2790/3296 1718/2791/3297 1617/2649/3116
f 1719/2792/3298 1715/2793/3299 1615/2725/3194 1616/2645/3193
f 1618/2656/3123 1722/2794/3300 1724/2795/3301 1622/2657/3124
f 1725/2796/3302 1721/2797/3303 1620/2655/3122 1621/2654/3121
f 1623/2660/3127 1728/2798/3304 1730/2799/3305 1627/2661/3128
f 1731/2800/3306 1727/2801/3307 1625/2659/3126 1626/2658/3125
f 1628/2664/3131 1734/2802/3308 1736/2803/3309 1632/2665/3132
f 1737/2804/3310 1733/2805/3311 1630/2663/3130 1631/2662/3129
f 1633/2668/3135 1740/2806/3312 1742/2807/3313 1637/2669/3136
f 1743/2808/3314 1739/2809/3315 1635/2667/3134 1636/2666/3133
f 1638/2672/3139 1746/2810/3316 1748/2811/3317 1642/2673/3140
f 1749/2812/3318 1745/2813/3319 1640/2671/3138 1641/2670/3137
f 1643/2676/3143 1752/2814/3320 1754/2815/3321 1647/2677/3144
f 1755/2816/3322 1751/2817/3323 1645/2675/3142 1646/2674/3141
f 1648/2680/3147 1758/2818/3324 1760/2819/3325 1652/2681/3148
f 1761/2820/3326 1757/2821/3327 1650/2679/3146 1651/2678/3145
f 1653/2684/3151 1764/2822/3328 1766/2823/3329 1657/2685/3152
f 1767/2824/3330 1763/2825/3331 1655/2683/3150 1656/2682/3149
f 1658/2688/3155 1770/2826/3332 1772/2827/3333 1662/2689/3156
f 1773/2828/3334 1769/2829/3335 1660/2687/3154 1661/2686/3153
f 1663/2692/3159 1776/2830/3336 1778/2831/3337 1667/2693/3160
f 1779/2832/3338 1775/2833/3339 1665/2691/3158 1666/2690/3157
f 1668/2696/3163 1782/2834/3340 1784/2835/3341 1672/2697/3164
f 1785/2836/3342 1781/2837/3343 1670/2695/3162 1671/2694/3161
f 1673/2700/3167 1788/2838/3344 1790/2839/3345 1677/2701/3168
f 1791/2840/3346 1787/2841/3347 1675/2699/3166 1676/2698/3165
f 1678/2842/3171 1794/2843/3348 1796/2844/3349 1682/2845/3172
f 1797/2846/3350 1793/2847/3351 1680/2703/3170 1681/2702/3169
f 1683/2708/3175 1800/2848/3352 1802/2849/3353 1687/2709/3176
f 1803/2850/3354 1799/2851/3355 1685/2707/3174 1686/2706/3173
f 1688/2712/3179 1806/2852/3356 1808/2853/3357 1692/2713/3180
f 1809/2854/3358 1805/2855/3359 1690/2711/3178 1691/2710/3177
f 1693/2716/3183 1812/2856/3360 1814/2857/3361 1697/2717/3184
f 1815/2858/3362 1811/2859/3363 1695/2715/3182 1696/2714/3181
f 1698/2720/3187 1818/2860/3364 1820/2861/3365 1702/2721/3188
f 1821/2862/3366 1817/2863/3367 1700/2719/3186 1701/2718/3185
f 1703/2724/3191 1824/2864/3368 1826/2865/3369 1707/2646/3192
f 1827/2866/3370 1823/2867/3371 1705/2723/3190 1706/2722/3189
f 1609/2868/3216 1610/2651/3118 1709/2789/3372 1708/2869/3373
f 1609/2868/3216 1708/2869/3373 1710/2786/3374 1608/2652/3119
s 2
f 1589/2749/3219 1612/2653/3218 1712/2787/3375 1711/2870/3376
f 1589/2749/3219 1711/2870/3376 1713/2788/3377 1611/2650/3224
s 1
f 1614/2871/3222 1615/2725/3194 1715/2793/3378 1714/2872/3379
f 1614/2871/3222 1714/2872/3379 1716/2790/3380 1613/2648/3115
s 2
f 1588/2644/3111 1617/2649/3223 1718/2791/3381 1717/2873/3382
f 1588/2644/3111 1717/2873/3382 1719/2792/3383 1616/2645/3112
s 1
f 1619/2874/3217 1620/2655/3122 1721/2797/3384 1720/2875/3385
f 1619/2874/3217 1720/2875/3385 1722/2794/3386 1618/2656/3123
s 2
f 1590/2750/3220 1622/2657/3226 1724/2795/3387 1723/2876/3388
f 1590/2750/3220 1723/2876/3388 1725/2796/3389 1621/2654/3221
s 1
f 1624/2877/3225 1625/2659/3126 1727/2801/3390 1726/2878/3391
f 1624/2877/3225 1726/2878/3391 1728/2798/3392 1623/2660/3127
s 2
f 1591/2753/3227 1627/2661/3230 1730/2799/3393 1729/2879/3394
f 1591/2753/3227 1729/2879/3394 1731/2800/3395 1626/2658/3228
s 1
f 1629/2880/3229 1630/2663/3130 1733/2805/3396 1732/2881/3397
f 1629/2880/3229 1732/2881/3397 1734/2802/3398 1628/2664/3131
s 2
f 1592/2755/3231 1632/2665/3234 1736/2803/3399 1735/2882/3400
f 1592/2755/3231 1735/2882/3400 1737/2804/3401 1631/2662/3232
s 1
f 1634/2883/3233 1635/2667/3134 1739/2809/3402 1738/2884/3403
f 1634/2883/3233 1738/2884/3403 1740/2806/3404 1633/2668/3135
s 2
f 1593/2757/3235 1637/2669/3238 1742/2807/3405 1741/2885/3406
f 1593/2757/3235 1741/2885/3406 1743/2808/3407 1636/2666/3236
s 1
f 1639/2886/3237 1640/2671/3138 1745/2813/3408 1744/2887/3409
f 1639/2886/3237 1744/2887/3409 1746/2810/3410 1638/2672/3139
s 2
f 1594/2759/3239 1642/2673/3242 1748/2811/3411 1747/2888/3412
f 1594/2759/3239 1747/2888/3412 1749/2812/3413 1641/2670/3240
s 1
f 1644/2889/3241 1645/2675/3142 1751/2817/3414 1750/2890/3415
f 1644/2889/3241 1750/2890/3415 1752/2814/3416 1643/2676/3143
s 2
f 1595/2761/3243 1647/2677/3246 1754/2815/3417 1753/2891/3418
f 1595/2761/3243 1753/2891/3418 1755/2816/3419 1646/2674/3244
s 1
f 1649/2892/3245 1650/2679/3146 1757/2821/3420 1756/2893/3421
f 1649/2892/3245 1756/2893/3421 1758/2818/3422 1648/2680/3147
s 2
f 1596/2763/3247 1652/2681/3250 1760/2819/3423 1759/2894/3424
f 1596/2763/3247 1759/2894/3424 1761/2820/3425 1651/2678/3248
s 1
f 1654/2895/3249 1655/2683/3150 1763/2825/3426 1762/2896/3427
f 1654/2895/3249 1762/2896/3427 1764/2822/3428 1653/2684/3151
s 2
f 1597/2765/3251 1657/2685/3254 1766/2823/3429 1765/2897/3430
f 1597/2765/3251 1765/2897/3430 1767/2824/3431 1656/2682/3252
s 1
f 1659/2898/3253 1660/2687/3154 1769/2829/3432 1768/2899/3433
f 1659/2898/3253 1768/2899/3433 1770/2826/3434 1658/2688/3155
s 2
f 1598/2767/3255 1662/2689/3258 1772/2827/3435 1771/2900/3436
f 1598/2767/3255 1771/2900/3436 1773/2828/3437 1661/2686/3256
s 1
f 1664/2901/3257 1665/2691/3158 1775/2833/3438 1774/2902/3439
f 1664/2901/3257 1774/2902/3439 1776/2830/3440 1663/2692/3159
s 2
f 1599/2769/3259 1667/2693/3262 1778/2831/3441 1777/2903/3442
f 1599/2769/3259 1777/2903/3442 1779/2832/3443 1666/2690/3260
s 1
f 1669/2904/3261 1670/2695/3162 1781/2837/3444 1780/2905/3445
f 1669/2904/3261 1780/2905/3445 1782/2834/3446 1668/2696/3163
s 2
f 1600/2771/3263 1672/2697/3266 1784/2835/3447 1783/2906/3448
f 1600/2771/3263 1783/2906/3448 1785/2836/3449 1671/2694/3264
s 1
f 1674/2907/3265 1675/2699/3166 1787/2841/3450 1786/2908/3451
f 1674/2907/3265 1786/2908/3451 1788/2838/3452 1673/2700/3167
s 2
f 1601/2773/3267 1677/2701/3270 1790/2839/3453 1789/2909/3454
f 1601/2773/3267 1789/2909/3454 1791/2840/3455 1676/2698/3268
s 1
f 1679/2910/3269 1680/2703/3170 1793/2847/3456 1792/2911/3457
f 1679/2910/3269 1792/2911/3457 1794/2843/3458 1678/2842/3171
s 2
f 1602/2775/3271 1682/2845/3274 1796/2844/3459 1795/2912/3460
f 1602/2775/3271 1795/2912/3460 1797/2846/3461 1681/2702/3272
s 1
f 1684/2913/3273 1685/2707/3174 1799/2851/3462 1798/2914/3463
f 1684/2913/3273 1798/2914/3463 1800/2848/3464 1683/2708/3175
s 2
f 1603/2778/3275 1687/2709/3278 1802/2849/3465 1801/2915/3466
f 1603/2778/3275 1801/2915/3466 1803/2850/3467 1686/2706/3276
s 1
f 1689/2916/3277 1690/2711/3178 1805/2855/3468 1804/2917/3469
f 1689/2916/3277 1804/2917/3469 1806/2852/3470 1688/2712/3179
s 2
f 1604/2780/3279 1692/2713/3282 1808/2853/3471 1807/2918/3472
f 1604/2780/3279 1807/2918/3472 1809/2854/3473 1691/2710/3280
s 1
f 1694/2919/3281 1695/2715/3182 1811/2859/3474 1810/2920/3475
f 1694/2919/3281 1810/2920/3475 1812/2856/3476 1693/2716/3183
s 2
f 1605/2782/3283 1697/2717/3286 1814/2857/3477 1813/2921/3478
f 1605/2782/3283 1813/2921/3478 1815/2858/3479 1696/2714/3284
s 1
f 1699/2922/3285 1700/2719/3186 1817/2863/3480 1816/2923/3481
f 1699/2922/3285 1816/2923/3481 1818/2860/3482 1698/2720/3187
s 2
f 1606/2784/3287 1702/2721/3290 1820/2861/3483 1819/2924/3484
f 1606/2784/3287 1819/2924/3484 1821/2862/3485 1701/2718/3288
s 1
f 1704/2925/3289 1705/2723/3190 1823/2867/3486 1822/2926/3487
f 1704/2925/3289 1822/2926/3487 1824/2864/3488 1703/2724/3191
s 2
f 1607/2647/3114 1707/2646/3113 1826/2865/3489 1825/2927/3490
f 1607/2647/3114 1825/2927/3490 1827/2866/3491 1706/2722/3291
s 1
f 1710/2786/3292 1709/2789/3295 1713/2788/3294 1712/2787/3293
f 1716/2790/3296 1715/2793/3299 1719/2792/3298 1718/2791/3297
f 1722/2794/3300 1721/2797/3303 1725/2796/3302 1724/2795/3301
f 1728/2798/3304 1727/2801/3307 1731/2800/3306 1730/2799/3305
f 1734/2802/3308 1733/2805/3311 1737/2804/3310 1736/2803/3309
f 1740/2806/3312 1739/2809/3315 1743/2808/3314 1742/2807/3313
f 1746/2810/3316 1745/2813/3319 1749/2812/3318 1748/2811/3317
f 1752/2814/3320 1751/2817/3323 1755/2816/3322 1754/2815/3321
f 1758/2818/3324 1757/2821/3327 1761/2820/3326 1760/2819/3325
f 1764/2822/3328 1763/2825/3331 1767/2824/3330 1766/2823/3329
f 1770/2826/3332 1769/2829/3335 1773/2828/3334 1772/2827/3333
f 1776/2830/3336 1775/2833/3339 1779/2832/3338 1778/2831/3337
f 1782/2834/3340 1781/2837/3343 1785/2836/3342 1784/2835/3341
f 1788/2838/3344 1787/2841/3347 1791/2840/3346 1790/2839/3345
f 1794/2843/3348 1793/2847/3351 1797/2846/3350 1796/2844/3349
f 1800/2848/3352 1799/2851/3355 1803/2850/3354 1802/2849/3353
f 1806/2852/3356 1805/2855/3359 1809/2854/3358 1808/2853/3357
f 1812/2856/3360 1811/2859/3363 1815/2858/3362 1814/2857/3361
f 1818/2860/3364 1817/2863/3367 1821/2862/3366 1820/2861/3365
f 1824/2864/3368 1823/2867/3371 1827/2866/3370 1826/2865/3369
f 1708/2869/3373 1709/2789/3372 1710/2786/3374
s 2
f 1711/2870/3376 1712/2787/3375 1713/2788/3377
s 1
f 1714/2872/3379 1715/2793/3378 1716/2790/3380
s 2
f 1717/2873/3382 1718/2791/3381 1719/2792/3383
s 1
f 1720/2875/3385 1721/2797/3384 1722/2794/3386
s 2
f 1723/2876/3388 1724/2795/3387 1725/2796/3389
s 1
f 1726/2878/3391 1727/2801/3390 1728/2798/3392
s 2
f 1729/2879/3394 1730/2799/3393 1731/2800/3395
s 1
f 1732/2881/3397 1733/2805/3396 1734/2802/3398
s 2
f 1735/2882/3400 1736/2803/3399 1737/2804/3401
s 1
f 1738/2884/3403 1739/2809/3402 1740/2806/3404
s 2
f 1741/2885/3406 1742/2807/3405 1743/2808/3407
s 1
f 1744/2887/3409 1745/2813/3408 1746/2810/3410
s 2
f 1747/2888/3412 1748/2811/3411 1749/2812/3413
s 1
f 1750/2890/3415 1751/2817/3414 1752/2814/3416
s 2
f 1753/2891/3418 1754/2815/3417 1755/2816/3419
s 1
f 1756/2893/3421 1757/2821/3420 1758/2818/3422
s 2
f 1759/2894/3424 1760/2819/3423 1761/2820/3425
s 1
f 1762/2896/3427 1763/2825/3426 1764/2822/3428
s 2
f 1765/2897/3430 1766/2823/3429 1767/2824/3431
s 1
f 1768/2899/3433 1769/2829/3432 1770/2826/3434
s 2
f 1771/2900/3436 1772/2827/3435 1773/2828/3437
s 1
f 1774/2902/3439 1775/2833/3438 1776/2830/3440
s 2
f 1777/2903/3442 1778/2831/3441 1779/2832/3443
s 1
f 1780/2905/3445 1781/2837/3444 1782/2834/3446
s 2
f 1783/2906/3448 1784/2835/3447 1785/2836/3449
s 1
f 1786/2908/3451 1787/2841/3450 1788/2838/3452
s 2
f 1789/2909/3454 1790/2839/3453 1791/2840/3455
s 1
f 1792/2911/3457 1793/2847/3456 1794/2843/3458
s 2
f 1795/2912/3460 1796/2844/3459 1797/2846/3461
s 1
f 1798/2914/3463 1799/2851/3462 1800/2848/3464
s 2
f 1801/2915/3466 1802/2849/3465 1803/2850/3467
s 1
f 1804/2917/3469 1805/2855/3468 1806/2852/3470
s 2
f 1807/2918/3472 1808/2853/3471 1809/2854/3473
s 1
f 1810/2920/3475 1811/2859/3474 1812/2856/3476
s 2
f 1813/2921/3478 1814/2857/3477 1815/2858/3479
s 1
f 1816/2923/3481 1817/2863/3480 1818/2860/3482
s 2
f 1819/2924/3484 1820/2861/3483 1821/2862/3485
s 1
f 1822/2926/3487 1823/2867/3486 1824/2864/3488
s 2
f 1825/2927/3490 1826/2865/3489 1827/2866/3491
s 1
f 1634/2883/3233 1633/2668/3135 1640/2671/3138 1639/2886/3237
f 1639/2886/3237 1638/2672/3139 1645/2675/3142 1644/2889/3241
f 1644/2889/3241 1643/2676/3143 1650/2679/3146 1649/2892/3245
f 1649/2892/3245 1648/2680/3147 1655/2683/3150 1654/2895/3249
f 1654/2895/3249 1653/2684/3151 1660/2687/3154 1659/2898/3253
f 1659/2898/3253 1658/2688/3155 1665/2691/3158 1664/2901/3257
f 1664/2901/3257 1663/2692/3159 1670/2695/3162 1669/2904/3261
f 1669/2904/3261 1668/2696/3163 1675/2699/3166 1674/2907/3265
f 1674/2907/3265 1673/2700/3167 1680/2703/3170 1679/2910/3269
f 1679/2928/3269 1678/2704/3171 1685/2707/3174 1684/2913/3273
f 1684/2913/3273 1683/2708/3175 1690/2711/3178 1689/2916/3277
f 1689/2916/3277 1688/2712/3179 1695/2715/3182 1694/2919/3281
f 1694/2919/3281 1693/2716/3183 1700/2719/3186 1699/2922/3285
f 1699/2922/3285 1698/2720/3187 1705/2723/3190 1704/2925/3289
f 1704/2925/3289 1703/2724/3191 1615/2725/3194 1614/2871/3222
f 1614/2871/3222 1613/2648/3115 1610/2651/3118 1609/2868/3216
f 1609/2868/3216 1608/2652/3119 1620/2655/3122 1619/2874/3217
f 1619/2874/3217 1618/2656/3123 1625/2659/3126 1624/2877/3225
f 1624/2877/3225 1623/2660/3127 1630/2663/3130 1629/2880/3229
f 1629/2880/3229 1628/2664/3131 1635/2667/3134 1634/2883/3233
g default
v -0.500192 1.411235 3.595817
v -0.507188 1.219059 3.792514
v 0.784582 0.943659 3.489051
v 0.774081 0.928072 3.511483
v 0.591423 0.680218 3.217616
v 0.582798 0.666674 3.242075
v 0.290936 0.471326 3.002314
v 0.284914 0.459198 3.028247
v -0.087395 0.337290 2.864146
v -0.090476 0.325992 2.890957
v -0.506610 0.291139 2.816550
v -0.506610 0.280098 2.843657
v -0.925825 0.337290 2.864146
v -0.922715 0.326056 2.891021
v -1.304156 0.471327 3.002313
v -1.298028 0.459303 3.028350
v -1.604643 0.680219 3.217615
v -1.595818 0.666777 3.242178
v -1.797803 0.943659 3.489052
v -1.787031 0.928135 3.511545
v -1.864725 1.235826 3.790165
v -1.852847 1.217839 3.810132
v -1.798687 1.528199 4.091481
v -1.786902 1.507518 4.108687
v -1.606070 1.792101 4.363519
v -1.595608 1.768800 4.377975
v -1.305586 2.001656 4.579465
v -1.297816 1.976171 4.591704
v -0.926711 2.136250 4.718143
v -0.922582 2.109340 4.728948
v -0.506610 2.209377 4.765915
v -0.506610 2.178262 4.776276
v -0.086542 2.209376 4.717988
v -0.090483 2.178261 4.729095
v 0.592740 1.792141 4.363356
v 0.582848 1.768812 4.377994
v 0.785466 1.528199 4.091481
v 0.773942 1.507575 4.108750
v 0.851504 1.235826 3.790166
v 0.839920 1.217837 3.810134
v 0.526962 1.173769 3.358350
v 0.553088 1.160143 3.360817
v 0.580139 1.411235 3.595817
v 0.607407 1.403573 3.604306
v 0.372594 0.959551 3.144132
v 0.394972 0.940478 3.141075
v 0.132183 0.789530 2.974112
v 0.148526 0.766074 2.966634
v -0.170768 0.680358 2.864940
v -0.162149 0.654065 2.854606
v -0.506610 0.642726 2.827307
v -0.506610 0.615456 2.815998
v -0.842462 0.680337 2.864919
v -0.851071 0.654065 2.854606
v -1.145437 0.789497 2.974079
v -1.161747 0.766074 2.966634
v -1.385878 0.959518 3.144100
v -1.408192 0.940478 3.141075
v -1.540268 1.173749 3.358331
v -1.566307 1.160144 3.360817
v -1.593452 1.411235 3.595817
v -1.620628 1.403573 3.604306
v -1.540222 1.648710 3.833292
v -1.565893 1.646921 3.847686
v -1.385845 1.862935 4.047517
v -1.407550 1.866363 4.067184
v -1.145404 2.032940 4.217522
v -1.161103 2.040466 4.241335
v -0.842442 2.142089 4.326670
v -0.850673 2.152228 4.353130
v -0.506610 2.179696 4.364278
v -0.506610 2.211457 4.402552
v -0.169827 2.141997 4.326589
v -0.162560 2.211457 4.363970
v 0.394314 1.866368 4.067161
v 0.372104 1.863682 4.048279
v 0.526919 1.648692 3.833273
v 0.552672 1.646921 3.847686
v 0.286256 2.029309 4.639244
v 0.274859 2.005496 4.652509
v 0.188160 2.058432 4.264516
v 0.174109 2.050378 4.239204
vt 1.731807 0.821645
vt 1.730121 0.823156
vt 1.706113 0.801163
vt 1.707262 0.799213
vt 1.748195 0.850602
vt 1.746125 0.851519
vt 1.676509 0.787651
vt 1.677031 0.785448
vt 1.644194 0.783934
vt 1.644050 0.781675
vt 1.612319 0.790372
vt 1.611530 0.788257
vt 1.583997 0.806336
vt 1.582625 0.804532
vt 1.561991 0.830258
vt 1.560149 0.828933
vt 1.548445 0.859802
vt 1.546292 0.859080
vt 1.544673 0.892081
vt 1.542401 0.892040
vt 1.551051 0.923947
vt 1.548875 0.924605
vt 1.566949 0.952288
vt 1.565089 0.953592
vt 1.590820 0.974335
vt 1.589469 0.976161
vt 1.620324 0.987945
vt 1.619633 0.990105
vt 1.652590 0.991781
vt 1.652652 0.994051
vt 1.684915 0.986623
vt 1.685831 0.988982
vt 1.714282 0.973125
vt 1.715699 0.975268
vt 1.736230 0.950199
vt 1.738274 0.951178
vt 1.751065 0.916176
vt 1.748842 0.915744
vt 1.752543 0.883435
vt 1.754796 0.883212
vt 0.625649 0.961536
vt 0.625098 0.963582
vt 0.602481 0.952823
vt 0.603643 0.951052
vt 0.649781 0.964712
vt 0.649886 0.966827
vt 0.673692 0.960318
vt 0.674433 0.962298
vt 0.584268 0.935567
vt 0.585930 0.934254
vt 0.572298 0.913484
vt 0.574298 0.912770
vt 0.567884 0.888779
vt 0.569990 0.888730
vt 0.571167 0.863896
vt 0.573196 0.864515
vt 0.582120 0.841283
vt 0.583839 0.842516
vt 0.599537 0.823208
vt 0.600777 0.824920
vt 0.621659 0.811430
vt 0.622300 0.813443
vt 0.646294 0.807077
vt 0.646281 0.809189
vt 0.671026 0.810541
vt 0.670367 0.812546
vt 0.693455 0.821440
vt 0.692220 0.823149
vt 0.711442 0.838682
vt 0.709751 0.839942
vt 0.723328 0.860606
vt 0.721322 0.861296
vt 0.729284 0.885157
vt 0.725649 0.885183
vt 0.727098 0.909555
vt 0.721679 0.909174
vt 0.715646 0.935104
vt 0.713735 0.934053
vt 0.696424 0.950485
vt 0.695176 0.948780
vt 0.647646 0.887388
vt 0.619357 0.987468
vt 0.589791 0.973272
vt 0.566030 0.950637
vt 0.550370 0.921741
vt 0.544212 0.889333
vt 0.548878 0.856674
vt 0.563202 0.827081
vt 0.585918 0.803369
vt 0.614843 0.787829
vt 0.647160 0.781974
vt 0.679706 0.786391
vt 0.709279 0.800630
vt 0.732977 0.823237
vt 0.748621 0.851839
vt 0.755082 0.884082
vt 0.752128 0.916708
vt 0.712876 0.970851
vt 0.684046 0.986078
vt 0.651837 0.991865
vt 0.740613 0.947051
vt 1.648270 0.887010
vn 0.870295 -0.487493 0.070265
vn 0.873714 -0.480212 0.077597
vn 0.743327 -0.660776 -0.104114
vn 0.737789 -0.666096 -0.109465
vn 0.917974 -0.288966 0.271705
vn 0.917999 -0.281078 0.279773
vn 0.540260 -0.803777 -0.249124
vn 0.534688 -0.806595 -0.252017
vn 0.284189 -0.895247 -0.343175
vn 0.280719 -0.896031 -0.343984
vn -0.000053 -0.927028 -0.374992
vn -0.000049 -0.927028 -0.374992
vn -0.283915 -0.896362 -0.340481
vn -0.280453 -0.897132 -0.341322
vn -0.538993 -0.806116 -0.244262
vn -0.533457 -0.808900 -0.247193
vn -0.740871 -0.664458 -0.098013
vn -0.735383 -0.669720 -0.103373
vn -0.870372 -0.485192 0.083913
vn -0.866989 -0.492402 0.076616
vn -0.914392 -0.287034 0.285481
vn -0.914364 -0.294863 0.277479
vn -0.868429 -0.090265 0.487528
vn -0.871668 -0.097213 0.480358
vn -0.737749 0.086609 0.669497
vn -0.742912 0.081634 0.664393
vn -0.535839 0.228293 0.812871
vn -0.540944 0.225635 0.810228
vn -0.288356 0.309850 0.906004
vn -0.286833 0.310104 0.906401
vn -0.030864 0.326182 0.944803
vn -0.017134 0.325664 0.945330
vn 0.219763 0.312924 0.924004
vn 0.214225 0.313282 0.925182
vn 0.332844 0.303244 0.892893
vn 0.332844 0.303244 0.892893
vn 0.765119 0.057036 0.641358
vn 0.761761 0.059439 0.645126
vn 0.872769 -0.081435 0.481292
vn 0.875963 -0.088576 0.474176
vn 0.704745 0.097661 0.702707
vn 0.704745 0.097661 0.702707
vn 0.023155 0.701559 -0.712235
vn 0.663577 0.357966 -0.656906
vn 0.563687 0.222272 -0.795520
vn 0.019599 0.696812 -0.716986
vn 0.024444 0.706875 -0.706916
vn 0.698749 0.508848 -0.502815
vn 0.023268 0.712232 -0.701558
vn 0.665479 0.660162 -0.348317
vn 0.409091 0.114868 -0.905235
vn 0.014181 0.693078 -0.720724
vn 0.214923 0.046029 -0.975546
vn 0.007434 0.690702 -0.723102
vn 0.000001 0.022314 -0.999751
vn 0.000001 0.689904 -0.723901
vn -0.214932 0.045986 -0.975546
vn -0.007408 0.690758 -0.723048
vn -0.409126 0.114794 -0.905228
vn -0.014089 0.693169 -0.720637
vn -0.563753 0.222185 -0.795498
vn -0.019424 0.696905 -0.716901
vn -0.663663 0.357884 -0.656864
vn -0.022912 0.701619 -0.712184
vn -0.698839 0.508786 -0.502753
vn -0.024175 0.706881 -0.706920
vn -0.665548 0.660134 -0.348237
vn -0.023067 0.712180 -0.701618
vn -0.566823 0.797017 -0.208507
vn -0.019700 0.717001 -0.696794
vn -0.412203 0.905870 -0.097405
vn -0.014372 0.720868 -0.692924
vn -0.243369 0.968949 -0.043701
vn -0.007599 0.720646 -0.693261
vn -0.086956 0.994167 -0.063800
vn -0.005602 0.706466 -0.707725
vn 0.196804 0.973935 -0.112775
vn 0.001459 0.696881 -0.717186
vn 0.477473 0.867612 -0.138813
vn 0.013499 0.709979 -0.704094
vn 0.593633 0.776799 -0.210198
vn 0.016684 0.718131 -0.695708
vn 0.000196 0.707247 -0.706966
vn 0.681629 0.346385 -0.644515
vn 0.580810 0.205974 -0.787550
vn 0.422580 0.094205 -0.901416
vn 0.222374 0.022272 -0.974707
vn 0.000000 -0.002548 -0.999997
vn -0.222373 0.022273 -0.974707
vn -0.422581 0.094205 -0.901416
vn -0.580811 0.205974 -0.787549
vn -0.681629 0.346385 -0.644515
vn -0.715401 0.501496 -0.486521
vn -0.679176 0.656055 -0.329107
vn -0.576837 0.795030 -0.187581
vn -0.418600 0.905020 -0.075582
vn -0.249351 0.968350 -0.011089
vn -0.087176 0.996174 0.006158
vn 0.224919 0.973935 -0.029354
vn 0.603009 0.776166 -0.184247
vn 0.679186 0.656033 -0.329130
vn 0.715402 0.501496 -0.486520
vn 0.478640 0.873617 -0.087733
vn -0.007936 -0.713650 0.700458
vn -0.009308 -0.715566 0.698483
vn 0.000262 -0.715670 0.698438
vn -0.005781 -0.712125 0.702029
vn -0.003046 -0.711144 0.703040
vn -0.000001 -0.710804 0.703390
vn 0.003044 -0.711142 0.703042
vn 0.005782 -0.712123 0.702031
vn 0.007942 -0.713647 0.700460
vn 0.009315 -0.715564 0.698485
vn 0.009767 -0.717672 0.696313
vn 0.009260 -0.719765 0.694157
vn 0.007854 -0.721645 0.692219
vn 0.005698 -0.723127 0.690691
vn 0.022201 -0.719626 0.694007
vn 0.059872 -0.714721 0.696843
vn -0.041049 -0.688845 0.723746
vn -0.009254 -0.719762 0.694159
vn 0.006602 -0.735088 0.677940
vn -0.009759 -0.717672 0.696313
vn -0.067126 -0.705148 0.705876
s 1
g CP2077Quasar_LOD0 MagwellFront
usemtl PaintedMetal
f 1830/2929/3492 1831/2930/3493 1833/2931/3494 1832/2932/3495
f 1831/2930/3493 1830/2929/3492 1866/2933/3496 1867/2934/3497
f 1832/2932/3495 1833/2931/3494 1835/2935/3498 1834/2936/3499
f 1834/2936/3499 1835/2935/3498 1837/2937/3500 1836/2938/3501
f 1836/2938/3501 1837/2937/3500 1839/2939/3502 1838/2940/3503
f 1838/2940/3503 1839/2939/3502 1841/2941/3504 1840/2942/3505
f 1840/2942/3505 1841/2941/3504 1843/2943/3506 1842/2944/3507
f 1842/2944/3507 1843/2943/3506 1845/2945/3508 1844/2946/3509
f 1844/2946/3509 1845/2945/3508 1847/2947/3510 1846/2948/3511
f 1846/2948/3511 1847/2947/3510 1849/2949/3512 1848/2950/3513
f 1848/2950/3513 1849/2949/3512 1851/2951/3514 1850/2952/3515
f 1850/2952/3515 1851/2951/3514 1853/2953/3516 1852/2954/3517
f 1852/2954/3517 1853/2953/3516 1855/2955/3518 1854/2956/3519
f 1854/2956/3519 1855/2955/3518 1857/2957/3520 1856/2958/3521
f 1856/2958/3521 1857/2957/3520 1859/2959/3522 1858/2960/3523
f 1858/2960/3523 1859/2959/3522 1861/2961/3524 1860/2962/3525
f 1860/2962/3525 1861/2961/3524 1907/2963/3526 1906/2964/3527
f 1862/2965/3528 1863/2966/3529 1865/2967/3530 1864/2968/3531
f 1863/2966/3529 1862/2965/3528 1906/2964/3532 1907/2963/3533
f 1864/2968/3531 1865/2967/3530 1867/2934/3497 1866/2933/3496
s 3
f 1868/2969/3534 1869/2970/3535 1873/2971/3536 1872/2972/3537
f 1869/2970/3535 1868/2969/3534 1870/2973/3538 1871/2974/3539
f 1871/2974/3539 1870/2973/3538 1904/2975/3540 1905/2976/3541
f 1872/2972/3537 1873/2971/3536 1875/2977/3542 1874/2978/3543
f 1874/2978/3543 1875/2977/3542 1877/2979/3544 1876/2980/3545
f 1876/2980/3545 1877/2979/3544 1879/2981/3546 1878/2982/3547
f 1878/2982/3547 1879/2981/3546 1881/2983/3548 1880/2984/3549
f 1880/2984/3549 1881/2983/3548 1883/2985/3550 1882/2986/3551
f 1882/2986/3551 1883/2985/3550 1885/2987/3552 1884/2988/3553
f 1884/2988/3553 1885/2987/3552 1887/2989/3554 1886/2990/3555
f 1886/2990/3555 1887/2989/3554 1889/2991/3556 1888/2992/3557
f 1888/2992/3557 1889/2991/3556 1891/2993/3558 1890/2994/3559
f 1890/2994/3559 1891/2993/3558 1893/2995/3560 1892/2996/3561
f 1892/2996/3561 1893/2995/3560 1895/2997/3562 1894/2998/3563
f 1894/2998/3563 1895/2997/3562 1897/2999/3564 1896/3000/3565
f 1896/3000/3565 1897/2999/3564 1899/3001/3566 1898/3002/3567
f 1898/3002/3567 1899/3001/3566 1901/3003/3568 1900/3004/3569
f 1900/3004/3569 1901/3003/3568 1908/3005/3570 1909/3006/3571
f 1902/3007/3572 1903/3008/3573 1909/3006/3571 1908/3005/3570
f 1903/3008/3573 1902/3007/3572 1905/2976/3541 1904/2975/3540
f 1828/3009/3574 1868/2969/3534 1872/2972/3537
f 1830/3010/3575 1832/3011/3576 1873/2971/3536 1869/2970/3535
f 1832/3011/3576 1834/3012/3577 1875/2977/3542 1873/2971/3536
f 1834/3012/3577 1836/3013/3578 1877/2979/3544 1875/2977/3542
f 1836/3013/3578 1838/3014/3579 1879/2981/3546 1877/2979/3544
f 1838/3014/3579 1840/3015/3580 1881/2983/3548 1879/2981/3546
f 1840/3015/3580 1842/3016/3581 1883/2985/3550 1881/2983/3548
f 1842/3016/3581 1844/3017/3582 1885/2987/3552 1883/2985/3550
f 1844/3017/3582 1846/3018/3583 1887/2989/3554 1885/2987/3552
f 1846/3018/3583 1848/3019/3584 1889/2991/3556 1887/2989/3554
f 1848/3019/3584 1850/3020/3585 1891/2993/3558 1889/2991/3556
f 1850/3020/3585 1852/3021/3586 1893/2995/3560 1891/2993/3558
f 1852/3021/3586 1854/3022/3587 1895/2997/3562 1893/2995/3560
f 1854/3022/3587 1856/3023/3588 1897/2999/3564 1895/2997/3562
f 1856/3023/3588 1858/3024/3589 1899/3001/3566 1897/2999/3564
f 1858/3024/3589 1860/3025/3590 1901/3003/3568 1899/3001/3566
f 1862/3026/3591 1864/3027/3592 1905/2976/3541 1902/3007/3572
f 1864/3027/3592 1866/3028/3593 1871/2974/3539 1905/2976/3541
f 1866/3028/3593 1830/3010/3575 1869/2970/3535 1871/2974/3539
f 1828/3009/3574 1872/2972/3537 1874/2978/3543
f 1828/3009/3574 1874/2978/3543 1876/2980/3545
f 1828/3009/3574 1876/2980/3545 1878/2982/3547
f 1828/3009/3574 1878/2982/3547 1880/2984/3549
f 1828/3009/3574 1880/2984/3549 1882/2986/3551
f 1828/3009/3574 1882/2986/3551 1884/2988/3553
f 1828/3009/3574 1884/2988/3553 1886/2990/3555
f 1828/3009/3574 1886/2990/3555 1888/2992/3557
f 1828/3009/3574 1888/2992/3557 1890/2994/3559
f 1828/3009/3574 1890/2994/3559 1892/2996/3561
f 1828/3009/3574 1892/2996/3561 1894/2998/3563
f 1828/3009/3574 1894/2998/3563 1896/3000/3565
f 1828/3009/3574 1896/3000/3565 1898/3002/3567
f 1828/3009/3574 1898/3002/3567 1900/3004/3569
f 1828/3009/3574 1903/3008/3573 1904/2975/3540
f 1828/3009/3574 1904/2975/3540 1870/2973/3538
f 1868/2969/3534 1828/3009/3574 1870/2973/3538
f 1903/3008/3573 1828/3009/3574 1909/3006/3571
f 1862/3026/3591 1902/3007/3572 1908/3005/3570 1906/3029/3594
f 1901/3003/3568 1860/3025/3590 1906/3029/3594 1908/3005/3570
f 1828/3009/3574 1900/3004/3569 1909/3006/3571
s 4
f 1833/2931/3595 1831/2930/3596 1829/3030/3597
f 1835/2935/3598 1833/2931/3595 1829/3030/3597
f 1837/2937/3599 1835/2935/3598 1829/3030/3597
f 1839/2939/3600 1837/2937/3599 1829/3030/3597
f 1841/2941/3601 1839/2939/3600 1829/3030/3597
f 1843/2943/3602 1841/2941/3601 1829/3030/3597
f 1845/2945/3603 1843/2943/3602 1829/3030/3597
f 1847/2947/3604 1845/2945/3603 1829/3030/3597
f 1849/2949/3605 1847/2947/3604 1829/3030/3597
f 1851/2951/3606 1849/2949/3605 1829/3030/3597
f 1853/2953/3607 1851/2951/3606 1829/3030/3597
f 1855/2955/3608 1853/2953/3607 1829/3030/3597
f 1857/2957/3609 1855/2955/3608 1829/3030/3597
f 1859/2959/3610 1857/2957/3609 1829/3030/3597
f 1861/2961/3611 1859/2959/3610 1829/3030/3597
f 1865/2967/3612 1863/2966/3613 1829/3030/3597
f 1867/2934/3614 1865/2967/3612 1829/3030/3597
f 1831/2930/3596 1867/2934/3614 1829/3030/3597
f 1863/2966/3613 1907/2963/3615 1829/3030/3597
f 1907/2963/3615 1861/2961/3611 1829/3030/3597
g default
v 0.459954 1.525482 5.657724
v 0.459954 2.209774 5.657724
v 0.459954 1.867628 5.657724
v 0.459954 1.867628 2.281555
v 0.459954 2.209774 2.812267
v 0.459954 1.525482 2.812267
v 0.459954 2.209774 3.131579
v 0.459954 1.867628 3.131579
v 0.459954 1.525482 3.131579
v 0.459954 2.209774 2.452611
v 0.459954 2.038718 2.281555
v 0.459954 1.696538 2.281555
v 0.459954 1.525482 2.452611
v 0.459954 2.209774 5.333135
v 0.459954 1.867628 5.333135
v 0.459954 1.525482 5.333135
v 0.459954 1.525482 5.022378
v 0.459954 1.867628 5.022378
v 0.459954 2.209774 5.022378
v 0.459954 1.867628 5.607724
v 0.459954 1.867628 5.383134
v 0.459954 2.159774 5.383134
v 0.459954 2.159774 5.607724
v 0.459954 1.575482 5.383134
v 0.459954 1.575482 5.607724
v 0.459954 1.575482 4.972378
v 0.459954 1.867628 4.972378
v 0.459954 1.575482 3.181579
v 0.459954 1.867628 3.181579
v 0.459954 2.159774 4.972378
v 0.459954 2.159774 3.181579
v 0.423948 1.867628 5.557724
v 0.423948 1.867628 5.433135
v 0.423948 2.109774 5.433135
v 0.423948 2.109774 5.557724
v 0.423948 1.625482 5.433135
v 0.423948 1.625482 5.557724
v 0.423948 1.625482 4.922379
v 0.423948 1.867628 4.922379
v 0.423948 1.625482 3.231579
v 0.423948 1.867628 3.231579
v 0.423948 2.109774 4.922379
v 0.423948 2.109774 3.231579
v 0.459954 1.867628 2.655145
v 0.459954 2.049392 2.811553
v 0.459954 1.685864 2.811553
v 0.459954 1.867628 2.978192
v 0.459954 1.660204 2.752267
v 0.459954 1.867628 2.603959
v 0.459954 1.585482 2.752267
v 0.459954 1.585482 2.477464
v 0.459954 1.721391 2.341556
v 0.459954 1.867628 2.341556
v 0.459954 2.149774 2.752267
v 0.459954 2.075052 2.752267
v 0.459954 2.013865 2.341556
v 0.459954 2.149774 2.477464
v 0.423948 1.647375 2.712267
v 0.423948 1.867628 2.554785
v 0.423948 1.625482 2.712267
v 0.423948 1.625482 2.494033
v 0.423948 1.737960 2.381556
v 0.423948 1.867628 2.381556
v 0.423948 2.109774 2.712267
v 0.423948 2.087881 2.712267
v 0.423948 1.997297 2.381556
v 0.423948 2.109774 2.494033
v 0.321885 1.525482 5.022378
v 0.321885 1.525482 5.333135
v 0.321885 1.525482 5.657724
v 0.321885 1.867628 5.657724
v 0.321885 2.209774 5.657724
v 0.321885 2.209774 5.333135
v 0.321885 2.209774 5.022378
v 0.321885 2.209774 3.131579
v 0.321885 2.209774 2.812267
v 0.321885 2.209774 2.452611
v 0.321885 2.038718 2.281555
v 0.321885 1.867628 2.281555
v 0.321885 1.696538 2.281555
v 0.321885 1.525482 2.452611
v 0.321885 1.525482 2.812267
v 0.321885 1.525482 3.131579
vt 0.168534 0.442738
vt 0.183936 0.456507
vt 0.168586 0.469038
vt 0.153182 0.456567
vt 0.139587 0.245208
vt 0.168326 0.245370
vt 0.168413 0.270904
vt 0.139173 0.271431
vt 0.197222 0.245226
vt 0.197509 0.271387
vt 0.168346 0.225680
vt 0.168369 0.236129
vt 0.148421 0.236202
vt 0.148437 0.226067
vt 0.188400 0.226084
vt 0.188252 0.236219
vt 0.168382 0.280019
vt 0.188351 0.280080
vt 0.188486 0.420929
vt 0.168489 0.421022
vt 0.148374 0.280113
vt 0.148517 0.420979
vt 0.202812 0.397506
vt 0.202814 0.307903
vt 0.209807 0.307903
vt 0.209806 0.397506
vt 0.143747 0.240987
vt 0.168343 0.241278
vt 0.139313 0.217321
vt 0.143564 0.221417
vt 0.168355 0.216353
vt 0.168357 0.220489
vt 0.197436 0.217330
vt 0.193048 0.241004
vt 0.193174 0.221426
vt 0.193367 0.275579
vt 0.168396 0.274928
vt 0.197679 0.429610
vt 0.193527 0.425424
vt 0.168512 0.430126
vt 0.168504 0.426106
vt 0.143329 0.275617
vt 0.139358 0.429685
vt 0.143500 0.425487
vt 0.197602 0.456534
vt 0.168606 0.478343
vt 0.187016 0.465749
vt 0.179315 0.492782
vt 0.168653 0.492869
vt 0.157977 0.492861
vt 0.150143 0.465824
vt 0.139510 0.456646
vt 0.185905 0.461400
vt 0.168595 0.473187
vt 0.192712 0.461777
vt 0.198119 0.487413
vt 0.193102 0.485366
vt 0.183341 0.502052
vt 0.181253 0.497077
vt 0.168695 0.502354
vt 0.168677 0.497390
vt 0.151234 0.461469
vt 0.144425 0.461877
vt 0.154051 0.502128
vt 0.156117 0.497133
vt 0.139145 0.487601
vt 0.144141 0.485526
vt 0.188698 0.465694
vt 0.188705 0.483624
vt 0.148458 0.465779
vt 0.148554 0.483707
vt 0.202815 0.229985
vt 0.202816 0.215259
vt 0.209809 0.215259
vt 0.209809 0.229985
vt 0.202815 0.245367
vt 0.209808 0.245367
vt 0.202815 0.261581
vt 0.209808 0.261581
vt 0.202814 0.277795
vt 0.209808 0.277795
vt 0.202814 0.293177
vt 0.209807 0.293177
vt 0.202812 0.412638
vt 0.209805 0.412638
vt 0.202812 0.429681
vt 0.209805 0.429681
vt 0.202811 0.441145
vt 0.209805 0.441145
vt 0.202811 0.449253
vt 0.209805 0.449253
vt 0.202811 0.457361
vt 0.209804 0.457361
vt 0.202811 0.468824
vt 0.209804 0.468824
vt 0.202810 0.485868
vt 0.209804 0.485868
vt 0.202810 0.501000
vt 0.209803 0.501000
vn 1.000000 0.000000 0.000000
vn 1.000000 0.000000 0.000000
vn 1.000000 0.000000 0.000000
vn 1.000000 -0.000000 0.000000
vn 1.000000 -0.000000 0.000000
vn 1.000000 0.000000 0.000000
vn 1.000000 0.000000 0.000000
vn 1.000000 0.000000 0.000000
vn 1.000000 -0.000000 0.000000
vn 1.000000 -0.000000 0.000000
vn 1.000000 0.000000 0.000000
vn 1.000000 0.000000 0.000000
vn 1.000000 0.000000 0.000000
vn 1.000000 0.000000 0.000000
vn 1.000000 0.000000 0.000000
vn 1.000000 0.000000 0.000000
vn 1.000000 0.000000 0.000000
vn 1.000000 0.000000 0.000000
vn 1.000000 0.000000 0.000000
vn 1.000000 0.000000 0.000000
vn 1.000000 0.000000 0.000000
vn 1.000000 0.000000 0.000000
vn 0.000000 1.000000 0.000000
vn 0.000000 1.000000 0.000000
vn 0.000000 1.000000 0.000000
vn 0.000000 1.000000 0.000000
vn 1.000000 -0.000000 0.000000
vn 1.000000 0.000000 0.000000
vn 1.000000 -0.000000 0.000000
vn 1.000000 -0.000000 0.000000
vn 1.000000 0.000000 0.000000
vn 1.000000 0.000000 0.000000
vn 1.000000 -0.000000 0.000000
vn 1.000000 -0.000000 0.000000
vn 1.000000 -0.000000 0.000000
vn 1.000000 -0.000001 0.000000
vn 1.000000 0.000000 0.000000
vn 1.000000 -0.000000 0.000000
vn 1.000000 -0.000001 0.000000
vn 1.000000 -0.000000 0.000000
vn 1.000000 0.000000 0.000000
vn 1.000000 0.000001 0.000000
vn 1.000000 0.000000 0.000000
vn 1.000000 0.000001 0.000000
vn 0.811490 0.000000 0.584367
vn 0.811490 0.000000 0.584366
vn 0.811490 0.000000 0.584366
vn 0.811490 0.000000 0.584367
vn 0.811488 -0.584369 0.000000
vn 0.811488 -0.584369 0.000000
vn 0.811488 -0.584369 0.000000
vn 0.811488 -0.584369 0.000000
vn 0.811486 0.000000 -0.584372
vn 0.811487 0.000000 -0.584371
vn 0.811487 0.000000 -0.584371
vn 0.811486 0.000000 -0.584372
vn 0.811489 0.584368 0.000000
vn 0.811489 0.584368 0.000000
vn 0.811489 0.584368 0.000000
vn 0.811489 0.584368 0.000000
vn 0.811490 0.000000 0.584367
vn 0.811490 0.000000 0.584367
vn 0.811488 0.000000 -0.584370
vn 0.811488 0.000000 -0.584370
vn 0.811487 0.000000 -0.584371
vn 0.811485 0.000000 -0.584373
vn 0.811485 0.000000 -0.584373
vn 0.811487 0.000000 -0.584371
vn 0.811489 0.584368 0.000000
vn 0.811489 0.584368 0.000000
vn 0.811489 0.584368 0.000000
vn 0.811489 0.584368 0.000000
vn 0.811492 0.000000 0.584363
vn 0.811492 0.000000 0.584364
vn 0.811492 0.000000 0.584364
vn 0.811492 0.000000 0.584363
vn 0.811488 0.000000 -0.584369
vn 0.811488 0.000000 -0.584369
vn 0.811492 0.000000 0.584364
vn 0.811492 0.000000 0.584364
vn 0.811488 -0.584370 0.000000
vn 0.811488 -0.584370 0.000000
vn 0.811488 -0.584370 0.000000
vn 0.811488 -0.584370 0.000000
vn 1.000000 0.000000 0.000000
vn 1.000000 -0.000000 0.000000
vn 1.000000 0.000000 0.000000
vn 1.000000 0.000000 0.000000
vn 1.000000 -0.000000 0.000000
vn 1.000000 -0.000000 0.000000
vn 1.000000 -0.000000 0.000000
vn 1.000000 -0.000000 0.000000
vn 1.000000 0.000000 0.000000
vn 1.000000 -0.000000 0.000000
vn 1.000000 -0.000000 0.000000
vn 1.000000 0.000000 0.000000
vn 1.000000 0.000000 0.000000
vn 1.000000 0.000000 0.000000
vn 1.000000 0.000000 0.000000
vn 1.000000 0.000000 0.000000
vn 1.000000 0.000000 0.000000
vn 1.000000 -0.000000 0.000000
vn 1.000000 -0.000000 0.000000
vn 1.000000 -0.000000 0.000000
vn 1.000000 -0.000000 0.000000
vn 1.000000 -0.000000 0.000000
vn 1.000000 -0.000000 0.000000
vn 0.743238 -0.389123 -0.544224
vn 0.751513 -0.332376 -0.569873
vn 0.751513 -0.332376 -0.569873
vn 0.743238 -0.389123 -0.544224
vn 0.743239 0.000000 -0.669026
vn 0.743239 0.000000 -0.669026
vn 0.743238 0.669027 0.000000
vn 0.743238 0.669027 0.000000
vn 0.743238 0.669027 0.000000
vn 0.743238 0.669027 0.000000
vn 0.743240 0.473071 0.473072
vn 0.743240 0.473071 0.473072
vn 0.743240 0.473071 0.473072
vn 0.743240 0.473071 0.473072
vn 0.743237 0.000000 0.669028
vn 0.743238 0.000000 0.669028
vn 0.743238 0.000000 0.669028
vn 0.743237 0.000000 0.669028
vn 0.743239 0.000000 -0.669026
vn 0.751515 0.332375 -0.569870
vn 0.751515 0.332375 -0.569870
vn 0.743239 0.000000 -0.669026
vn 0.743241 0.389122 -0.544222
vn 0.743241 0.389122 -0.544222
vn 0.743238 0.000000 0.669027
vn 0.743238 0.000000 0.669027
vn 0.743240 -0.473072 0.473072
vn 0.743240 -0.473072 0.473072
vn 0.743240 -0.473072 0.473072
vn 0.743240 -0.473072 0.473072
vn 0.743238 -0.669027 0.000000
vn 0.743238 -0.669027 0.000000
vn 0.743238 -0.669027 0.000000
vn 0.743238 -0.669027 0.000000
vn 1.000000 0.000000 0.000000
vn 1.000000 0.000000 0.000000
vn 1.000000 0.000000 0.000000
vn 1.000000 0.000000 0.000000
vn 0.000000 -1.000000 0.000000
vn 0.000000 -1.000000 0.000000
vn 0.000000 -1.000000 0.000000
vn 0.000000 -1.000000 0.000000
vn 0.000000 -1.000000 0.000000
vn 0.000000 -1.000000 0.000000
vn 0.000000 0.000000 1.000000
vn 0.000000 0.000000 1.000000
vn 0.000000 0.000000 1.000000
vn 0.000000 0.000000 1.000000
vn 0.000000 0.000000 1.000000
vn 0.000000 0.000000 1.000000
vn 0.000000 1.000000 0.000000
vn 0.000000 1.000000 0.000000
vn 0.000000 1.000000 0.000000
vn 0.000000 1.000000 0.000000
vn 0.000000 1.000000 0.000000
vn 0.000000 1.000000 0.000000
vn 0.000000 1.000000 0.000000
vn 0.000000 1.000000 0.000000
vn 0.000000 0.707106 -0.707107
vn 0.000000 0.707106 -0.707107
vn 0.000000 0.707106 -0.707107
vn 0.000000 0.707106 -0.707107
vn -0.000000 0.000000 -1.000000
vn 0.000000 0.000000 -1.000000
vn 0.000000 0.000000 -1.000000
vn -0.000000 0.000000 -1.000000
vn -0.000000 0.000000 -1.000000
vn -0.000000 0.000000 -1.000000
vn 0.000000 -0.707107 -0.707107
vn 0.000000 -0.707107 -0.707107
vn 0.000000 -0.707107 -0.707107
vn 0.000000 -0.707107 -0.707107
vn 0.000000 -1.000000 0.000000
vn 0.000000 -1.000000 0.000000
vn 0.000000 -1.000000 0.000000
vn 0.000000 -1.000000 0.000000
vn 0.000000 -1.000000 0.000000
vn 0.000000 -1.000000 0.000000
s 1
g CP2077Quasar_LOD0 UpperReciever_DetailL
usemtl PaintedMetal
f 1956/3031/3616 1955/3032/3617 1953/3033/3618 1954/3034/3619
f 1923/3035/3620 1924/3036/3621 1927/3037/3622 1928/3038/3623
f 1924/3036/3621 1925/3039/3624 1926/3040/3625 1927/3037/3622
s 3
f 1941/3041/3626 1942/3042/3627 1943/3043/3628 1944/3044/3629
f 1946/3045/3630 1945/3046/3631 1942/3042/3627 1941/3041/3626
s 4
f 1948/3047/3632 1947/3048/3633 1949/3049/3634 1950/3050/3635
f 1951/3051/3636 1948/3047/3632 1950/3050/3635 1952/3052/3637
s 5
f 1984/3053/3638 1983/3054/3639 1928/3055/3640 1916/3056/3641
s 1
f 1924/3036/3621 1923/3035/3620 1931/3057/3642 1930/3058/3643
f 1923/3035/3620 1911/3059/3644 1932/3060/3645 1931/3057/3642
f 1911/3059/3644 1912/3061/3646 1929/3062/3647 1932/3060/3645
f 1910/3063/3648 1925/3039/3624 1933/3064/3649 1934/3065/3650
f 1925/3039/3624 1924/3036/3621 1930/3058/3643 1933/3064/3649
f 1912/3061/3646 1910/3063/3648 1934/3065/3650 1929/3062/3647
f 1927/3037/3622 1926/3040/3625 1935/3066/3651 1936/3067/3652
f 1926/3040/3625 1918/3068/3653 1937/3069/3654 1935/3066/3651
f 1918/3068/3653 1917/3070/3655 1938/3071/3656 1937/3069/3654
f 1928/3038/3623 1927/3037/3622 1936/3067/3652 1939/3072/3657
f 1917/3070/3655 1916/3073/3658 1940/3074/3659 1938/3071/3656
f 1916/3073/3658 1928/3038/3623 1939/3072/3657 1940/3074/3659
s 6
f 1930/3058/3660 1931/3057/3661 1943/3043/3662 1942/3042/3663
s off
f 1931/3057/3664 1932/3060/3665 1944/3044/3666 1943/3043/3667
s 7
f 1932/3060/3668 1929/3062/3669 1941/3041/3670 1944/3044/3671
s off
f 1934/3065/3672 1933/3064/3673 1945/3046/3674 1946/3045/3675
s 6
f 1933/3064/3676 1930/3058/3660 1942/3042/3663 1945/3046/3677
s 7
f 1929/3062/3669 1934/3065/3678 1946/3045/3679 1941/3041/3670
s 8
f 1936/3067/3680 1935/3066/3681 1947/3048/3682 1948/3047/3683
s off
f 1935/3066/3684 1937/3069/3685 1949/3049/3686 1947/3048/3687
s 9
f 1937/3069/3688 1938/3071/3689 1950/3050/3690 1949/3049/3691
s 8
f 1939/3072/3692 1936/3067/3680 1948/3047/3683 1951/3051/3693
s 9
f 1938/3071/3689 1940/3074/3694 1952/3052/3695 1950/3050/3690
s off
f 1940/3074/3696 1939/3072/3697 1951/3051/3698 1952/3052/3699
s 1
f 1917/3070/3655 1915/3075/3700 1955/3032/3617 1956/3031/3616
s 10
f 1968/3076/3701 1967/3077/3702 1971/3078/3703 1972/3079/3704
f 1975/3080/3705 1974/3081/3706 1968/3076/3701 1972/3079/3704
s 1
f 1914/3082/3707 1917/3070/3655 1956/3031/3616 1954/3034/3619
f 1953/3033/3618 1955/3032/3617 1957/3083/3708 1958/3084/3709
f 1955/3032/3617 1915/3075/3700 1959/3085/3710 1957/3083/3708
f 1915/3075/3700 1922/3086/3711 1960/3087/3712 1959/3085/3710
f 1922/3086/3711 1921/3088/3713 1961/3089/3714 1960/3087/3712
f 1921/3088/3713 1913/3090/3715 1962/3091/3716 1961/3089/3714
f 1914/3082/3707 1954/3034/3619 1964/3092/3717 1963/3093/3718
f 1954/3034/3619 1953/3033/3618 1958/3084/3709 1964/3092/3717
f 1913/3090/3715 1920/3094/3719 1965/3095/3720 1962/3091/3716
f 1920/3094/3719 1919/3096/3721 1966/3097/3722 1965/3095/3720
f 1919/3096/3721 1914/3082/3707 1963/3093/3718 1966/3097/3722
s 11
f 1958/3084/3723 1957/3083/3724 1967/3077/3725 1968/3076/3726
f 1957/3083/3724 1959/3085/3727 1969/3098/3728 1967/3077/3725
s off
f 1959/3085/3729 1960/3087/3730 1970/3099/3731 1969/3098/3732
f 1960/3087/3733 1961/3089/3734 1971/3078/3735 1970/3099/3736
s 12
f 1961/3089/3737 1962/3091/3738 1972/3079/3739 1971/3078/3740
s 13
f 1963/3093/3741 1964/3092/3742 1974/3081/3743 1973/3100/3744
f 1964/3092/3742 1958/3084/3745 1968/3076/3746 1974/3081/3743
s 12
f 1962/3091/3738 1965/3095/3747 1975/3080/3748 1972/3079/3739
s off
f 1965/3095/3749 1966/3097/3750 1976/3101/3751 1975/3080/3752
f 1966/3097/3753 1963/3093/3754 1973/3100/3755 1976/3101/3756
s 1
f 1916/3073/3658 1917/3070/3655 1914/3082/3707
f 1917/3070/3655 1918/3068/3653 1915/3075/3700
s 10
f 1973/3100/3757 1974/3081/3706 1975/3080/3705 1976/3101/3758
f 1971/3078/3703 1967/3077/3702 1969/3098/3759 1970/3099/3760
s 14
f 1978/3102/3761 1977/3103/3762 1926/3104/3763 1925/3105/3764
f 1979/3106/3765 1978/3102/3761 1925/3105/3764 1910/3107/3766
s 15
f 1980/3108/3767 1979/3106/3768 1910/3107/3769 1912/3109/3770
f 1981/3110/3771 1980/3108/3767 1912/3109/3770 1911/3111/3772
s 5
f 1982/3112/3773 1981/3110/3774 1911/3111/3775 1923/3113/3776
f 1983/3054/3639 1982/3112/3773 1923/3113/3776 1928/3055/3640
f 1985/3114/3777 1984/3053/3638 1916/3056/3641 1914/3115/3778
f 1986/3116/3779 1985/3114/3777 1914/3115/3778 1919/3117/3780
s off
f 1987/3118/3781 1986/3116/3782 1919/3117/3783 1920/3119/3784
s 16
f 1988/3120/3785 1987/3118/3786 1920/3119/3787 1913/3121/3788
f 1989/3122/3789 1988/3120/3785 1913/3121/3788 1921/3123/3790
s off
f 1990/3124/3791 1989/3122/3792 1921/3123/3793 1922/3125/3794
s 17
f 1991/3126/3795 1990/3124/3796 1922/3125/3797 1915/3127/3798
f 1992/3128/3799 1991/3126/3795 1915/3127/3798 1918/3129/3800
g default
v -0.460501 1.867628 2.281555
v -0.460501 2.209774 2.812267
v -0.460501 1.525482 2.812267
v -0.460501 2.209774 3.131579
v -0.460501 1.525482 3.131579
v -0.460501 1.867628 3.131579
v -0.460501 2.209774 2.452611
v -0.460501 2.038718 2.281555
v -0.460501 1.696538 2.281555
v -0.460501 1.525482 2.452611
v -0.460501 1.867628 3.181579
v -0.460501 2.159774 3.181579
v -0.460501 1.575482 3.181579
v -0.424495 1.867628 3.231579
v -0.424495 2.109774 3.231579
v -0.424495 1.625482 3.231579
v -0.460501 1.867628 2.655145
v -0.460501 1.867628 2.978192
v -0.460501 1.685864 2.811553
v -0.460501 2.049392 2.811553
v -0.460501 1.867628 2.341556
v -0.460501 1.867628 2.603959
v -0.460501 2.075052 2.752267
v -0.460501 2.149774 2.752267
v -0.460501 2.149774 2.477464
v -0.460501 2.013865 2.341556
v -0.460501 1.585482 2.477464
v -0.460501 1.721391 2.341556
v -0.460501 1.585482 2.752267
v -0.460501 1.660204 2.752267
v -0.424495 1.867628 2.381556
v -0.424495 1.867628 2.554785
v -0.424495 2.087881 2.712267
v -0.424495 2.109774 2.712267
v -0.424495 2.109774 2.494032
v -0.424495 1.997297 2.381556
v -0.424495 1.625482 2.494032
v -0.424495 1.737960 2.381556
v -0.424495 1.625482 2.712267
v -0.424495 1.647375 2.712267
v -0.460501 2.209774 4.600682
v -0.460501 2.159774 4.600682
v -0.424495 2.109774 4.600683
v -0.424495 1.867628 4.600683
v -0.424495 1.625482 4.600683
v -0.460501 1.575482 4.600683
v -0.460501 1.525482 4.600683
v -0.322433 1.525482 4.600683
v -0.322433 1.525482 3.131579
v -0.322433 1.525482 2.812267
v -0.322433 1.525482 2.452611
v -0.322433 1.696538 2.281555
v -0.322433 1.867628 2.281555
v -0.322433 2.038718 2.281555
v -0.322433 2.209774 2.452611
v -0.322433 2.209774 2.812267
v -0.322433 2.209774 3.131579
v -0.322433 2.209774 4.600682
vt 1.153170 0.456532
vt 1.168419 0.442801
vt 1.183685 0.456509
vt 1.168439 0.468939
vt 1.197277 0.429830
vt 1.168412 0.430263
vt 1.168410 0.426258
vt 1.193168 0.425664
vt 1.139565 0.429837
vt 1.143667 0.425667
vt 1.168406 0.421194
vt 1.188210 0.421164
vt 1.148617 0.421158
vt 1.139606 0.456602
vt 1.197243 0.456560
vt 1.168478 0.492613
vt 1.168448 0.478184
vt 1.186734 0.465696
vt 1.179069 0.492539
vt 1.157874 0.492593
vt 1.148530 0.483488
vt 1.148467 0.465681
vt 1.150139 0.465727
vt 1.185634 0.461374
vt 1.168443 0.473061
vt 1.192389 0.461760
vt 1.197751 0.487223
vt 1.192768 0.485186
vt 1.183058 0.501751
vt 1.180989 0.496807
vt 1.168509 0.502035
vt 1.168497 0.497104
vt 1.153964 0.501794
vt 1.139176 0.487343
vt 1.144143 0.485289
vt 1.156022 0.496835
vt 1.144472 0.461802
vt 1.151229 0.461402
vt 1.188404 0.465644
vt 1.188401 0.483452
vt 1.193488 0.307890
vt 1.197623 0.307911
vt 1.188378 0.307871
vt 1.168308 0.307875
vt 1.148220 0.307965
vt 1.143110 0.307993
vt 1.138976 0.308022
vt 0.210191 0.297596
vt 0.202488 0.297596
vt 0.202486 0.215635
vt 0.210189 0.215635
vt 0.210191 0.315411
vt 0.202488 0.315411
vt 0.210191 0.335476
vt 0.202489 0.335476
vt 0.210192 0.348972
vt 0.202489 0.348972
vt 0.210192 0.358517
vt 0.202489 0.358517
vt 0.210192 0.368062
vt 0.202489 0.368062
vt 0.210192 0.381558
vt 0.202489 0.381558
vt 0.210192 0.401623
vt 0.202490 0.401623
vt 0.210193 0.419438
vt 0.202490 0.419438
vt 0.210194 0.501399
vt 0.202491 0.501399
vn -1.000000 0.000000 0.000000
vn -1.000000 0.000000 0.000000
vn -1.000000 0.000000 0.000000
vn -1.000000 0.000000 0.000000
vn -1.000000 0.000000 0.000000
vn -1.000000 0.000000 0.000000
vn -1.000000 0.000000 0.000000
vn -1.000000 0.000000 0.000000
vn -1.000000 0.000000 0.000000
vn -1.000000 0.000000 0.000000
vn -0.811489 0.000000 0.584368
vn -0.811490 0.000000 0.584367
vn -0.811490 0.000000 0.584367
vn -0.811489 0.000000 0.584368
vn -0.811490 0.000000 0.584366
vn -0.811490 0.000000 0.584366
vn -1.000000 0.000000 0.000000
vn -1.000000 0.000000 0.000000
vn -1.000000 0.000000 0.000000
vn -1.000000 0.000000 0.000000
vn -1.000000 0.000000 0.000000
vn -1.000000 0.000000 0.000000
vn -1.000000 0.000000 0.000000
vn -1.000000 0.000000 0.000000
vn -1.000000 0.000000 0.000000
vn -1.000000 0.000000 0.000000
vn -1.000000 0.000000 0.000000
vn -1.000000 0.000000 0.000000
vn -1.000000 0.000000 0.000000
vn -1.000000 0.000000 0.000000
vn -1.000000 0.000000 0.000000
vn -1.000000 0.000000 0.000000
vn -1.000000 0.000000 0.000000
vn -1.000000 0.000000 0.000000
vn -1.000000 0.000000 0.000000
vn -1.000000 0.000000 0.000000
vn -1.000000 0.000000 0.000000
vn -1.000000 0.000000 0.000000
vn -1.000000 0.000000 0.000000
vn -1.000000 0.000000 0.000000
vn -1.000000 0.000000 0.000000
vn -0.743240 0.389122 -0.544222
vn -0.751514 0.332375 -0.569871
vn -0.751514 0.332375 -0.569871
vn -0.743240 0.389122 -0.544222
vn -0.743237 0.000000 -0.669028
vn -0.743237 0.000000 -0.669028
vn -0.743238 -0.669027 0.000000
vn -0.743238 -0.669027 0.000000
vn -0.743238 -0.669027 0.000000
vn -0.743238 -0.669027 0.000000
vn -0.743238 -0.473074 0.473074
vn -0.743238 -0.473073 0.473074
vn -0.743238 -0.473074 0.473074
vn -0.743238 -0.473074 0.473074
vn -0.743237 0.000000 0.669028
vn -0.743237 0.000000 0.669028
vn -0.743237 0.000000 0.669028
vn -0.743237 0.000000 0.669028
vn -0.743240 0.473071 0.473073
vn -0.743240 0.473071 0.473073
vn -0.743240 0.473071 0.473073
vn -0.743240 0.473071 0.473073
vn -0.743239 0.669027 0.000000
vn -0.743239 0.669027 0.000000
vn -0.743239 0.669027 0.000000
vn -0.743239 0.669027 0.000000
vn -0.743240 0.000000 -0.669025
vn -0.751513 -0.332376 -0.569873
vn -0.751513 -0.332376 -0.569873
vn -0.743240 0.000000 -0.669025
vn -0.743238 -0.389123 -0.544224
vn -0.743238 -0.389123 -0.544224
vn -0.743236 0.000000 0.669029
vn -0.743236 0.000000 0.669029
vn -1.000000 0.000000 0.000000
vn -1.000000 0.000000 0.000000
vn -1.000000 0.000000 0.000000
vn -1.000000 0.000000 0.000000
vn -0.811487 -0.584370 0.000000
vn -0.811487 -0.584370 0.000000
vn -0.811487 -0.584370 0.000000
vn -0.811487 -0.584370 0.000000
vn -1.000000 0.000000 0.000000
vn -1.000000 0.000000 0.000000
vn -1.000000 0.000000 0.000000
vn -1.000000 0.000000 0.000000
vn -1.000000 0.000000 0.000000
vn -1.000000 0.000000 0.000000
vn -0.811489 0.584368 0.000000
vn -0.811489 0.584368 0.000000
vn -0.811489 0.584368 0.000000
vn -0.811489 0.584368 0.000000
vn -1.000000 0.000000 0.000000
vn -1.000000 0.000000 0.000000
vn 0.000000 -1.000000 0.000000
vn 0.000000 -1.000000 0.000000
vn 0.000000 -1.000000 0.000000
vn 0.000000 -1.000000 0.000000
vn 0.000000 -1.000000 0.000000
vn 0.000000 -1.000000 0.000000
vn 0.000000 -1.000000 0.000000
vn 0.000000 -1.000000 0.000000
vn 0.000000 -0.707107 -0.707107
vn 0.000000 -0.707107 -0.707107
vn 0.000000 -0.707107 -0.707107
vn 0.000000 -0.707107 -0.707107
vn 0.000000 0.000000 -1.000000
vn 0.000000 0.000000 -1.000000
vn 0.000000 0.000000 -1.000000
vn 0.000000 0.000000 -1.000000
vn 0.000000 0.000000 -1.000000
vn 0.000000 0.000000 -1.000000
vn 0.000000 0.707106 -0.707107
vn 0.000000 0.707106 -0.707107
vn 0.000000 0.707106 -0.707107
vn 0.000000 0.707106 -0.707107
vn 0.000000 1.000000 0.000000
vn 0.000000 1.000000 0.000000
vn 0.000000 1.000000 0.000000
vn 0.000000 1.000000 0.000000
vn 0.000000 1.000000 0.000000
vn 0.000000 1.000000 0.000000
vn 0.000000 1.000000 0.000000
vn 0.000000 1.000000 0.000000
s 1
g CP2077Quasar_LOD0 UpperReciever_DetailR
usemtl PaintedMetal
f 2011/3130/3801 2010/3131/3802 2012/3132/3803 2009/3133/3804
f 1996/3134/3805 1998/3135/3806 2003/3136/3807 2004/3137/3808
f 1998/3135/3806 1997/3138/3809 2005/3139/3810 2003/3136/3807
s 3
f 2004/3137/3811 2003/3136/3812 2006/3140/3813 2007/3141/3814
f 2003/3136/3812 2005/3139/3815 2008/3142/3816 2006/3140/3813
s 1
f 1998/3135/3806 1995/3143/3817 1997/3138/3809
f 1994/3144/3818 1998/3135/3806 1996/3134/3805
s 4
f 2023/3145/3819 2024/3146/3820 2025/3147/3821 2028/3148/3822
f 2030/3149/3823 2029/3150/3824 2031/3151/3825 2032/3152/3826
s 1
f 2009/3133/3804 2012/3132/3803 2015/3153/3827 2014/3154/3828
f 2012/3132/3803 1994/3144/3818 2016/3155/3829 2015/3153/3827
f 1994/3144/3818 1999/3156/3830 2017/3157/3831 2016/3155/3829
f 1999/3156/3830 2000/3158/3832 2018/3159/3833 2017/3157/3831
f 2000/3158/3832 1993/3160/3834 2013/3161/3835 2018/3159/3833
f 2001/3162/3836 2002/3163/3837 2019/3164/3838 2020/3165/3839
f 2002/3163/3837 1995/3143/3817 2021/3166/3840 2019/3164/3838
f 1995/3143/3817 2011/3130/3801 2022/3167/3841 2021/3166/3840
f 2011/3130/3801 2009/3133/3804 2014/3154/3828 2022/3167/3841
f 1993/3160/3834 2001/3162/3836 2020/3165/3839 2013/3161/3835
s 6
f 2014/3154/3842 2015/3153/3843 2025/3147/3844 2024/3146/3845
f 2015/3153/3843 2016/3155/3846 2026/3168/3847 2025/3147/3844
s off
f 2016/3155/3848 2017/3157/3849 2027/3169/3850 2026/3168/3851
f 2017/3157/3852 2018/3159/3853 2028/3148/3854 2027/3169/3855
s 7
f 2018/3159/3856 2013/3161/3857 2023/3145/3858 2028/3148/3859
s off
f 2020/3165/3860 2019/3164/3861 2029/3150/3862 2030/3149/3863
f 2019/3164/3864 2021/3166/3865 2031/3151/3866 2029/3150/3867
s 8
f 2021/3166/3868 2022/3167/3869 2032/3152/3870 2031/3151/3871
f 2022/3167/3869 2014/3154/3872 2024/3146/3873 2032/3152/3870
s 7
f 2013/3161/3857 2020/3165/3874 2030/3149/3875 2023/3145/3858
s 1
f 1994/3144/3818 2012/3132/3803 2010/3131/3802 1998/3135/3806
f 2010/3131/3802 2011/3130/3801 1995/3143/3817 1998/3135/3806
s 4
f 2028/3148/3822 2025/3147/3821 2026/3168/3876 2027/3169/3877
f 2030/3149/3823 2032/3152/3826 2024/3146/3820 2023/3145/3819
s 1
f 2034/3170/3878 2033/3171/3879 1996/3134/3805 2004/3137/3808
s off
f 2035/3172/3880 2034/3170/3881 2004/3137/3882 2007/3141/3883
s 9
f 2007/3141/3884 2006/3140/3885 2036/3173/3886 2035/3172/3887
f 2006/3140/3885 2008/3142/3888 2037/3174/3889 2036/3173/3886
s off
f 2005/3139/3890 2038/3175/3891 2037/3174/3892 2008/3142/3893
s 1
f 1997/3138/3809 2039/3176/3894 2038/3175/3895 2005/3139/3810
s 10
f 1997/3177/3896 2041/3178/3897 2040/3179/3898 2039/3180/3899
f 1995/3181/3900 2042/3182/3901 2041/3178/3897 1997/3177/3896
f 2002/3183/3902 2043/3184/3903 2042/3182/3901 1995/3181/3900
s off
f 2002/3183/3904 2001/3185/3905 2044/3186/3906 2043/3184/3907
s 11
f 1993/3187/3908 2045/3188/3909 2044/3186/3910 2001/3185/3911
f 2000/3189/3912 2046/3190/3913 2045/3188/3909 1993/3187/3908
s off
f 2000/3189/3914 1999/3191/3915 2047/3192/3916 2046/3190/3917
s 12
f 1994/3193/3918 2048/3194/3919 2047/3192/3920 1999/3191/3921
f 1996/3195/3922 2049/3196/3923 2048/3194/3919 1994/3193/3918
f 2033/3197/3924 2050/3198/3925 2049/3196/3923 1996/3195/3922
g default
v -0.286637 -1.392751 1.668628
v -0.438531 -0.976116 2.256805
v -0.442087 -1.801241 2.447896
v -0.391125 -2.448577 1.938307
v -0.360934 -1.813863 1.050371
v -0.389371 -2.605412 1.387989
v -0.286637 -2.753470 0.795925
v -0.360934 -2.276066 0.645048
v -0.450351 -0.329934 2.831274
v -0.443592 -0.775557 3.312639
v -0.441652 -0.692130 3.395097
v -0.448161 -0.248066 2.911356
v 0.286637 -1.392752 1.668628
v 0.372078 -0.988608 2.274360
v 0.378106 -1.799381 2.450632
v 0.329139 -2.448577 1.938307
v 0.327386 -2.605413 1.387989
v 0.360386 -1.813863 1.050371
v 0.286637 -2.753470 0.795925
v 0.360386 -2.276066 0.645048
v 0.387948 -0.626333 3.453463
v 0.384873 -0.196158 2.993161
v 0.394023 -0.091443 3.086683
v 0.410007 -0.538318 3.539902
v 0.655429 0.052713 3.237417
v 0.669987 -0.368110 3.664239
v 0.687223 -0.468209 3.565627
v 0.686192 -0.051235 3.141676
v -0.000000 -1.392751 1.746767
v -0.022636 -0.982526 2.265812
v -0.025333 -0.306532 2.869849
v -0.023588 -0.229755 2.944854
v -0.019298 -0.651515 3.432012
v -0.020390 -0.744204 3.340434
v -0.021274 -1.800287 2.449299
v -0.020276 -2.448577 1.938307
v -0.020276 -2.605412 1.387989
v -0.000137 -2.753470 0.795925
v -0.825106 -0.276665 2.908469
v -0.767196 -0.302500 2.863183
v -0.764901 -0.253828 2.910208
v -0.824373 -0.253816 2.932783
v -0.820528 -0.479134 3.143689
v -0.767179 -0.525826 3.119548
v -0.819946 -0.456850 3.166710
v -0.765504 -0.475983 3.169109
v 0.905757 0.331599 3.514056
v 0.922000 0.336083 3.631805
v 0.924281 0.016876 3.954814
v 0.908974 -0.087797 3.938747
v 0.980485 0.001981 3.940245
v 0.965130 -0.138661 3.888296
v 0.981878 0.319610 3.617699
v 0.965120 0.276814 3.466750
v 0.286637 0.590860 0.647703
v 0.286637 0.199190 0.627584
v 0.464848 -0.545417 -0.675928
v 0.286637 -0.035717 0.860260
v 0.304102 -0.916763 -0.528184
v 0.286637 -0.424214 1.225689
v 0.286637 -1.380003 -0.412144
v 0.286637 -2.825800 0.085454
v 0.286637 -2.481646 -0.057912
v 0.286637 -2.211325 -0.157761
v 0.286637 -2.044304 -0.208789
v 0.286637 -1.748812 -0.289146
v 0.286637 -1.028547 1.536113
v 0.423997 1.213460 1.149529
v 0.531265 -0.453475 -0.861862
v 0.531265 0.102001 -0.856540
v 0.531265 -0.465783 -1.071761
v 0.531265 0.143370 -1.068148
v 0.531265 0.454004 -0.714428
v 0.531265 0.527672 -0.838550
v 0.531265 0.813203 -0.419447
v 0.531265 0.954466 -0.504204
v 0.531265 0.974501 1.149529
v 0.531265 0.974501 -0.036409
v 0.531265 1.206924 -0.064743
v 0.531265 1.212646 1.149529
v 0.360387 0.129333 -4.243728
v 0.360387 -0.443556 -4.243728
v 0.360387 0.546202 -4.243728
v 0.360387 0.748173 -4.243726
v 0.360387 1.207738 -1.308918
v 0.360387 0.748173 -1.308918
v 0.461409 0.076512 -1.425887
v 0.461409 -0.507007 -1.435067
v 0.461409 -0.304297 -3.744303
v 0.461409 0.076512 -3.744303
v 0.360387 0.748173 -3.768313
v 0.360387 1.207738 -3.768313
v 0.360387 1.207738 -1.554857
v 0.360387 0.748173 -1.554857
v 0.461409 0.222578 -1.657728
v 0.461409 0.222578 -2.701016
v 0.360387 0.748173 -2.661585
v 0.360387 1.207738 -2.661585
v 0.461409 -0.000153 -3.125232
v 0.360387 0.748173 -3.104277
v 0.360387 1.207738 -3.104276
v 0.461409 0.180750 -3.556512
v 0.360387 0.748173 -3.569102
v 0.360387 1.207738 -3.569102
v 0.360387 -0.704139 -1.194463
v 0.360387 -0.797472 -1.332701
v 0.461409 -0.654448 -1.671821
v 0.360387 -0.886451 -1.569811
v 0.461409 -0.528448 -3.506986
v 0.360387 -0.848974 -3.827082
v 0.461409 -0.614404 -3.360346
v 0.360387 -0.904177 -3.361011
v 0.461409 -0.614406 -3.134102
v 0.360387 -0.904180 -3.121010
v 0.461409 -0.654444 -2.266458
v 0.360387 -0.886446 -2.200603
v 0.461409 -0.700175 -2.803069
v 0.360387 -1.003459 -2.769849
v 0.461409 -0.740203 -2.597488
v 0.360387 -0.985715 -2.551765
v 0.461409 -0.700176 -2.716783
v 0.360387 -1.003460 -2.678315
v -0.000273 1.213460 1.149532
v -0.000274 -0.507007 -1.435067
v -0.000137 1.207738 -3.768313
v -0.000274 0.222578 -1.657728
v -0.000137 1.207738 -2.661585
v -0.000137 1.207738 -3.104276
v -0.000137 1.207738 -3.569102
v -0.000137 -0.797472 -1.332701
v -0.000274 -0.654448 -1.671821
v -0.000137 -0.886451 -1.569811
v -0.000274 -0.654444 -2.266458
v -0.000137 -0.886446 -2.200603
v -0.000274 -0.740204 -2.597488
v -0.000137 -0.985715 -2.551765
v -0.000000 0.590860 0.725843
v 0.000000 0.199190 0.705724
v 0.000000 -0.035717 0.938400
v 0.000000 -0.424214 1.303829
v -0.000000 -1.028547 1.614253
v -0.000137 -2.825800 0.085454
v -0.000137 -2.481646 -0.057912
v -0.000137 -2.211325 -0.157762
v -0.000137 -2.044304 -0.208789
v -0.000137 -1.748812 -0.289146
v -0.000137 -1.380003 -0.412144
v -0.000137 -0.916763 -0.528184
v -0.000137 -0.545418 -0.675928
v -0.000170 -0.453475 -0.861862
v -0.000137 -0.465783 -1.071761
v -0.000137 -0.704139 -1.194463
v -0.000137 -1.003460 -2.678315
v -0.000137 -1.003459 -2.769849
v -0.000137 -0.904180 -3.121010
v -0.000137 -0.904177 -3.361011
v -0.000137 -0.848974 -3.827082
v -0.000137 -0.443556 -4.243728
v -0.000137 0.129333 -4.243728
v -0.000137 0.546202 -4.243728
v -0.000137 1.207738 -1.554857
v -0.000137 1.207738 -1.308918
v -0.000137 1.207738 -0.064743
v 0.000000 0.974501 2.976166
v -0.000274 -0.700176 -2.716783
v -0.000274 -0.700175 -2.803069
v -0.000274 -0.614406 -3.134102
v -0.000274 -0.614404 -3.360346
v -0.000274 -0.528448 -3.506986
v -0.000274 -0.304297 -3.744303
v -0.000274 0.076512 -3.744303
v -0.000274 0.180750 -3.556512
v -0.000274 -0.000153 -3.125232
v -0.000274 0.222578 -2.701016
v -0.000274 0.076512 -1.425887
v -0.286637 0.590860 0.647703
v -0.286637 0.199190 0.627584
v -0.465395 -0.545417 -0.675928
v -0.286637 -0.035717 0.860260
v -0.304919 -0.916763 -0.528184
v -0.286637 -0.424214 1.225689
v -0.286637 -1.380003 -0.412144
v -0.286637 -2.825800 0.085454
v -0.286637 -2.481646 -0.057912
v -0.286637 -2.211325 -0.157761
v -0.286637 -2.044304 -0.208789
v -0.286637 -1.748812 -0.289146
v -0.286637 -1.028547 1.536113
v -0.424544 1.213460 1.149529
v -0.531812 -0.453475 -0.861862
v -0.531812 0.102001 -0.856540
v -0.531812 -0.465783 -1.071761
v -0.531812 0.143370 -1.068148
v -0.531812 0.454004 -0.714428
v -0.531812 0.527672 -0.838550
v -0.531812 0.813203 -0.419447
v -0.531812 0.926825 -0.504204
v -0.531812 0.974501 1.149529
v -0.531812 0.974501 -0.036409
v -0.531812 1.206924 -0.064743
v -0.531812 1.212646 1.149529
v -0.360934 0.129333 -4.243728
v -0.360934 -0.443556 -4.243728
v -0.360934 0.546202 -4.243728
v -0.360934 0.748173 -4.243726
v -0.360934 1.207738 -1.308918
v -0.360934 0.748173 -1.308918
v -0.461956 0.076512 -1.425887
v -0.461956 -0.507007 -1.435067
v -0.461956 -0.304297 -3.744303
v -0.461956 0.076512 -3.744303
v -0.360934 0.748173 -3.768313
v -0.360934 1.207738 -3.768313
v -0.360934 1.207738 -1.554857
v -0.360934 0.748173 -1.554857
v -0.461956 0.222578 -1.657728
v -0.461956 0.222578 -2.701016
v -0.360934 0.748173 -2.661585
v -0.360934 1.207738 -2.661585
v -0.461956 -0.000153 -3.125232
v -0.360934 0.748173 -3.104277
v -0.360934 1.207738 -3.104276
v -0.461956 0.180750 -3.556512
v -0.360934 0.748173 -3.569102
v -0.360934 1.207738 -3.569102
v -0.360934 -0.704139 -1.194463
v -0.360934 -0.797472 -1.332701
v -0.461956 -0.654448 -1.671821
v -0.360934 -0.886451 -1.569811
v -0.461956 -0.528448 -3.506986
v -0.360934 -0.848974 -3.827082
v -0.461956 -0.614404 -3.360346
v -0.360934 -0.904177 -3.361011
v -0.461956 -0.614406 -3.134102
v -0.360934 -0.904180 -3.121010
v -0.461956 -0.654444 -2.266458
v -0.360934 -0.886446 -2.200603
v -0.461956 -0.700175 -2.803069
v -0.360934 -1.003459 -2.769849
v -0.461956 -0.740203 -2.597488
v -0.360934 -0.985715 -2.551765
v -0.461956 -0.700176 -2.716783
v -0.360934 -1.003460 -2.678315
v 0.360387 0.954467 -0.711048
v 0.360387 1.207738 -0.576840
v -0.000137 1.207738 -0.576840
v -0.360934 1.207738 -0.576840
v -0.360934 0.955024 -0.711048
v 0.404984 0.974501 2.976166
v 0.531265 0.974501 2.976166
v 0.531265 1.212646 2.976166
v 0.403776 1.213460 2.976166
v -0.000273 1.213460 2.976166
v -0.404323 1.213460 2.976166
v -0.531812 1.212646 2.976166
v -0.531812 0.974501 2.976166
v -0.405235 0.974501 2.976166
v 0.404984 0.974501 2.357296
v 0.531265 0.974501 2.357296
v 0.531265 1.212646 2.357296
v 0.409842 1.213460 2.357296
v -0.000273 1.213460 2.357296
v -0.410389 1.213460 2.357296
v -0.531812 1.212646 2.357296
v -0.531812 0.974501 2.357296
v -0.405235 0.974501 2.357296
v 0.000000 0.974501 2.357296
v 0.360387 -0.600999 -1.139992
v -0.000137 -0.600999 -1.139992
v -0.360934 -0.600999 -1.139992
v -0.360934 0.748173 -4.006020
v -0.360934 1.207738 -4.006014
v -0.000137 1.207738 -4.006016
v 0.360387 1.207738 -4.006014
v 0.360387 0.748173 -4.006020
v 0.367619 -0.453475 -0.861862
v 0.464848 0.071558 -0.679436
v 0.404986 0.102001 -0.856540
v 0.404986 0.454004 -0.714428
v 0.464848 0.363326 -0.561642
v 0.464848 0.668195 -0.311277
v 0.404986 0.813203 -0.419447
v 0.464847 0.810528 0.830901
v 0.404985 0.974501 1.149529
v 0.464848 0.799275 0.000000
v 0.404986 0.974501 -0.036409
v -0.465395 0.668195 -0.311277
v -0.405236 0.813203 -0.419447
v -0.465395 0.799315 0.000095
v -0.405236 0.974501 -0.036409
v -0.465395 0.363326 -0.561642
v -0.405236 0.454004 -0.714428
v -0.465394 0.811723 0.830901
v -0.405235 0.974501 1.149529
v -0.465395 0.071558 -0.679436
v -0.405236 0.102001 -0.856540
v -0.368045 -0.453475 -0.861862
v 0.000000 0.974501 1.290256
v -0.000049 0.804665 0.909044
v 0.369642 0.143370 -1.069954
v 0.369642 -0.465783 -1.069954
v 0.431734 0.527672 -0.837655
v 0.360387 0.546202 -0.886987
v 0.431394 0.954466 -0.504204
v 0.360387 0.954467 -0.549638
v 0.423536 1.207738 -0.064743
v 0.360466 1.207738 -0.273042
v -0.370159 0.143370 -1.069954
v -0.370159 -0.465783 -1.069954
v -0.360934 0.546202 -0.886987
v -0.432281 0.527672 -0.837655
v -0.360934 0.955024 -0.549638
v -0.431941 0.926825 -0.504204
v -0.423701 1.207738 -0.064743
v -0.361014 1.207738 -0.273042
v 0.360387 1.207738 -2.440239
v 0.360387 0.748173 -2.440240
v 0.461409 0.222578 -2.492358
v -0.000274 0.222578 -2.492358
v -0.461956 0.222578 -2.492358
v -0.360934 0.748173 -2.440240
v -0.360934 1.207738 -2.440239
v -0.000137 1.207738 -2.440239
v 0.360387 0.546202 -1.069954
v 0.360387 0.748173 -1.069954
v 0.360387 1.207738 -1.069954
v -0.000137 1.207738 -1.068148
v -0.360934 1.207738 -1.069954
v -0.360934 0.748730 -1.069954
v -0.360934 0.546202 -1.069954
v 0.464848 0.152405 0.505022
v 0.464848 -0.119063 0.773913
v 0.464848 -0.867874 -0.416723
v 0.464848 -0.494102 1.126682
v 0.464848 -1.346393 -0.296856
v 0.464848 -2.649022 0.637065
v 0.464848 -2.697391 0.161958
v 0.464848 -2.437765 0.053805
v 0.464848 -2.247771 0.510255
v 0.464848 -2.172973 -0.044003
v 0.464848 -1.723272 0.970208
v 0.464848 -2.011020 -0.093482
v 0.464848 -1.346099 1.523957
v 0.464848 -1.714057 -0.174240
v 0.464848 -1.076666 1.425925
v 0.464848 0.640499 0.530095
v -0.465395 -0.867874 -0.416723
v -0.465395 -0.119063 0.773913
v -0.465395 0.152405 0.505022
v -0.465395 -1.346393 -0.296856
v -0.465395 -0.494102 1.126682
v -0.465395 -2.247771 0.510255
v -0.465395 -2.649022 0.637065
v -0.465395 -2.437765 0.053805
v -0.465395 -2.697391 0.161958
v -0.465395 -1.723272 0.970208
v -0.465395 -2.172973 -0.044003
v -0.465395 -1.346099 1.523957
v -0.465395 -2.011020 -0.093482
v -0.465395 -1.076666 1.425925
v -0.465395 -1.714057 -0.174240
v -0.465395 0.640500 0.530094
v 0.498397 0.546202 -2.440240
v 0.498396 0.298408 -2.440240
v 0.498396 0.298408 -2.661586
v 0.498397 0.546202 -2.661585
v 0.498396 0.748173 -2.440240
v 0.498396 0.748173 -2.661585
v 0.498397 0.129333 -4.006021
v 0.498397 -0.377509 -4.006021
v 0.498397 0.546202 -4.006021
v 0.498396 0.748173 -4.006020
v 0.498397 0.748173 -1.308918
v 0.498397 0.546202 -1.308918
v 0.498397 0.546202 -1.554857
v 0.498396 0.748173 -1.554857
v 0.498397 0.129333 -1.308918
v 0.498396 0.298408 -1.554858
v 0.498397 0.040592 -3.111598
v 0.498397 0.546202 -3.104277
v 0.498396 0.748173 -3.104277
v 0.498397 0.249991 -3.569103
v 0.498397 0.546202 -3.569102
v 0.498396 0.748173 -3.569102
v 0.498397 0.129333 -3.768313
v 0.498397 0.546202 -3.768313
v 0.498396 0.748173 -3.768313
v 0.498397 -0.630709 -1.308536
v 0.498397 -0.600999 -1.139992
v 0.498397 -0.801611 -1.569810
v 0.498397 -0.709948 -3.671824
v 0.498397 -0.787297 -3.361010
v 0.498396 -0.787300 -3.121008
v 0.498396 -0.801605 -2.200603
v 0.498396 -0.886579 -2.769846
v 0.498396 -0.900874 -2.551764
v 0.498397 -0.886580 -2.678312
v 0.498397 -0.311461 -3.768313
v 0.498397 -0.570922 -3.516566
v 0.498397 -0.670418 -3.361009
v 0.498396 -0.670421 -3.121007
v 0.498397 -0.769699 -2.769845
v 0.498396 -0.769700 -2.678312
v 0.498397 -0.816034 -2.551763
v 0.498397 -0.716765 -2.200603
v 0.498396 -0.716770 -1.569808
v 0.498397 -0.546103 -1.318657
v 0.498397 0.546202 -1.068148
v 0.498397 0.748173 -1.068148
v -0.498944 0.298408 -2.440240
v -0.498944 0.546202 -2.440240
v -0.498944 0.546202 -2.661585
v -0.498944 0.298408 -2.661586
v -0.498944 0.748173 -2.440240
v -0.498944 0.748173 -2.661585
v -0.498944 -0.377509 -4.006021
v -0.498944 0.129333 -4.006021
v -0.498944 0.546202 -4.006021
v -0.498944 0.748173 -4.006020
v -0.498944 0.748173 -1.308918
v -0.498944 0.748173 -1.554857
v -0.498944 0.546202 -1.554857
v -0.498944 0.546202 -1.308918
v -0.498944 0.298408 -1.554858
v -0.498944 0.129333 -1.308918
v -0.498944 0.546202 -3.104277
v -0.498944 0.040592 -3.111598
v -0.498944 0.748173 -3.104277
v -0.498944 0.546202 -3.569102
v -0.498944 0.249991 -3.569103
v -0.498944 0.748173 -3.569102
v -0.498944 0.546202 -3.768313
v -0.498944 0.129333 -3.768313
v -0.498944 0.748173 -3.768313
v -0.498944 -0.600999 -1.139992
v -0.498944 -0.630709 -1.308536
v -0.498944 -0.801611 -1.569810
v -0.498944 -0.709948 -3.671824
v -0.498944 -0.787297 -3.361010
v -0.498944 -0.787300 -3.121008
v -0.498944 -0.801605 -2.200603
v -0.498944 -0.886579 -2.769846
v -0.498944 -0.900874 -2.551764
v -0.498944 -0.886580 -2.678312
v -0.498944 -0.546103 -1.318657
v -0.498944 -0.716770 -1.569808
v -0.498944 -0.716765 -2.200603
v -0.498944 -0.816033 -2.551763
v -0.498944 -0.769700 -2.678312
v -0.498944 -0.769699 -2.769845
v -0.498944 -0.670421 -3.121007
v -0.498944 -0.670418 -3.361009
v -0.498944 -0.570922 -3.516566
v -0.498944 -0.311461 -3.768313
v -0.498944 0.748173 -1.068148
v -0.498944 0.546202 -1.068148
v -0.304919 -0.545417 -0.675928
v 0.304103 -0.545417 -0.675928
v -0.000175 0.687317 -4.243727
v 0.193036 0.838761 -4.235755
v 0.193036 0.687317 -4.243727
v -0.000175 1.106606 -4.243721
v 0.193036 1.106606 -4.243721
v -0.193583 0.687317 -4.243727
v -0.193583 0.838761 -4.235755
v -0.193583 1.106606 -4.243721
v -0.000197 0.914617 -4.169389
v -0.000197 0.833890 -4.169389
v 0.150277 0.914617 -4.169389
v 0.150277 0.833890 -4.169389
v -0.000197 1.078178 -4.169390
v 0.150277 1.078178 -4.169390
v -0.150825 0.833890 -4.169389
v -0.150825 0.914617 -4.169389
v -0.150825 1.078178 -4.169390
v -0.000157 1.207738 -0.273042
v 0.444244 0.998930 3.209903
v 0.444244 1.188272 3.381038
v 0.337627 1.189032 3.381330
v 0.338638 0.998930 3.209903
v -0.000273 1.189032 3.381330
v -0.000045 0.998930 3.209903
v -0.338174 1.189032 3.381330
v -0.338937 0.998930 3.209903
v -0.444791 1.188272 3.381038
v -0.444791 0.998930 3.209903
v 0.531265 0.974501 3.132893
v 0.531265 1.212646 3.132893
v 0.403776 1.213460 3.132893
v -0.000273 1.213460 3.132893
v -0.404323 1.213460 3.132893
v -0.531812 1.212646 3.132893
v -0.531812 0.974501 3.132893
v -0.405235 0.974501 3.132893
v 0.000000 0.974501 3.132893
v 0.404984 0.974501 3.132893
v 0.414089 1.213460 2.048792
v -0.000273 1.213460 2.048792
v -0.414636 1.213460 2.048792
v -0.531812 1.212646 2.048792
v -0.531812 0.974501 2.048792
v -0.405235 0.974501 2.048792
v 0.000000 0.974501 2.048792
v 0.404985 0.974501 2.048792
v 0.531265 0.974501 2.048792
v 0.531265 1.212646 2.048792
v 0.412148 1.357927 2.048810
v 0.407949 1.357927 2.357314
v -0.412695 1.357927 2.048810
v -0.408496 1.357927 2.357314
v 0.401730 1.357927 2.976166
v 0.401730 1.357927 3.132893
v -0.402277 1.357927 2.976166
v -0.402277 1.357927 3.132893
v 0.498397 0.496202 -4.006021
v 0.498397 0.179333 -4.006021
v 0.498397 0.179333 -4.193728
v 0.498397 0.496202 -4.193728
v 0.498397 0.278163 -3.619103
v 0.498397 0.496202 -3.619102
v 0.498397 0.179333 -3.782275
v 0.498397 0.496202 -3.768313
v -0.498944 0.179333 -4.006021
v -0.498944 0.496202 -4.006021
v -0.498944 0.179333 -4.193487
v -0.498944 0.496202 -3.619102
v -0.498944 0.496202 -3.768313
v -0.498944 0.179333 -3.782275
v -0.498944 0.278163 -3.619103
v 0.448397 0.476202 -4.006021
v 0.448397 0.199333 -4.006021
v 0.448397 0.199333 -4.173728
v 0.448397 0.476202 -4.173728
v 0.448397 0.289432 -3.639103
v 0.448397 0.476202 -3.639102
v 0.448397 0.199333 -3.787859
v 0.448397 0.476202 -3.768313
v -0.448944 0.199333 -4.006021
v -0.448944 0.476202 -4.006021
v -0.448944 0.476202 -4.173728
v -0.448944 0.199333 -4.173728
v -0.448944 0.476202 -3.639102
v -0.448944 0.476202 -3.768313
v -0.448944 0.199333 -3.787859
v -0.448944 0.289432 -3.639103
v -0.000137 1.207738 -4.227373
v -0.000143 1.191391 -4.243720
v -0.360934 1.207738 -4.227373
v -0.348775 1.191391 -4.243720
v 0.360387 1.207738 -4.227373
v 0.348228 1.191391 -4.243720
v 0.482050 -0.443556 -4.243728
v 0.498397 -0.436654 -4.227381
v 0.482050 0.129333 -4.243728
v 0.498397 0.129333 -4.227381
v 0.482050 0.546202 -4.243728
v 0.498397 0.546202 -4.227381
v 0.498396 0.748173 -4.227379
v 0.482050 0.745772 -4.243726
v 0.498397 -0.673484 -1.178274
v 0.482050 -0.704139 -1.194463
v 0.498397 -0.782845 -1.340250
v 0.482050 -0.797472 -1.332702
v 0.498396 -0.870104 -1.572777
v 0.482050 -0.886451 -1.569811
v 0.482050 -0.848974 -3.827082
v 0.498397 -0.833393 -3.819655
v 0.482050 -0.904177 -3.361011
v 0.498396 -0.887830 -3.360046
v 0.482050 -0.904180 -3.121010
v 0.498396 -0.887833 -3.118743
v 0.498397 -0.870099 -2.202869
v 0.482050 -0.886446 -2.200603
v 0.482050 -1.003459 -2.769849
v 0.498396 -0.987112 -2.767583
v 0.498397 -0.969681 -2.555139
v 0.482050 -0.985715 -2.551765
v 0.482050 -1.003460 -2.678315
v 0.498397 -0.987113 -2.679455
v -0.482597 0.129333 -4.243728
v -0.498944 0.129333 -4.227381
v -0.498944 -0.436654 -4.227381
v -0.482597 -0.443556 -4.243728
v -0.498944 0.546202 -4.227221
v -0.483420 0.546202 -4.243728
v -0.482597 0.745772 -4.243726
v -0.498944 0.748173 -4.227379
v -0.482597 -0.797472 -1.332701
v -0.498944 -0.782845 -1.340249
v -0.498944 -0.673484 -1.178273
v -0.482597 -0.704139 -1.194463
v -0.482597 -0.886451 -1.569811
v -0.498944 -0.870104 -1.572777
v -0.498944 -0.833393 -3.819655
v -0.482597 -0.848974 -3.827082
v -0.498944 -0.887830 -3.360046
v -0.482597 -0.904177 -3.361011
v -0.498944 -0.887833 -3.118743
v -0.482597 -0.904180 -3.121010
v -0.482597 -0.886446 -2.200603
v -0.498944 -0.870099 -2.202869
v -0.498944 -0.987112 -2.767583
v -0.482597 -1.003459 -2.769849
v -0.482597 -0.985715 -2.551765
v -0.498944 -0.969681 -2.555139
v -0.498944 -0.987113 -2.679455
v -0.482597 -1.003460 -2.678315
v -0.488883 0.497104 -4.193487
vt 1.623702 0.131653
vt 1.590467 0.129289
vt 1.602416 0.089948
vt 1.641423 0.080286
vt 1.668555 0.085048
vt 1.664768 0.129279
vt 1.699118 0.089402
vt 1.695255 0.116111
vt 1.535504 0.103591
vt 1.540713 0.137098
vt 0.623702 0.131653
vt 0.641423 0.080286
vt 0.602416 0.089948
vt 0.590467 0.129289
vt 0.668555 0.085048
vt 0.664768 0.129279
vt 0.695254 0.116111
vt 0.699117 0.089402
vt 0.535504 0.103591
vt 0.540713 0.137098
vt 1.622981 0.146818
vt 1.595192 0.149313
vt 1.598780 0.068214
vt 1.641982 0.061750
vt 1.672438 0.066782
vt 1.703123 0.075071
vt 1.529245 0.082534
vt 1.542458 0.159063
vt 0.609633 0.035216
vt 0.609058 0.055417
vt 0.594728 0.055378
vt 0.595138 0.035414
vt 0.610538 0.011285
vt 0.613526 0.005821
vt 0.587999 0.003220
vt 0.583748 0.010187
vt 0.613526 0.005821
vt 0.610538 0.011285
vt 0.583748 0.010187
vt 0.587999 0.003220
vt 0.584278 0.054397
vt 0.584652 0.035596
vt 0.563968 0.005757
vt 0.561450 0.013211
vt 0.532932 0.055216
vt 0.532579 0.035460
vt 0.544052 0.035597
vt 0.544073 0.054247
vt 0.561450 0.013211
vt 0.563968 0.005757
vt 0.595192 0.149313
vt 0.622980 0.146818
vt 0.542458 0.159062
vt 0.636534 0.015057
vt 0.633330 0.020877
vt 0.628296 0.035309
vt 0.628126 0.059013
vt 0.612752 0.059054
vt 0.612916 0.035794
vt 0.633330 0.020877
vt 0.636534 0.015057
vt 0.598779 0.068214
vt 0.529245 0.082534
vt 0.641981 0.061750
vt 0.672437 0.066782
vt 0.703123 0.075071
vt 0.643144 0.035886
vt 0.645902 0.035330
vt 0.645614 0.047599
vt 0.642959 0.047088
vt 0.651670 0.025764
vt 0.653381 0.029948
vt 0.652462 0.031652
vt 0.649725 0.029177
vt 0.639731 0.035381
vt 0.641944 0.035993
vt 0.641806 0.047174
vt 0.639787 0.047696
vt 0.653381 0.029948
vt 0.651670 0.025764
vt 0.649725 0.029177
vt 0.652462 0.031652
vt 0.657439 0.035383
vt 0.657229 0.059061
vt 0.540038 0.027114
vt 0.535926 0.031632
vt 0.533860 0.028570
vt 0.538948 0.022174
vt 0.567280 0.038040
vt 0.570043 0.035534
vt 0.569870 0.054253
vt 0.567154 0.052282
vt 0.535926 0.031632
vt 0.540038 0.027114
vt 0.538948 0.022174
vt 0.533860 0.028570
vt 0.565274 0.052278
vt 0.560961 0.054211
vt 0.560973 0.035648
vt 0.565283 0.038080
vt 1.675796 0.271277
vt 1.610852 0.280747
vt 1.604380 0.264551
vt 1.669786 0.251386
vt 1.598700 0.241507
vt 1.672407 0.230288
vt 1.657573 0.154341
vt 1.680739 0.165252
vt 1.678249 0.177892
vt 1.653565 0.173890
vt 1.676717 0.190256
vt 1.626393 0.191195
vt 1.675364 0.198031
vt 1.595047 0.197390
vt 1.673108 0.212097
vt 1.596498 0.210882
vt 0.730797 0.444012
vt 0.656349 0.444209
vt 0.656283 0.418196
vt 0.730732 0.418036
vt 0.695652 0.378899
vt 0.714538 0.375100
vt 0.715788 0.382748
vt 0.697423 0.385909
vt 0.681489 0.382295
vt 0.682677 0.386704
vt 0.663770 0.389008
vt 0.665645 0.394091
vt 0.609866 0.393460
vt 0.650586 0.393643
vt 0.651123 0.401836
vt 0.610281 0.401465
vt 0.720463 0.374757
vt 0.720761 0.382025
vt 0.650957 0.405242
vt 0.610446 0.405066
vt 1.811078 0.308593
vt 1.810850 0.289203
vt 1.828161 0.288998
vt 1.828401 0.308415
vt 1.811275 0.324388
vt 1.828569 0.324236
vt 0.876385 0.421538
vt 0.876311 0.392119
vt 0.889881 0.392085
vt 0.889956 0.421504
vt 0.976364 0.110445
vt 0.965174 0.110292
vt 0.964697 0.134177
vt 0.975816 0.134388
vt 1.933704 0.301786
vt 1.933193 0.280761
vt 1.945488 0.281022
vt 1.945654 0.300919
vt 1.723449 0.372297
vt 1.722955 0.336342
vt 1.742178 0.336061
vt 1.742680 0.372023
vt 1.722814 0.325537
vt 1.722465 0.309759
vt 1.741781 0.309467
vt 1.742022 0.325261
vt 1.722156 0.277102
vt 1.741539 0.290087
vt 1.863086 0.268347
vt 1.863083 0.308090
vt 1.863207 0.323958
vt 1.828933 0.371025
vt 1.828662 0.335050
vt 1.863281 0.334782
vt 1.863549 0.370763
vt 1.899126 0.284041
vt 1.899534 0.308056
vt 1.899542 0.323965
vt 1.899623 0.334695
vt 1.899873 0.370579
vt 1.906633 0.301342
vt 1.906660 0.288009
vt 1.917169 0.281269
vt 1.916004 0.301902
vt 1.915542 0.309642
vt 1.915500 0.325103
vt 0.945597 0.421363
vt 0.945522 0.391944
vt 0.957736 0.391913
vt 0.957810 0.421332
vt 0.984175 0.110541
vt 0.983599 0.134726
vt 0.948199 0.110049
vt 0.947852 0.133958
vt 0.906178 0.109542
vt 0.905911 0.133713
vt 0.881900 0.109264
vt 0.881554 0.133243
vt 0.873364 0.109147
vt 0.873034 0.133100
vt 0.784141 0.036597
vt 0.788954 0.036581
vt 0.788744 0.061752
vt 0.783969 0.062001
vt 0.752334 0.036653
vt 0.764942 0.036626
vt 0.765271 0.061553
vt 0.752701 0.062249
vt 0.742928 0.036620
vt 0.743209 0.062083
vt 0.724909 0.036563
vt 0.725026 0.062206
vt 0.704317 0.036258
vt 0.703612 0.062802
vt 0.692834 0.036082
vt 0.691268 0.062278
vt 0.667520 0.036112
vt 0.666116 0.059934
vt 0.968082 0.040835
vt 0.994367 0.041460
vt 0.995093 0.065899
vt 0.968161 0.066841
vt 0.956360 0.065666
vt 0.956614 0.040527
vt 1.578673 0.294787
vt 1.584453 0.278609
vt 1.598560 0.281536
vt 1.592263 0.299580
vt 1.990060 0.228597
vt 1.990710 0.273443
vt 1.962530 0.273949
vt 1.961780 0.228878
vt 1.991614 0.306243
vt 1.963378 0.307256
vt 1.993827 0.329764
vt 1.994063 0.336179
vt 1.982443 0.336213
vt 1.982380 0.330245
vt 1.581042 0.264747
vt 1.595269 0.265851
vt 1.679265 0.249871
vt 1.684068 0.266397
vt 1.575871 0.241230
vt 1.589287 0.242380
vt 1.694859 0.230856
vt 1.693400 0.248049
vt 1.681879 0.230842
vt 1.663081 0.131492
vt 1.690863 0.142992
vt 1.687624 0.155901
vt 1.657073 0.142642
vt 1.703637 0.164330
vt 1.701196 0.181250
vt 1.687965 0.179614
vt 1.691382 0.161169
vt 1.699365 0.193702
vt 1.686413 0.192231
vt 1.698138 0.201381
vt 1.684924 0.199759
vt 1.696085 0.214396
vt 1.682811 0.213279
vt 1.573334 0.211896
vt 1.571016 0.194780
vt 1.585301 0.194549
vt 1.587103 0.212103
vt 1.993801 0.349102
vt 1.982606 0.348150
vt 0.890012 0.443608
vt 0.876441 0.443642
vt 0.743513 0.421870
vt 0.743568 0.443981
vt 0.822158 0.443780
vt 0.807079 0.443818
vt 0.807023 0.421714
vt 0.822102 0.421676
vt 0.917154 0.443539
vt 0.917098 0.421435
vt 0.945653 0.443467
vt 0.957866 0.443436
vt 0.795651 0.107972
vt 0.756747 0.107318
vt 0.756785 0.131726
vt 0.795276 0.131704
vt 0.827057 0.108521
vt 0.826579 0.132513
vt 0.843011 0.108730
vt 0.842569 0.132921
vt 0.867245 0.109065
vt 0.866934 0.133016
vt 0.847933 0.036946
vt 0.863317 0.037498
vt 0.862153 0.063388
vt 0.846291 0.062999
vt 0.814908 0.036608
vt 0.814593 0.061213
vt 0.795955 0.036568
vt 0.795649 0.062221
vt 0.895471 0.038549
vt 0.910739 0.039090
vt 0.910362 0.065070
vt 0.894492 0.064647
vt 0.675796 0.271277
vt 0.669785 0.251386
vt 0.604380 0.264551
vt 0.610852 0.280747
vt 0.672406 0.230288
vt 0.598700 0.241507
vt 0.657573 0.154341
vt 0.653564 0.173890
vt 0.678249 0.177892
vt 0.680738 0.165252
vt 0.626392 0.191195
vt 0.676717 0.190256
vt 0.595047 0.197390
vt 0.675364 0.198031
vt 0.596498 0.210882
vt 0.673107 0.212097
vt 0.730863 0.469981
vt 0.656415 0.470221
vt 1.695652 0.378899
vt 1.697423 0.385909
vt 1.715788 0.382748
vt 1.714538 0.375100
vt 1.681489 0.382295
vt 1.682677 0.386704
vt 1.663770 0.389008
vt 1.665645 0.394091
vt 1.609866 0.393460
vt 1.610281 0.401465
vt 1.651123 0.401836
vt 1.650586 0.393643
vt 1.610446 0.405066
vt 1.650957 0.405242
vt 0.810790 0.289143
vt 0.811010 0.308529
vt 0.828303 0.308350
vt 0.828107 0.288928
vt 0.811197 0.324324
vt 0.828411 0.324168
vt 0.876572 0.495183
vt 0.876497 0.465763
vt 0.890068 0.465729
vt 0.890143 0.495148
vt 0.976450 0.086444
vt 0.965356 0.086365
vt 0.933282 0.281278
vt 0.933572 0.302306
vt 0.945967 0.301743
vt 0.945347 0.281572
vt 0.723424 0.372313
vt 0.742658 0.372026
vt 0.742141 0.336058
vt 0.722915 0.336354
vt 0.722779 0.325555
vt 0.741984 0.325254
vt 0.741750 0.309453
vt 0.722432 0.309738
vt 0.741522 0.290071
vt 0.722149 0.277102
vt 0.862955 0.308115
vt 0.863106 0.268243
vt 0.863005 0.324007
vt 0.828495 0.370941
vt 0.863099 0.370843
vt 0.863026 0.334843
vt 0.828428 0.334970
vt 0.899391 0.308341
vt 0.899103 0.284322
vt 0.899317 0.324246
vt 0.899404 0.370864
vt 0.899344 0.334974
vt 0.906520 0.301689
vt 0.915882 0.302337
vt 0.917194 0.281720
vt 0.906626 0.288360
vt 0.915278 0.325503
vt 0.915375 0.310031
vt 0.945709 0.465588
vt 0.957922 0.465557
vt 0.957997 0.494976
vt 0.945783 0.495007
vt 0.984207 0.086302
vt 0.948519 0.086153
vt 0.906433 0.085361
vt 0.882176 0.085253
vt 0.873668 0.085173
vt 0.783921 0.011164
vt 0.788683 0.011397
vt 0.765212 0.011719
vt 0.752860 0.010979
vt 0.743366 0.011083
vt 0.725361 0.010653
vt 0.704256 0.009674
vt 0.691710 0.009915
vt 0.665152 0.012933
vt 0.969664 0.014982
vt 0.995773 0.016826
vt 0.957872 0.015435
vt 0.592262 0.299580
vt 0.598560 0.281536
vt 0.584452 0.278609
vt 0.578673 0.294787
vt 0.961918 0.229391
vt 0.962476 0.274483
vt 0.990685 0.274013
vt 0.990098 0.229207
vt 0.963278 0.307785
vt 0.991638 0.306730
vt 0.982223 0.330804
vt 0.982233 0.336813
vt 0.994078 0.336759
vt 0.993834 0.330365
vt 0.595269 0.265851
vt 0.581041 0.264747
vt 0.679265 0.249871
vt 0.684068 0.266397
vt 0.697820 0.264224
vt 0.693400 0.248049
vt 0.589286 0.242380
vt 0.575871 0.241230
vt 0.681879 0.230842
vt 0.694859 0.230856
vt 0.657072 0.142642
vt 0.687624 0.155901
vt 0.690863 0.142992
vt 0.663081 0.131492
vt 0.691382 0.161169
vt 0.687964 0.179614
vt 0.701196 0.181250
vt 0.703864 0.164627
vt 0.686413 0.192231
vt 0.699365 0.193702
vt 0.684924 0.199759
vt 0.698138 0.201381
vt 0.682811 0.213279
vt 0.696085 0.214396
vt 0.587103 0.212103
vt 0.585300 0.194549
vt 0.571016 0.194780
vt 0.573334 0.211896
vt 0.982408 0.348662
vt 0.993329 0.349927
vt 0.743625 0.466105
vt 0.822214 0.465901
vt 0.807135 0.465939
vt 0.917210 0.465660
vt 0.796184 0.084209
vt 0.757378 0.083005
vt 0.827303 0.084451
vt 0.843250 0.084514
vt 0.867568 0.085085
vt 0.847636 0.011084
vt 0.863726 0.011499
vt 0.814701 0.011906
vt 0.795685 0.010894
vt 0.896173 0.012513
vt 0.911996 0.013074
vt 0.668965 0.408714
vt 0.674784 0.401956
vt 0.687275 0.400883
vt 0.684084 0.413926
vt 0.792372 0.421751
vt 0.792317 0.443856
vt 0.762195 0.443932
vt 0.762139 0.421828
vt 0.792484 0.465976
vt 0.762251 0.466053
vt 1.674784 0.401956
vt 1.668965 0.408714
vt 1.684084 0.413926
vt 1.687275 0.400883
vt 0.568538 0.386318
vt 0.567677 0.390600
vt 0.548721 0.383684
vt 0.549706 0.379304
vt 0.566565 0.404277
vt 0.547055 0.395188
vt 0.545592 0.399275
vt 0.565164 0.406400
vt 0.582300 0.444396
vt 0.544356 0.444493
vt 0.544293 0.419720
vt 0.582236 0.419252
vt 0.582363 0.469541
vt 0.544419 0.469265
vt 1.547055 0.395188
vt 1.545592 0.399275
vt 1.565164 0.406400
vt 1.566565 0.404277
vt 1.567677 0.390600
vt 1.548721 0.383684
vt 1.568538 0.386318
vt 1.549706 0.379304
vt 0.621043 0.372074
vt 0.592047 0.372030
vt 0.592076 0.353044
vt 0.621072 0.353088
vt 0.592105 0.334069
vt 0.621101 0.334113
vt 0.576959 0.393918
vt 0.579643 0.404692
vt 0.601150 0.418944
vt 0.601214 0.444349
vt 0.601278 0.469754
vt 1.579643 0.404692
vt 1.576959 0.393918
vt 1.906287 0.208615
vt 1.933034 0.234164
vt 1.914256 0.239529
vt 1.894223 0.219712
vt 1.881810 0.203019
vt 1.881935 0.212164
vt 1.863014 0.203373
vt 1.863137 0.212530
vt 1.835433 0.196028
vt 1.835558 0.205171
vt 1.828274 0.196135
vt 1.828398 0.205278
vt 1.818452 0.201801
vt 1.818362 0.195163
vt 1.791091 0.209976
vt 1.791009 0.203336
vt 1.741752 0.210596
vt 1.741680 0.203959
vt 1.722239 0.224199
vt 1.721388 0.217570
vt 1.702846 0.230799
vt 1.708220 0.219963
vt 0.722233 0.224222
vt 0.721374 0.217596
vt 0.708203 0.219994
vt 0.702834 0.230827
vt 0.741734 0.210624
vt 0.741657 0.203985
vt 0.791117 0.209996
vt 0.791026 0.203356
vt 0.818511 0.201788
vt 0.818410 0.195149
vt 0.828480 0.205255
vt 0.828343 0.196108
vt 0.835515 0.195993
vt 0.835654 0.205141
vt 0.863167 0.203323
vt 0.863290 0.212473
vt 0.882022 0.203048
vt 0.882132 0.212200
vt 0.906533 0.208784
vt 0.894432 0.219813
vt 0.933183 0.234544
vt 0.914398 0.239833
vt 0.914624 0.274229
vt 0.933464 0.273561
vt 0.934442 0.325574
vt 0.934050 0.310067
vt 0.915716 0.372335
vt 0.934336 0.372278
vt 0.934262 0.336324
vt 0.915528 0.336354
vt 0.972496 0.465520
vt 0.972440 0.443399
vt 0.972384 0.421295
vt 1.916251 0.371919
vt 1.915809 0.335949
vt 1.934528 0.335784
vt 1.934865 0.371728
vt 1.934266 0.309517
vt 1.934610 0.325037
vt 1.914581 0.273771
vt 1.933429 0.273071
vt 1.720463 0.374757
vt 1.720761 0.382025
vt 1.732517 0.383137
vt 1.733813 0.376444
vt 1.682245 0.279917
vt 1.671616 0.299893
vt 1.664665 0.294563
vt 1.659604 0.312761
vt 1.654045 0.306314
vt 1.643021 0.323092
vt 1.639371 0.315116
vt 1.625862 0.324357
vt 1.624270 0.316003
vt 1.589934 0.315468
vt 1.579175 0.324462
vt 1.561071 0.321381
vt 1.571311 0.304908
vt 1.583408 0.325084
vt 1.592644 0.316233
vt 0.639371 0.315116
vt 0.643021 0.323092
vt 0.659604 0.312761
vt 0.654045 0.306314
vt 0.624269 0.316003
vt 0.625862 0.324357
vt 0.592644 0.316233
vt 0.583408 0.325084
vt 0.671616 0.299893
vt 0.664664 0.294563
vt 0.579175 0.324462
vt 0.589934 0.315468
vt 0.571311 0.304908
vt 0.561070 0.321381
vt 0.682245 0.279917
vt 1.602814 0.306039
vt 0.694856 0.374601
vt 0.714056 0.369660
vt 0.680543 0.378123
vt 0.663431 0.384789
vt 0.609582 0.389187
vt 0.650199 0.389333
vt 0.602814 0.306039
vt 1.714056 0.369660
vt 1.694856 0.374601
vt 1.680543 0.378123
vt 1.663431 0.384789
vt 1.650199 0.389333
vt 1.609582 0.389187
vt 0.577034 0.389532
vt 1.577034 0.389532
vt 0.577593 0.372009
vt 0.577621 0.353022
vt 0.577650 0.334047
vt 0.697716 0.390820
vt 0.684554 0.392609
vt 0.683310 0.389918
vt 0.669757 0.399675
vt 0.666921 0.397354
vt 0.660007 0.406209
vt 0.653199 0.404987
vt 1.684554 0.392609
vt 1.683310 0.389918
vt 1.666921 0.397354
vt 1.669757 0.399675
vt 1.653199 0.404987
vt 1.660007 0.406209
vt 0.689439 0.396864
vt 1.703182 0.278427
vt 1.697716 0.390820
vt 1.689439 0.396864
vt 0.703171 0.278425
vt 1.811422 0.335178
vt 1.811904 0.371117
vt 0.811867 0.371069
vt 0.811356 0.335118
vt 1.703525 0.310139
vt 1.704157 0.326039
vt 0.792186 0.392332
vt 0.806948 0.392295
vt 0.792448 0.495396
vt 0.807209 0.495358
vt 0.703500 0.310128
vt 0.704080 0.325980
vt 0.683234 0.279305
vt 0.698917 0.275337
vt 1.683234 0.279305
vt 0.733813 0.376444
vt 0.732517 0.383137
vt 1.646305 0.169491
vt 1.650062 0.144690
vt 1.621318 0.184340
vt 1.590085 0.188088
vt 0.650062 0.144690
vt 0.646304 0.169491
vt 0.621317 0.184340
vt 0.590085 0.188088
vt 0.964835 0.070608
vt 0.953493 0.070201
vt 0.868213 0.394573
vt 0.897992 0.394498
vt 1.945325 0.335671
vt 0.905798 0.070015
vt 0.895040 0.071654
vt 0.993560 0.068522
vt 0.691612 0.066359
vt 0.665670 0.062899
vt 0.701600 0.065613
vt 0.937424 0.394398
vt 0.965846 0.394326
vt 0.975482 0.142340
vt 0.977574 0.143765
vt 0.983029 0.143960
vt 0.744304 0.065027
vt 0.725014 0.064550
vt 0.753574 0.065881
vt 0.766549 0.065071
vt 0.786400 0.066036
vt 0.791342 0.065376
vt 0.797707 0.067184
vt 0.817545 0.065400
vt 0.850344 0.067678
vt 0.861646 0.069840
vt 1.692704 0.310858
vt 1.690652 0.279520
vt 1.693384 0.326572
vt 1.695129 0.362486
vt 1.712159 0.336496
vt 0.955308 0.010725
vt 0.966574 0.011082
vt 0.868462 0.492769
vt 0.898240 0.492694
vt 0.945063 0.336289
vt 0.897198 0.005564
vt 0.907774 0.007851
vt 0.994411 0.014157
vt 0.664725 0.009961
vt 0.692109 0.005808
vt 0.702301 0.006823
vt 0.966095 0.492522
vt 0.937673 0.492594
vt 0.983903 0.077048
vt 0.978454 0.077078
vt 0.976330 0.078450
vt 0.852014 0.006551
vt 0.863631 0.005017
vt 0.817870 0.007803
vt 0.797763 0.005900
vt 0.791320 0.007767
vt 0.786340 0.007114
vt 0.766491 0.008198
vt 0.753734 0.007349
vt 0.744502 0.008157
vt 0.725396 0.008308
vt 0.693306 0.326542
vt 0.694978 0.362424
vt 0.712115 0.336515
vt 0.692671 0.310825
vt 1.697820 0.264224
vt 1.698918 0.275337
vt 1.963663 0.323135
vt 1.977011 0.318154
vt 1.976484 0.330435
vt 1.992446 0.316930
vt 0.963513 0.323625
vt 0.976316 0.330968
vt 0.976924 0.318679
vt 0.992444 0.317472
vt 1.992331 0.355395
vt 1.976593 0.352218
vt 0.976304 0.352711
vt 0.991846 0.356131
vt 0.993679 0.135794
vt 0.992967 0.146660
vt 0.690637 0.279509
vt 0.994318 0.110666
vt 0.994315 0.085503
vt 0.993907 0.074621
vt 0.545261 0.381332
vt 0.541704 0.391865
vt 0.535922 0.381599
vt 0.543215 0.380057
vt 0.538768 0.391670
vt 0.533228 0.383713
vt 0.544403 0.377599
vt 0.540497 0.377497
vt 0.628415 0.353099
vt 0.628444 0.334124
vt 0.632224 0.337238
vt 0.632200 0.353106
vt 0.534684 0.419744
vt 0.534747 0.444517
vt 0.519442 0.444556
vt 0.519389 0.423839
vt 0.628386 0.372085
vt 0.632177 0.368985
vt 0.534810 0.469290
vt 0.519494 0.465273
vt 1.538768 0.391670
vt 1.541704 0.391865
vt 1.535922 0.381599
vt 1.533228 0.383713
vt 1.545260 0.381332
vt 1.543215 0.380057
vt 1.544403 0.377599
vt 1.540497 0.377497
vt 1.580330 0.408648
vt 0.535459 0.371945
vt 0.542081 0.352968
vt 0.535517 0.333983
vt 0.580330 0.408648
vt 0.577487 0.408995
vt 0.568426 0.409522
vt 0.577487 0.408995
vt 0.565934 0.407253
vt 1.579643 0.404692
vt 1.577487 0.408995
vt 1.568426 0.409522
vt 1.565934 0.407253
vt 0.541739 0.396709
vt 0.540717 0.394429
vt 0.539408 0.392380
vt 0.541815 0.392855
vt 1.541739 0.396709
vt 1.540717 0.394429
vt 1.541815 0.392855
vt 1.539408 0.392380
vt 1.902932 0.286154
vt 1.903423 0.304234
vt 1.915807 0.277438
vt 1.915726 0.305961
vt 1.933334 0.276694
vt 1.934022 0.305855
vt 0.915582 0.306369
vt 0.903296 0.304550
vt 0.902903 0.286472
vt 0.915840 0.277890
vt 0.933806 0.306381
vt 0.933386 0.277196
vt 1.948719 0.278020
vt 1.949300 0.303748
vt 0.949059 0.304273
vt 0.948615 0.278532
vt 0.990102 0.363919
vt 0.990399 0.362126
vt 0.963895 0.358139
vt 0.962514 0.359698
vt 1.990911 0.361433
vt 1.990625 0.363229
vt 1.962833 0.359311
vt 1.964206 0.357741
vt 0.954025 0.323613
vt 0.952233 0.323938
vt 1.952406 0.323463
vt 1.954193 0.323135
vt 0.756994 0.139918
vt 0.757503 0.141463
vt 0.795172 0.141277
vt 0.795208 0.139748
vt 1.950406 0.229468
vt 1.952216 0.228915
vt 1.953026 0.274006
vt 1.951220 0.274001
vt 1.953805 0.307556
vt 1.951991 0.307636
vt 0.964518 0.142279
vt 0.964470 0.143823
vt 0.947812 0.142044
vt 0.947752 0.143581
vt 0.905826 0.141864
vt 0.905781 0.143407
vt 0.826167 0.142130
vt 0.826260 0.140594
vt 0.842389 0.142639
vt 0.842438 0.141094
vt 0.866784 0.142631
vt 0.866844 0.141093
vt 0.881342 0.141318
vt 0.881315 0.142853
vt 0.872843 0.142730
vt 0.872877 0.141191
vt 0.952965 0.274529
vt 0.951158 0.274521
vt 0.951865 0.308118
vt 0.953642 0.308044
vt 0.952376 0.229386
vt 0.950565 0.229929
vt 0.758379 0.073331
vt 0.757821 0.074860
vt 0.796384 0.076167
vt 0.796390 0.074638
vt 0.965357 0.078261
vt 0.965344 0.076715
vt 0.948666 0.076550
vt 0.948690 0.078089
vt 0.906530 0.075671
vt 0.906536 0.077214
vt 0.827242 0.076319
vt 0.827198 0.074781
vt 0.843318 0.076346
vt 0.843317 0.074800
vt 0.867733 0.077031
vt 0.867713 0.075492
vt 0.882184 0.075611
vt 0.882174 0.077149
vt 0.873734 0.077079
vt 0.873738 0.075547
vt 0.972310 0.391876
vt 0.985881 0.391841
vt 0.985955 0.421261
vt 1.711173 0.214285
vt 1.723753 0.205631
vt 1.741853 0.198597
vt 1.917773 0.198776
vt 1.881622 0.195155
vt 1.862725 0.195509
vt 1.791119 0.197974
vt 1.835146 0.188167
vt 1.818552 0.189775
vt 1.828254 0.188268
vt 0.986012 0.443365
vt 0.972571 0.494939
vt 0.986068 0.465485
vt 0.986143 0.494905
vt 0.723724 0.205662
vt 0.711152 0.214318
vt 0.741823 0.198623
vt 0.918071 0.199005
vt 0.881854 0.195179
vt 0.862880 0.195460
vt 0.791127 0.197993
vt 0.835215 0.188129
vt 0.818589 0.189761
vt 0.828308 0.188240
vn 0.998583 0.007072 -0.052741
vn 0.999027 -0.000386 -0.044113
vn 0.996701 -0.001307 -0.081155
vn 0.999847 0.012929 -0.011763
vn 0.999252 -0.013269 0.036336
vn 0.999221 -0.007353 0.038767
vn 0.996714 -0.080551 0.008564
vn 0.996714 -0.080551 0.008564
vn 0.999908 0.000372 -0.013572
vn 0.999908 0.000372 -0.013572
vn -0.993272 0.036410 -0.109930
vn -0.996901 0.053393 -0.057773
vn -0.991288 0.005126 -0.131613
vn -0.997899 0.000029 -0.064790
vn -0.999480 0.031406 -0.007313
vn -0.999218 0.039483 -0.002243
vn -0.996000 -0.061097 -0.065209
vn -0.995999 -0.061097 -0.065208
vn -0.999982 -0.004596 -0.003921
vn -0.999982 -0.004596 -0.003921
vn 0.013913 0.809258 -0.587288
vn 0.026083 0.725746 -0.687469
vn 0.004210 0.723053 -0.690779
vn -0.052386 0.810260 -0.583725
vn -0.004943 -0.636629 0.771154
vn -0.000647 -0.619024 0.785372
vn -0.000648 -0.619251 0.785193
vn -0.008680 -0.638127 0.769883
vn -0.000000 -0.961708 0.274077
vn -0.000000 -0.965955 0.258712
vn -0.000000 -0.965887 0.258963
vn -0.000000 -0.961708 0.274077
vn -0.000000 -0.970127 0.242600
vn -0.000000 -0.970127 0.242599
vn -0.007122 -0.650305 0.759640
vn -0.005799 -0.656805 0.754038
vn 0.032033 0.669532 -0.742092
vn 0.035012 0.670821 -0.740793
vn -0.249442 0.714881 0.653241
vn -0.254484 0.713640 0.652653
vn -0.486713 0.627718 0.607520
vn -0.486254 0.627952 0.607646
vn 0.005693 -0.702495 0.711666
vn 0.071522 -0.700725 0.709837
vn 0.029059 0.686998 -0.726078
vn 0.040680 0.675678 -0.736074
vn -0.761237 0.451720 0.465261
vn -0.761576 0.451439 0.464978
vn 0.081332 -0.700072 0.709425
vn 0.032112 -0.701483 0.711962
vn 0.553469 -0.600125 -0.577513
vn 0.553469 -0.600125 -0.577513
vn 0.749393 -0.474306 -0.462001
vn 0.746309 -0.476858 -0.464360
vn 0.045806 0.680246 -0.731551
vn 0.045976 0.676555 -0.734955
vn 0.080313 0.804673 -0.588261
vn 0.047817 0.720018 -0.692306
vn 0.026253 0.670389 -0.741546
vn 0.012948 0.698333 -0.715656
vn -0.064326 0.743701 0.665411
vn -0.081128 0.742985 0.664373
vn 0.005398 -0.702931 0.711237
vn -0.001239 -0.649156 0.760654
vn -0.001370 -0.635639 0.771985
vn -0.000647 -0.618808 0.785542
vn 0.000000 -0.961708 0.274077
vn -0.000000 -0.965686 0.259714
vn -0.000000 -0.970127 0.242600
vn -0.669370 -0.564647 -0.482823
vn -0.669370 -0.564647 -0.482823
vn -0.669370 -0.564647 -0.482823
vn -0.669370 -0.564647 -0.482823
vn -0.023698 0.698364 -0.715351
vn -0.242157 0.690305 -0.681791
vn -0.242158 0.690305 -0.681791
vn -0.035514 0.698801 -0.714434
vn 0.028188 0.745308 0.666125
vn 0.236054 0.736661 0.633726
vn 0.236054 0.736661 0.633726
vn 0.022254 0.745070 0.666615
vn -0.276174 -0.677428 0.681776
vn -0.682577 -0.505061 0.528206
vn -0.670235 -0.513387 0.535929
vn -0.276174 -0.677428 0.681776
vn -0.999718 0.004716 0.023266
vn -0.999718 0.004716 0.023266
vn -0.999718 0.004716 0.023266
vn -0.999718 0.004716 0.023266
vn -0.150307 -0.733067 -0.663341
vn -0.150307 -0.733067 -0.663341
vn -0.150307 -0.733067 -0.663341
vn -0.150307 -0.733067 -0.663341
vn -0.694425 -0.496808 0.520535
vn -0.694425 -0.496808 0.520535
vn 0.421056 0.883075 -0.207099
vn 0.421056 0.883075 -0.207099
vn 0.421056 0.883075 -0.207099
vn 0.421056 0.883075 -0.207099
vn -0.983618 0.124577 0.130294
vn -0.863841 0.349995 0.362329
vn -0.865971 0.347437 0.359697
vn -0.983618 0.124577 0.130294
vn 0.346131 -0.290593 0.892048
vn 0.346131 -0.290593 0.892048
vn 0.346131 -0.290593 0.892048
vn 0.346131 -0.290593 0.892048
vn 0.993147 -0.084174 -0.081084
vn 0.885149 -0.331240 -0.326789
vn 0.883242 -0.333799 -0.329336
vn 0.993147 -0.084174 -0.081084
vn 0.343595 0.668792 0.659287
vn 0.343595 0.668792 0.659287
vn 0.343595 0.668792 0.659287
vn 0.343595 0.668792 0.659287
vn 0.004392 -0.701527 0.712629
vn 0.004392 -0.701527 0.712629
vn 0.045680 0.682938 -0.729047
vn 0.045680 0.682938 -0.729047
vn 1.000000 -0.000000 0.000000
vn 1.000000 -0.000000 0.000000
vn 1.000000 -0.000000 0.000000
vn 1.000000 -0.000000 0.000000
vn 1.000000 -0.000000 0.000000
vn 1.000000 -0.000000 0.000000
vn 1.000000 0.000000 -0.000000
vn 1.000000 0.000000 -0.000000
vn 1.000000 -0.000000 -0.000000
vn 1.000000 -0.000000 -0.000000
vn 1.000000 0.000000 0.000000
vn 1.000000 0.000000 0.000000
vn 1.000000 0.000000 0.000000
vn 1.000000 -0.000000 0.000000
vn 1.000000 -0.000000 0.000000
vn 1.000000 -0.000000 0.000000
vn 0.000000 0.999992 -0.004067
vn 0.000000 0.999996 -0.002720
vn 0.001538 0.999995 -0.002708
vn 0.001537 0.999267 -0.038241
vn 1.000000 0.000001 -0.000000
vn 1.000000 0.000001 0.000000
vn 0.996673 -0.003773 -0.081413
vn 0.997802 0.010270 -0.065461
vn 1.000000 0.000000 -0.000000
vn 1.000000 0.000000 -0.000000
vn 1.000000 0.000000 0.000000
vn 1.000000 0.000000 0.000000
vn 1.000000 0.000000 0.000000
vn 1.000000 -0.000000 0.000000
vn 1.000000 -0.000000 0.000000
vn 1.000000 0.000000 0.000000
vn 0.000326 -0.998270 0.058790
vn 0.000326 -0.998270 0.058790
vn -0.000000 -0.991667 -0.128831
vn 0.000002 -0.998271 0.058788
vn 0.007430 0.999969 -0.002641
vn 0.006546 0.988512 -0.151001
vn 1.000000 0.000000 0.000000
vn 0.991765 -0.128074 0.000000
vn 0.998347 -0.056058 0.012658
vn 1.000000 0.000000 0.000000
vn 0.995618 0.093510 -0.000000
vn 0.991715 0.128456 -0.000000
vn 0.957746 0.287617 -0.000000
vn 0.957746 0.287617 -0.000000
vn 0.000000 -0.700235 0.713912
vn 0.000000 -0.899507 0.436906
vn 0.000000 -0.899507 0.436906
vn 0.000000 -0.697764 0.716327
vn 1.000000 0.000000 0.000000
vn 1.000000 0.000000 0.000000
vn 1.000000 0.000000 0.000000
vn 1.000000 0.000000 0.000000
vn 1.000000 0.000000 -0.000000
vn 1.000000 0.000000 -0.000000
vn 1.000000 0.000000 -0.000000
vn 1.000000 0.000000 -0.000000
vn 0.987633 0.156782 -0.000000
vn 0.999597 0.014191 -0.024570
vn 1.000000 0.000000 -0.000000
vn 1.000000 0.000000 -0.000000
vn 0.991765 -0.004150 -0.128001
vn 0.997973 -0.061189 -0.017486
vn 1.000000 -0.000000 0.000000
vn 1.000000 0.000000 0.000000
vn 1.000000 0.000000 0.000000
vn 1.000000 -0.000000 0.000000
vn 1.000000 -0.000000 0.000000
vn 1.000000 -0.000000 0.000000
vn 1.000000 -0.000000 0.000000
vn 1.000000 -0.000000 0.000000
vn 1.000000 0.000000 0.000000
vn 0.992660 0.120937 0.000000
vn 1.000000 0.000000 0.000000
vn 1.000000 0.000000 0.000000
vn 1.000000 0.000000 0.000000
vn 1.000000 0.000000 0.000000
vn 1.000000 0.000000 0.000000
vn 1.000000 0.000000 0.000000
vn 1.000000 0.000000 0.000000
vn 0.988510 0.151157 0.000000
vn 0.957746 0.287617 0.000000
vn 0.957746 0.287617 0.000000
vn 0.000000 -0.460288 0.887770
vn -0.000069 -0.460285 0.887771
vn 0.000000 -0.994786 0.101982
vn 0.000000 -0.994786 0.101982
vn -0.000000 -0.994929 0.100575
vn 0.000000 -0.994930 0.100575
vn 0.000000 -0.971286 0.237914
vn -0.000000 -0.971286 0.237914
vn -0.000000 -0.996706 0.081096
vn -0.000000 -0.996706 0.081096
vn 0.000000 0.979526 0.201317
vn 0.000000 0.981566 0.191121
vn 0.000000 0.981566 0.191121
vn 0.000000 0.979526 0.201316
vn -0.000000 1.000000 0.000011
vn 0.000000 0.988362 0.152120
vn -0.000000 0.988362 0.152119
vn -0.000000 1.000000 0.000011
vn 0.000000 0.777953 0.628323
vn -0.000000 0.862712 0.505695
vn -0.000000 0.862712 0.505695
vn 0.000000 0.777953 0.628323
vn 0.000000 0.726985 0.686654
vn 0.000000 0.726985 0.686654
vn 0.000000 0.000000 1.000000
vn 0.000000 0.000000 1.000000
vn 0.000000 0.000000 1.000000
vn 0.000000 0.000000 1.000000
vn 0.000000 -0.874336 0.485321
vn 0.000000 -0.874336 0.485321
vn 0.000000 -0.874336 0.485321
vn 0.000000 -0.874336 0.485321
vn -0.000000 -0.922161 -0.386806
vn -0.000000 -0.922161 -0.386806
vn 0.000000 -0.922161 -0.386806
vn 0.000000 -0.922161 -0.386806
vn 0.000000 -0.943288 0.331977
vn 0.000000 -0.885383 0.464863
vn -0.000000 -0.885383 0.464863
vn -0.000000 -0.943288 0.331977
vn -0.000000 -1.000000 0.000000
vn 0.000000 -1.000000 0.000000
vn 0.262690 -0.049498 0.963610
vn 0.262690 -0.049498 0.963610
vn 0.411949 -0.046745 0.910007
vn 0.408902 -0.046815 0.911377
vn -0.000000 -0.000000 -1.000000
vn -0.000000 -0.000000 -1.000000
vn -0.000001 0.000000 -1.000000
vn -0.000001 0.000000 -1.000000
vn -0.000000 0.000002 -1.000000
vn -0.000519 0.001427 -0.999999
vn 0.000000 0.323731 -0.946149
vn 0.000000 -0.000002 -1.000000
vn 0.000000 -0.000002 -1.000000
vn 0.000000 0.337401 -0.941361
vn 0.000000 0.703726 0.710471
vn -0.000000 0.691309 0.722559
vn 0.358386 0.647075 0.672944
vn 0.385540 0.649322 0.655545
vn 0.000000 -0.305012 -0.952349
vn 0.000001 -0.369677 -0.929161
vn 0.000002 -0.369676 -0.929161
vn 0.000000 0.551559 0.834136
vn 0.363469 0.530706 0.765664
vn -0.000000 -0.275562 -0.961283
vn -0.000000 -0.302312 -0.953209
vn 0.000000 -0.275158 -0.961399
vn -0.000000 -0.994858 0.101282
vn -0.000000 -0.994858 0.101282
vn 0.000000 -0.994858 0.101282
vn 0.000000 -0.994858 0.101282
vn -0.000000 -0.384542 -0.923108
vn 0.000000 -0.368030 -0.929814
vn 0.000000 -0.368030 -0.929814
vn -0.000000 -0.384542 -0.923108
vn 0.000000 -0.326125 -0.945327
vn 0.000000 -0.326125 -0.945327
vn -0.000000 -0.273256 -0.961941
vn -0.000000 -0.273256 -0.961941
vn -0.000000 -0.292712 -0.956201
vn -0.000000 -0.292712 -0.956201
vn -0.000000 0.412250 0.911071
vn 0.000000 0.341918 0.939730
vn 0.347534 0.320605 0.881154
vn 0.371535 0.389226 0.842891
vn 0.000000 -0.000003 -1.000000
vn 0.000000 -0.000003 -1.000000
vn 0.000000 1.000000 -0.000000
vn -0.000000 1.000000 0.000000
vn 0.000001 1.000000 0.000000
vn 0.000001 1.000000 -0.000000
vn 0.000001 1.000000 0.000000
vn 0.000000 1.000000 0.000000
vn -0.000000 1.000000 0.000000
vn 0.000000 1.000000 0.000000
vn 0.000001 1.000000 0.000000
vn 0.000001 1.000000 0.000000
vn 0.000000 1.000000 0.000000
vn 0.000001 1.000000 0.000000
vn 0.000000 1.000000 -0.000000
vn 0.000001 1.000000 -0.000000
vn 0.000001 1.000000 -0.000000
vn 0.000000 1.000000 -0.000000
vn 0.000000 -0.716697 -0.697384
vn 0.000000 -0.716697 -0.697384
vn 0.000000 -0.716697 -0.697384
vn 0.000000 -0.716697 -0.697384
vn 0.000000 -0.996957 -0.077949
vn 0.000000 -0.993059 -0.117621
vn 0.000000 -0.993059 -0.117621
vn -0.000000 -0.996957 -0.077949
vn -0.000000 -0.986189 -0.165624
vn -0.000000 -0.986189 -0.165624
vn -0.000000 -0.975764 -0.218827
vn -0.000000 -0.975764 -0.218827
vn -0.000000 0.848852 -0.528631
vn -0.000000 0.848852 -0.528631
vn -0.000000 0.848852 -0.528631
vn -0.000000 0.848852 -0.528631
vn -0.000000 0.995736 -0.092247
vn -0.000000 1.000000 0.000007
vn -0.000000 1.000000 0.000007
vn -0.000000 0.995736 -0.092247
vn -0.000000 0.968042 -0.250789
vn -0.000000 0.968042 -0.250789
vn 0.000000 0.948055 0.318108
vn 0.000000 0.948054 0.318108
vn 0.000000 -0.846082 -0.533053
vn 0.000000 -0.846082 -0.533053
vn 0.000000 -0.846082 -0.533053
vn 0.000000 -0.846082 -0.533053
vn 0.000000 0.015731 -0.999876
vn 0.000000 0.015731 -0.999876
vn 0.000000 0.015731 -0.999876
vn 0.000000 0.015731 -0.999876
vn -1.000000 0.000000 0.000000
vn -1.000000 -0.000000 0.000000
vn -1.000000 -0.000000 0.000000
vn -1.000000 0.000000 -0.000000
vn -1.000000 -0.000000 0.000000
vn -1.000000 -0.000000 0.000000
vn -1.000000 0.000000 -0.000000
vn -1.000000 -0.000000 -0.000000
vn -1.000000 0.000000 -0.000000
vn -1.000000 0.000000 -0.000000
vn -1.000000 0.000000 -0.000000
vn -1.000000 0.000000 -0.000000
vn -1.000000 0.000000 -0.000000
vn -1.000000 0.000000 -0.000000
vn -1.000000 0.000000 -0.000000
vn -1.000000 0.000000 -0.000000
vn -0.001387 0.999990 -0.004273
vn -0.001539 0.999995 -0.002709
vn -1.000000 0.000001 0.000000
vn -0.997802 0.010270 -0.065461
vn -0.996673 -0.003773 -0.081413
vn -1.000000 0.000001 0.000000
vn -1.000000 -0.000000 0.000000
vn -1.000000 -0.000000 0.000000
vn -1.000000 0.000000 0.000000
vn -1.000000 0.000000 0.000000
vn -1.000000 0.000000 0.000000
vn -1.000000 0.000000 0.000000
vn -1.000000 0.000000 0.000000
vn -1.000000 0.000000 0.000000
vn -0.007423 0.999969 -0.002644
vn -0.007556 0.999960 -0.004715
vn -0.991765 -0.128074 0.000000
vn -1.000000 -0.000000 0.000000
vn -1.000000 0.000000 0.000000
vn -0.998347 -0.056058 0.012658
vn -0.995618 0.093510 0.000000
vn -0.991715 0.128456 0.000000
vn -0.957746 0.287617 0.000000
vn -0.957746 0.287617 0.000000
vn 0.000000 -0.697766 0.716326
vn 0.000000 -0.899507 0.436906
vn -1.000000 -0.000000 0.000000
vn -1.000000 -0.000000 0.000000
vn -1.000000 0.000000 0.000000
vn -1.000000 0.000000 0.000000
vn -1.000000 -0.000000 0.000000
vn -1.000000 -0.000000 0.000000
vn -1.000000 -0.000000 0.000000
vn -1.000000 -0.000000 0.000000
vn -0.987633 0.156782 -0.000000
vn -1.000000 0.000000 -0.000000
vn -1.000000 -0.000000 -0.000000
vn -0.999597 0.014191 -0.024570
vn -0.997973 -0.061189 -0.017486
vn -0.991765 -0.004150 -0.128001
vn -1.000000 0.000000 -0.000000
vn -1.000000 0.000000 -0.000000
vn -1.000000 0.000000 0.000000
vn -1.000000 0.000000 0.000000
vn -1.000000 -0.000000 0.000000
vn -1.000000 -0.000000 0.000000
vn -1.000000 0.000000 0.000000
vn -1.000000 0.000000 -0.000000
vn -1.000000 0.000000 -0.000000
vn -0.992660 0.120936 0.000000
vn -1.000000 -0.000000 0.000000
vn -1.000000 -0.000000 0.000000
vn -1.000000 -0.000000 0.000000
vn -1.000000 -0.000000 0.000000
vn -1.000000 -0.000000 0.000000
vn -1.000000 -0.000000 0.000000
vn -0.988510 0.151156 0.000000
vn -1.000000 -0.000000 0.000000
vn -0.957746 0.287617 0.000000
vn -0.957746 0.287617 0.000000
vn 0.000069 -0.460284 0.887772
vn 0.000000 -0.994786 0.101982
vn 0.000000 -0.994930 0.100575
vn 0.000000 -0.971286 0.237914
vn 0.000000 -0.996706 0.081096
vn -0.000000 0.979526 0.201317
vn -0.000000 0.981567 0.191121
vn 0.000000 0.988362 0.152120
vn 0.000000 1.000000 0.000011
vn -0.000000 0.777953 0.628323
vn 0.000000 0.862712 0.505695
vn -0.000000 0.726985 0.686654
vn 0.000000 0.000000 1.000000
vn 0.000000 0.000000 1.000000
vn 0.000000 -0.874336 0.485321
vn 0.000000 -0.874336 0.485321
vn -0.000000 -0.922161 -0.386806
vn -0.000000 -0.922161 -0.386806
vn 0.000000 -0.943287 0.331977
vn 0.000001 -0.885383 0.464863
vn 0.000000 -1.000000 0.000000
vn -0.408428 -0.046826 0.911589
vn -0.411459 -0.046756 0.910228
vn -0.262690 -0.049498 0.963610
vn -0.262690 -0.049498 0.963610
vn 0.000000 -0.000000 -1.000000
vn 0.000001 -0.000000 -1.000000
vn 0.000519 0.001425 -0.999999
vn 0.000000 0.337400 -0.941361
vn 0.000000 -0.000002 -1.000000
vn -0.385044 0.649468 0.655692
vn -0.358011 0.647174 0.673048
vn -0.000001 -0.305080 -0.952327
vn -0.000001 -0.369677 -0.929160
vn -0.000000 -0.369677 -0.929161
vn -0.363125 0.530775 0.765780
vn -0.000000 -0.275113 -0.961412
vn -0.000000 -0.994858 0.101282
vn -0.000000 -0.994858 0.101282
vn 0.000000 -0.384542 -0.923108
vn -0.000000 -0.368030 -0.929814
vn -0.000000 -0.326125 -0.945327
vn 0.000000 -0.273256 -0.961941
vn 0.000000 -0.292712 -0.956201
vn -0.371188 0.389284 0.843017
vn -0.347322 0.320632 0.881228
vn 0.000000 -0.000003 -1.000000
vn -0.000001 1.000000 0.000000
vn -0.000001 1.000000 0.000000
vn -0.000000 1.000000 0.000000
vn -0.000001 1.000000 0.000000
vn -0.000001 1.000000 0.000000
vn -0.000001 1.000000 0.000000
vn -0.000001 1.000000 0.000000
vn -0.000001 1.000000 0.000000
vn 0.000000 -0.716698 -0.697384
vn 0.000000 -0.716698 -0.697384
vn 0.000000 -0.996957 -0.077949
vn 0.000000 -0.993059 -0.117621
vn 0.000000 -0.986189 -0.165624
vn 0.000000 -0.975764 -0.218827
vn 0.000000 0.848852 -0.528631
vn 0.000000 0.848852 -0.528631
vn 0.000000 0.995736 -0.092247
vn 0.000000 1.000000 0.000007
vn 0.000000 0.968042 -0.250789
vn 0.000000 0.948055 0.318107
vn 0.000000 -0.846082 -0.533053
vn 0.000000 -0.846082 -0.533053
vn 0.000000 0.015731 -0.999876
vn 0.000000 0.015731 -0.999876
vn 1.000000 -0.000008 -0.000075
vn 1.000000 -0.000002 -0.000020
vn 1.000000 0.000000 -0.000000
vn 1.000000 0.000000 -0.000000
vn 0.000001 1.000000 0.000000
vn 0.000000 1.000000 0.000000
vn 0.000000 1.000000 0.000000
vn 0.000001 1.000000 0.000000
vn -0.000001 1.000000 0.000000
vn -0.000001 1.000000 0.000000
vn -1.000000 -0.000002 -0.000020
vn -1.000000 -0.000008 -0.000075
vn -1.000000 0.000000 0.000000
vn -1.000000 -0.000000 -0.000000
vn -0.000000 -1.000000 -0.000000
vn 0.000000 -1.000000 -0.000000
vn 0.000001 -1.000000 -0.000000
vn -0.000000 -1.000000 -0.000000
vn 1.000000 0.000000 0.000000
vn 1.000000 0.000000 0.000000
vn 1.000000 0.000000 0.000000
vn 1.000000 0.000000 0.000000
vn 0.001272 0.999999 0.000006
vn 0.006538 0.999979 0.000032
vn 0.006538 0.999979 0.000032
vn 0.001111 0.999999 0.000005
vn 0.000000 1.000000 0.000000
vn 0.000000 1.000000 0.000000
vn -0.001111 0.999999 0.000005
vn -0.001272 0.999999 0.000006
vn -0.006538 0.999979 0.000032
vn -0.006538 0.999979 0.000032
vn -1.000000 0.000000 0.000000
vn -1.000000 0.000000 0.000000
vn -1.000000 0.000000 0.000000
vn -1.000000 0.000000 0.000000
vn -0.000000 -1.000000 -0.000000
vn 0.000000 -1.000000 -0.000000
vn 0.000000 -1.000000 -0.000000
vn -0.000001 -1.000000 -0.000000
vn -0.000000 -1.000000 -0.000000
vn -0.000000 -1.000000 -0.000000
vn 1.000000 0.000000 0.000000
vn 1.000000 0.000000 0.000000
vn 0.001199 0.999999 0.000007
vn 0.000000 1.000000 0.000000
vn -0.001199 0.999999 0.000007
vn -1.000000 0.000000 0.000000
vn -1.000000 0.000000 0.000000
vn 1.000000 -0.000000 0.000000
vn 1.000000 -0.000000 0.000000
vn 1.000000 0.000000 0.000000
vn 1.000000 -0.000000 0.000000
vn 1.000000 -0.000000 0.000000
vn 1.000000 0.000000 0.000000
vn 1.000000 -0.000000 0.000000
vn 1.000000 0.000000 0.000000
vn 1.000000 -0.000000 -0.000000
vn 0.988797 0.147031 0.025726
vn 1.000000 -0.000000 -0.000000
vn 0.966948 0.246726 0.064332
vn 0.981337 0.188954 -0.035695
vn 1.000000 0.000000 -0.000000
vn 0.964684 0.262998 -0.014705
vn 1.000000 -0.000000 0.000000
vn 0.987845 0.146009 -0.053330
vn 1.000000 -0.000000 -0.000000
vn 0.986311 0.010774 -0.164542
vn 0.999351 -0.034436 -0.010581
vn 0.994002 -0.104540 -0.032120
vn -0.986311 0.010774 -0.164542
vn -0.999351 -0.034436 -0.010581
vn -0.994002 -0.104539 -0.032120
vn -0.987845 0.146009 -0.053329
vn -1.000000 -0.000000 -0.000000
vn -0.964684 0.262998 -0.014705
vn -1.000000 -0.000000 0.000000
vn -0.981337 0.188954 -0.035695
vn -1.000000 -0.000000 -0.000000
vn -0.966948 0.246725 0.064332
vn -1.000000 0.000000 0.000000
vn -1.000000 -0.000000 0.000000
vn -0.988797 0.147030 0.025726
vn -1.000000 -0.000000 -0.000000
vn -1.000000 0.000000 -0.000000
vn -1.000000 -0.000000 -0.000000
vn -1.000000 0.000000 -0.000000
vn -1.000000 0.000000 -0.000000
vn -1.000000 0.000000 0.000000
vn -1.000000 0.000000 -0.000000
vn -1.000000 0.000000 0.000000
vn -1.000000 0.000000 0.000000
vn -1.000000 0.000000 -0.000000
vn -0.987880 0.155220 -0.000000
vn -0.999951 -0.009700 -0.002193
vn -1.000000 0.000000 0.000000
vn -1.000000 0.000000 0.000000
vn -1.000000 0.000000 0.000000
vn -1.000000 0.000000 0.000000
vn -0.000001 1.000000 0.000000
vn 0.000000 1.000000 0.000000
vn 0.000001 1.000000 0.000000
vn 1.000000 0.000000 0.000000
vn 1.000000 0.000000 0.000000
vn 1.000000 0.000000 0.000000
vn 1.000000 0.000000 0.000000
vn 1.000000 0.000000 -0.000000
vn 0.987882 0.155208 -0.000000
vn 1.000000 0.000000 0.000000
vn 1.000000 0.000000 0.000000
vn 0.000001 -0.991650 -0.128958
vn -0.000002 -0.998271 0.058788
vn -0.000000 -0.998271 0.058787
vn 0.000000 -0.982624 -0.185607
vn 0.913855 -0.028498 -0.405040
vn 0.913855 -0.028498 -0.405040
vn 0.928737 0.023001 -0.370025
vn 0.994218 0.007400 -0.107121
vn 0.947643 0.167425 -0.271921
vn 0.994273 0.056030 -0.091001
vn 0.949363 0.248749 -0.191920
vn 0.994876 0.080045 -0.061758
vn 0.945211 0.324412 -0.036528
vn 0.991419 0.129906 -0.014562
vn 0.156805 -0.823319 0.545488
vn 0.034318 -0.991012 0.129299
vn -0.000108 -0.993899 0.110293
vn -0.000566 -0.832686 0.553745
vn 0.942496 0.334212 -0.001864
vn 0.949793 0.312875 -0.001745
vn -0.994826 0.080437 -0.062058
vn -0.948898 0.249862 -0.192772
vn -0.947164 0.168169 -0.273130
vn -0.994217 0.056303 -0.091444
vn -0.991323 0.130623 -0.014701
vn -0.944404 0.326704 -0.036950
vn -0.949012 0.315234 -0.001939
vn -0.941532 0.336918 -0.002072
vn -0.928326 0.023289 -0.371036
vn -0.994182 0.007488 -0.107457
vn -0.034547 -0.991059 0.128873
vn -0.157785 -0.823352 0.545156
vn -0.913485 -0.028349 -0.405883
vn -0.913485 -0.028349 -0.405883
vn 1.000000 0.000001 0.000000
vn -0.000001 -0.144479 0.989508
vn -0.000001 -0.009581 0.999954
vn -0.000001 -0.009581 0.999954
vn -0.000001 -0.148117 0.988970
vn -0.000000 -0.523602 0.851963
vn -0.000000 -0.523602 0.851963
vn -0.000000 -0.793221 0.608934
vn -0.000000 -0.793221 0.608934
vn -0.000000 -0.994757 0.102266
vn -0.000000 -1.000000 -0.000000
vn -0.000000 -0.994757 0.102265
vn -0.000687 -0.682141 0.731221
vn 0.216623 -0.698817 0.681711
vn -1.000000 0.000001 0.000000
vn 0.000001 -0.009581 0.999954
vn 0.000001 -0.009581 0.999954
vn 0.000001 -0.144573 0.989494
vn 0.000001 -0.148196 0.988958
vn 0.000000 -0.523602 0.851963
vn 0.000000 -0.523602 0.851963
vn 0.000000 -0.793221 0.608934
vn 0.000000 -0.793221 0.608935
vn 0.000000 -0.994757 0.102265
vn 0.000000 -1.000000 0.000000
vn 0.000000 -0.994757 0.102266
vn -0.217481 -0.697877 0.682400
vn -0.000000 -1.000000 0.000000
vn -0.000000 -1.000000 0.000000
vn 0.000000 -1.000000 0.000000
vn 0.000000 -1.000000 0.000000
vn 0.000000 -1.000000 0.000000
vn 0.592812 0.344294 -0.728035
vn 0.544027 0.474349 -0.692119
vn 0.537005 0.490222 -0.686518
vn 0.605400 0.553493 -0.571959
vn 0.660145 0.559029 -0.501691
vn 0.733163 0.558912 -0.387414
vn 0.733163 0.558912 -0.387414
vn -0.590464 0.462810 -0.661180
vn -0.589384 0.477238 -0.651821
vn -0.710862 0.512802 -0.481362
vn -0.692308 0.514910 -0.505546
vn -0.789578 0.496322 -0.360876
vn -0.789578 0.496322 -0.360876
vn -0.000131 0.564420 -0.825488
vn 0.002991 0.514918 -0.857234
vn 0.002991 0.514918 -0.857234
vn -0.000016 0.562628 -0.826710
vn -0.000117 0.753736 -0.657177
vn -0.000099 0.754389 -0.656427
vn 1.000000 -0.000018 -0.000172
vn 1.000000 -0.000015 -0.000142
vn 0.999988 0.004918 -0.000000
vn 0.999736 0.022970 -0.000000
vn 0.999971 0.007666 -0.000000
vn -0.000092 0.573746 -0.819034
vn -0.002992 0.514918 -0.857234
vn -0.002992 0.514918 -0.857234
vn 0.000021 0.575980 -0.817464
vn -0.000020 0.753822 -0.657079
vn -0.000002 0.753294 -0.657684
vn -0.003298 0.842933 -0.538009
vn -0.003298 0.842933 -0.538009
vn -1.000000 -0.000015 -0.000142
vn -1.000000 -0.000018 -0.000172
vn -0.999988 0.004895 -0.000000
vn -0.999971 0.007631 -0.000000
vn -0.999738 0.022895 -0.000000
vn 1.000000 0.000000 0.000000
vn 1.000000 0.000000 0.000000
vn 0.000000 -1.000000 0.000000
vn -0.000000 -1.000000 0.000000
vn 0.000000 -1.000000 0.000000
vn -1.000000 0.000000 0.000000
vn -1.000000 0.000000 0.000000
vn 0.998561 0.026822 -0.046440
vn 0.979001 0.203855 0.000000
vn 0.957746 0.287617 0.000000
vn 0.957746 0.287617 0.000000
vn -0.979001 0.203856 -0.000000
vn -0.957746 0.287617 -0.000000
vn -0.957746 0.287617 -0.000000
vn -0.998561 0.026822 -0.046440
vn 0.000000 -0.896394 -0.443258
vn -0.000001 -0.896394 -0.443258
vn 0.000003 -0.896395 -0.443257
vn 0.000001 -0.896394 -0.443258
vn -0.000326 -0.998270 0.058790
vn -0.000326 -0.998270 0.058790
vn 0.558569 0.574586 0.598207
vn 0.558538 0.583726 0.589321
vn 0.587042 -0.279820 -0.759659
vn 0.590133 -0.505793 -0.629219
vn 0.588511 -0.295684 -0.752480
vn 0.562270 0.465380 0.683574
vn 0.569511 -0.233179 -0.788216
vn 0.569608 -0.232914 -0.788225
vn 0.558538 -0.825214 0.084012
vn 0.558538 -0.825214 0.084012
vn 0.558538 -0.825214 0.084012
vn 0.558538 -0.825214 0.084012
vn 0.558538 -0.318969 -0.765698
vn 0.558618 -0.304310 -0.771584
vn 0.558618 -0.304310 -0.771584
vn 0.558538 -0.318970 -0.765698
vn 0.669675 0.172107 0.722436
vn 0.669675 0.172107 0.722436
vn 0.669675 0.172107 0.722436
vn 0.669675 0.172107 0.722436
vn 0.558686 -0.270534 -0.784016
vn 0.558686 -0.270534 -0.784016
vn 0.701514 -0.532754 0.473340
vn 0.754252 -0.432906 0.493656
vn 0.754252 -0.432906 0.493656
vn 0.702465 -0.531153 0.473728
vn 0.558580 -0.226551 -0.797911
vn 0.558581 -0.226551 -0.797911
vn 0.654412 -0.605150 0.453364
vn 0.654412 -0.605150 0.453363
vn 0.558689 -0.242724 -0.793065
vn 0.558689 -0.242724 -0.793065
vn 0.558538 0.283614 0.779486
vn 0.559214 0.347397 0.752725
vn 0.558538 -0.042552 0.828387
vn 0.558538 -0.042552 0.828387
vn 0.493382 -0.757218 0.428012
vn -0.590779 -0.505497 -0.628851
vn -0.586936 -0.280037 -0.759661
vn -0.588453 -0.295861 -0.752455
vn -0.557361 0.584283 0.589883
vn -0.557392 0.575134 0.598778
vn -0.568800 -0.233608 -0.788603
vn -0.568906 -0.233331 -0.788608
vn -0.561092 0.465830 0.684235
vn -0.669082 0.171927 0.723029
vn -0.669082 0.171927 0.723029
vn -0.669082 0.171927 0.723029
vn -0.669082 0.171927 0.723029
vn -0.557440 -0.304601 -0.772320
vn -0.557361 -0.319274 -0.766429
vn -0.557361 -0.319274 -0.766429
vn -0.557440 -0.304601 -0.772320
vn -0.557361 -0.826001 0.084092
vn -0.557361 -0.826001 0.084092
vn -0.557361 -0.826001 0.084092
vn -0.557361 -0.826001 0.084092
vn -0.754254 -0.432904 0.493655
vn -0.701113 -0.533028 0.473627
vn -0.702077 -0.531412 0.474013
vn -0.754254 -0.432904 0.493655
vn -0.557509 -0.270792 -0.784765
vn -0.557509 -0.270792 -0.784765
vn -0.653727 -0.605510 0.453871
vn -0.653727 -0.605510 0.453871
vn -0.557403 -0.226768 -0.798673
vn -0.557403 -0.226768 -0.798673
vn -0.558036 0.347730 0.753445
vn -0.557361 0.283884 0.780230
vn -0.557511 -0.242956 -0.793822
vn -0.557511 -0.242956 -0.793822
vn -0.557361 -0.042593 0.829177
vn -0.557361 -0.042593 0.829177
vn -0.493102 -0.756067 0.430365
vn 0.898780 -0.438401 0.000000
vn 0.775176 -0.576773 0.257752
vn 0.000000 -0.000001 1.000000
vn 0.000000 -0.000001 1.000000
vn 0.000000 -0.000001 1.000000
vn 0.000000 0.000000 -1.000000
vn 0.000000 0.000000 -1.000000
vn 0.000000 0.000000 -1.000000
vn 0.000000 -0.000012 1.000000
vn 0.000000 -0.000012 1.000000
vn 0.000000 -0.000012 1.000000
vn 0.000000 1.000000 0.000000
vn 0.000000 1.000000 0.000000
vn 0.000000 1.000000 0.000000
vn 0.000000 1.000000 0.000000
vn 0.961684 -0.080739 -0.262004
vn 0.913277 -0.406054 -0.032323
vn 0.719308 -0.608781 0.334636
vn 0.719308 -0.608781 0.334636
vn 0.000000 1.000000 0.000000
vn 0.000000 1.000000 0.000000
vn 0.000000 1.000000 0.000000
vn 0.000000 1.000000 0.000000
vn 0.807094 -0.540594 -0.237397
vn 0.847877 -0.524110 -0.080088
vn 0.853694 -0.518741 -0.045985
vn 0.807094 -0.540594 -0.237397
vn 0.000000 1.000000 0.000000
vn 0.000000 1.000000 0.000000
vn 0.858652 -0.443163 0.257532
vn 0.858652 -0.443163 0.257532
vn 0.000000 -0.000001 1.000000
vn 0.000000 -0.000001 1.000000
vn 0.000000 -0.000001 1.000000
vn 0.000000 0.000000 -1.000000
vn 0.000000 0.000000 -1.000000
vn 0.000000 0.000000 -1.000000
vn 0.000001 -0.668122 0.744052
vn 0.000000 -0.467006 0.884254
vn 0.003330 -0.460119 0.887851
vn 0.622972 0.556222 0.550021
vn 0.672008 0.556494 0.488589
vn 0.703155 0.554702 0.444836
vn 0.622972 0.556222 0.550021
vn 0.817058 0.555734 0.153545
vn 0.824343 0.555723 0.107847
vn 0.833289 0.547970 0.073198
vn 0.831690 0.546062 0.100539
vn 0.836676 0.532808 0.126839
vn 0.868348 0.491948 0.062921
vn 0.894051 0.447812 -0.011712
vn 0.894828 0.440951 -0.069613
vn 0.886810 0.459911 -0.045284
vn 0.958755 0.097892 -0.266845
vn 0.000000 1.000000 0.000000
vn 0.000000 1.000000 0.000000
vn 0.000000 1.000000 0.000000
vn 0.000000 1.000000 0.000000
vn 0.544473 0.000000 0.838779
vn 0.544473 0.000000 0.838779
vn 0.544473 0.000000 0.838779
vn 0.544473 0.000000 0.838779
vn 0.000000 1.000000 0.000000
vn 0.000000 1.000000 0.000000
vn -0.012385 -0.000429 0.999923
vn -0.012056 -0.000630 0.999927
vn -0.012056 -0.000630 0.999927
vn -0.012371 -0.000438 0.999923
vn -0.013088 0.000000 0.999914
vn -0.013088 -0.000000 0.999914
vn -0.013088 0.000001 0.999914
vn 0.000000 -0.000001 -1.000000
vn 0.000000 -0.000001 -1.000000
vn 0.000000 -0.000001 -1.000000
vn -0.775176 -0.576773 0.257752
vn -0.898780 -0.438401 0.000000
vn 0.000000 -0.000001 1.000000
vn 0.000000 -0.000001 1.000000
vn 0.000000 -0.000001 1.000000
vn 0.000000 0.000000 -1.000000
vn 0.000000 0.000000 -1.000000
vn 0.000000 0.000000 -1.000000
vn 0.000000 -0.000012 1.000000
vn 0.000000 -0.000012 1.000000
vn 0.000000 -0.000012 1.000000
vn 0.000000 1.000000 0.000000
vn 0.000000 1.000000 0.000000
vn 0.000000 1.000000 0.000000
vn 0.000000 1.000000 0.000000
vn -0.913277 -0.406054 -0.032323
vn -0.961684 -0.080739 -0.262003
vn -0.719308 -0.608781 0.334636
vn -0.719308 -0.608781 0.334636
vn 0.000000 1.000000 0.000000
vn 0.000000 1.000000 0.000000
vn 0.000000 1.000000 0.000000
vn 0.000000 1.000000 0.000000
vn -0.847876 -0.524110 -0.080088
vn -0.807094 -0.540594 -0.237397
vn -0.807094 -0.540594 -0.237397
vn -0.853694 -0.518741 -0.045984
vn 0.000000 1.000000 0.000000
vn 0.000000 1.000000 0.000000
vn -0.858652 -0.443164 0.257533
vn -0.858652 -0.443163 0.257533
vn 0.000000 0.000000 -1.000000
vn 0.000000 0.000000 -1.000000
vn 0.000000 0.000000 -1.000000
vn 0.000000 -0.000001 1.000000
vn 0.000000 -0.000001 1.000000
vn 0.000000 -0.000001 1.000000
vn -0.003329 -0.460118 0.887852
vn 0.000000 -0.467005 0.884255
vn 0.000000 -0.668121 0.744053
vn -0.958755 0.097892 -0.266845
vn -0.886810 0.459911 -0.045284
vn -0.894828 0.440950 -0.069613
vn -0.894051 0.447811 -0.011712
vn -0.868348 0.491948 0.062921
vn -0.836676 0.532808 0.126839
vn -0.833289 0.547970 0.073198
vn -0.831690 0.546062 0.100539
vn -0.817058 0.555735 0.153546
vn -0.824343 0.555723 0.107847
vn -0.672008 0.556494 0.488589
vn -0.703155 0.554702 0.444836
vn -0.622972 0.556222 0.550021
vn -0.622972 0.556222 0.550021
vn -0.544479 0.000000 0.838774
vn -0.544479 0.000000 0.838774
vn -0.544479 0.000000 0.838774
vn -0.544479 0.000000 0.838775
vn 0.000000 1.000000 0.000000
vn 0.000000 1.000000 0.000000
vn 0.000000 1.000000 0.000000
vn 0.000000 1.000000 0.000000
vn 0.000000 1.000000 0.000000
vn 0.000000 1.000000 0.000000
vn 0.013089 -0.000000 0.999914
vn 0.013089 0.000001 0.999914
vn 0.013089 -0.000000 0.999914
vn 0.000000 -0.000001 -1.000000
vn 0.000000 -0.000001 -1.000000
vn 0.000000 -0.000001 -1.000000
vn 0.012386 -0.000429 0.999923
vn 0.012371 -0.000438 0.999923
vn -0.000002 -0.369676 -0.929161
vn -0.000003 -0.896395 -0.443257
vn -0.009856 0.003365 -0.999946
vn -0.002802 0.093273 -0.995637
vn -0.021376 -0.004390 -0.999762
vn 0.000000 0.194998 -0.980804
vn 0.009850 0.003363 -0.999946
vn 0.021375 -0.004390 -0.999762
vn 0.002801 0.093306 -0.995634
vn -0.847253 0.007205 -0.531141
vn -0.841109 0.018559 -0.540547
vn -0.841109 0.018559 -0.540547
vn -0.853775 -0.005312 -0.520616
vn 0.000000 -0.934019 -0.357224
vn 0.000000 -0.934019 -0.357224
vn 0.000000 -0.934019 -0.357224
vn 0.000000 -0.934019 -0.357224
vn -0.855922 -0.009547 -0.517018
vn -0.855922 -0.009547 -0.517018
vn 0.841110 0.018559 -0.540546
vn 0.847253 0.007205 -0.531141
vn 0.853774 -0.005312 -0.520616
vn 0.841110 0.018559 -0.540546
vn 0.855921 -0.009547 -0.517018
vn 0.855921 -0.009547 -0.517018
vn 0.000000 -0.934019 -0.357224
vn 0.000000 -0.934019 -0.357224
vn 0.000120 -0.455397 0.890289
vn 0.005366 -0.455891 0.890020
vn 0.012056 -0.000630 0.999927
vn 0.012056 -0.000630 0.999927
vn -0.592814 0.344257 -0.728051
vn 0.000000 -0.455175 0.890402
vn -0.000119 -0.455397 0.890289
vn -0.005365 -0.455890 0.890020
vn 0.866311 -0.185643 0.463727
vn 0.866311 -0.185643 0.463727
vn 0.866311 -0.185643 0.463727
vn 0.866311 -0.185643 0.463727
vn 0.006811 0.994976 0.099884
vn 0.001327 0.998023 0.062844
vn 0.001254 0.995163 0.098230
vn 0.006811 0.994976 0.099884
vn -0.000000 -0.996670 0.081541
vn 0.000001 -0.998429 0.056026
vn 0.000001 -0.953192 0.302364
vn -0.000000 -0.953193 0.302363
vn -0.000000 -0.995173 0.098141
vn 0.000000 -0.953193 0.302363
vn 0.000000 0.998306 0.058184
vn 0.000000 0.995201 0.097857
vn 0.000000 -0.996668 0.081572
vn 0.000000 -0.953193 0.302364
vn -0.001327 0.998022 0.062844
vn -0.001254 0.995163 0.098231
vn -0.006811 0.994976 0.099884
vn -0.006811 0.994976 0.099884
vn -0.866310 -0.185643 0.463727
vn -0.866310 -0.185643 0.463727
vn -0.866310 -0.185643 0.463727
vn -0.866310 -0.185643 0.463727
vn -0.000001 -0.998429 0.056026
vn -0.000001 -0.953192 0.302365
vn 1.000000 0.000000 0.000000
vn 1.000000 0.000000 0.000000
vn -1.000000 0.000000 0.000000
vn -1.000000 0.000000 0.000000
vn -0.007251 0.999974 0.000040
vn 0.007251 0.999974 0.000040
vn 0.767824 0.640640 0.005226
vn 0.767823 0.640640 0.005226
vn 0.767824 0.640640 0.005226
vn 0.767824 0.640640 0.005226
vn 0.000000 0.000129 -1.000000
vn 0.000000 0.000129 -1.000000
vn 0.000000 0.000129 -1.000000
vn 0.000003 -0.000129 1.000000
vn 0.000003 -0.000129 1.000000
vn 0.000003 -0.000129 1.000000
vn 0.000000 0.000129 -1.000000
vn 0.000000 0.000129 -1.000000
vn 0.000000 0.000129 -1.000000
vn -0.767824 0.640640 0.005226
vn -0.767824 0.640640 0.005226
vn -0.767824 0.640640 0.005226
vn -0.767824 0.640640 0.005226
vn -0.000003 -0.000129 1.000000
vn -0.000003 -0.000129 1.000000
vn -0.000003 -0.000129 1.000000
vn 0.000000 0.000000 -1.000000
vn 0.000000 0.000000 -1.000000
vn 0.000000 0.000000 -1.000000
vn 0.000003 0.000000 1.000000
vn 0.000003 0.000000 1.000000
vn 0.000003 0.000000 1.000000
vn 0.746396 0.665502 0.000000
vn 0.746396 0.665502 0.000000
vn 0.746396 0.665502 0.000000
vn 0.746396 0.665502 0.000000
vn 0.000000 0.000000 -1.000000
vn 0.000000 0.000000 -1.000000
vn 0.000000 0.000000 -1.000000
vn -0.746397 0.665501 0.000000
vn -0.746397 0.665501 0.000000
vn -0.746397 0.665501 0.000000
vn -0.746397 0.665501 0.000000
vn -0.000003 0.000000 1.000000
vn -0.000003 0.000000 1.000000
vn -0.000003 0.000000 1.000000
vn 1.000000 -0.000000 0.000000
vn 1.000000 0.000000 0.000000
vn 1.000000 0.000000 0.000000
vn 1.000000 0.000000 0.000000
vn 1.000000 0.000001 0.000000
vn 1.000000 -0.000000 0.000000
vn -1.000000 -0.000000 0.000000
vn -1.000000 -0.000000 0.000000
vn -1.000000 0.000000 0.000000
vn -1.000000 0.000000 0.000000
vn -0.998663 -0.050422 -0.011397
vn -1.000000 0.000000 0.000000
vn 0.371391 0.928477 0.000000
vn 0.371391 0.928477 0.000000
vn 0.371391 0.928477 0.000000
vn 0.371391 0.928477 0.000000
vn 0.371401 0.000000 0.928473
vn 0.371401 0.000000 0.928473
vn 0.371401 0.000000 0.928473
vn 0.371401 0.000000 0.928473
vn 0.371392 -0.928476 0.000000
vn 0.371391 -0.928477 0.000000
vn 0.371391 -0.928477 0.000000
vn 0.371392 -0.928476 0.000000
vn 0.371389 0.000002 -0.928477
vn 0.371389 0.000002 -0.928477
vn 0.371389 0.000002 -0.928477
vn 0.371389 0.000002 -0.928477
vn 0.371392 0.794164 -0.481011
vn 0.383424 0.895865 -0.224526
vn 0.383424 0.895865 -0.224525
vn 0.371392 0.794164 -0.481011
vn 0.371391 -0.928477 0.000000
vn 0.371390 -0.928477 0.000000
vn 0.371390 -0.928477 0.000000
vn 0.371391 -0.928477 0.000000
vn -0.387504 -0.921851 -0.005594
vn -0.411391 -0.911352 -0.013967
vn -0.411391 -0.911352 -0.013967
vn -0.387803 -0.921725 -0.005698
vn -0.371390 0.928477 0.000000
vn -0.371390 0.928477 0.000000
vn -0.371390 0.928477 0.000000
vn -0.371389 0.928477 0.000000
vn -0.371390 -0.928477 0.000000
vn -0.371391 -0.928477 0.000000
vn -0.371391 -0.928477 0.000000
vn -0.371391 -0.928477 0.000000
vn -0.383424 0.895865 -0.224526
vn -0.371392 0.794164 -0.481011
vn -0.371392 0.794164 -0.481011
vn -0.383424 0.895865 -0.224525
vn -0.371388 0.000002 -0.928478
vn -0.371388 0.000002 -0.928478
vn -0.371388 0.000002 -0.928478
vn -0.371388 0.000002 -0.928478
vn -0.402205 0.006806 0.915524
vn -0.402205 0.006806 0.915524
vn -0.402205 0.006806 0.915524
vn -0.402205 0.006806 0.915524
vn -0.000000 0.707107 -0.707107
vn -0.000000 0.707107 -0.707107
vn -0.000002 0.707107 -0.707107
vn -0.000002 0.707107 -0.707107
vn 0.000001 0.707107 -0.707106
vn 0.000001 0.707107 -0.707106
vn -0.677229 0.203384 -0.707104
vn -0.677229 0.203384 -0.707104
vn -0.692284 0.144234 -0.707064
vn -0.692305 0.144146 -0.707062
vn 0.677230 0.203385 -0.707103
vn 0.677230 0.203385 -0.707103
vn 0.689192 0.143378 -0.710252
vn 0.689192 0.143378 -0.710252
vn 0.707108 -0.506780 -0.493125
vn 0.707108 -0.506780 -0.493125
vn 0.725858 -0.610014 -0.317825
vn 0.725858 -0.610015 -0.317824
vn 0.707108 0.000000 -0.707106
vn 0.707108 0.000000 -0.707106
vn 0.707109 0.000000 -0.707104
vn 0.707109 0.000000 -0.707104
vn 0.707109 0.000002 -0.707105
vn 0.707109 0.000002 -0.707105
vn 0.707107 -0.586040 0.395672
vn 0.707107 -0.586040 0.395672
vn 0.709482 -0.632281 0.311218
vn 0.709482 -0.632280 0.311218
vn 0.711742 -0.698827 0.071165
vn 0.711742 -0.698827 0.071165
vn 0.710225 -0.700396 0.070899
vn 0.710225 -0.700396 0.070898
vn 0.707658 -0.704419 -0.054896
vn 0.707658 -0.704420 -0.054895
vn 0.710321 -0.694177 -0.116454
vn 0.710321 -0.694177 -0.116454
vn 0.709230 -0.687764 -0.154835
vn 0.709230 -0.687764 -0.154835
vn 0.707732 -0.686149 0.168269
vn 0.707732 -0.686149 0.168269
vn 0.707940 -0.703927 0.057513
vn 0.707940 -0.703927 0.057512
vn -0.711600 -0.000241 -0.702585
vn -0.711603 -0.000242 -0.702582
vn -0.717754 0.000002 -0.696297
vn -0.717754 0.000003 -0.696297
vn -0.707099 0.000000 -0.707115
vn -0.707099 0.000000 -0.707115
vn -0.707108 -0.506781 -0.493124
vn -0.707108 -0.506781 -0.493124
vn -0.725858 -0.610015 -0.317824
vn -0.725858 -0.610015 -0.317825
vn -0.709482 -0.632281 0.311218
vn -0.709482 -0.632281 0.311218
vn -0.711741 -0.698828 0.071165
vn -0.711741 -0.698828 0.071165
vn -0.707104 -0.586042 0.395675
vn -0.707104 -0.586042 0.395675
vn -0.710225 -0.700396 0.070898
vn -0.710225 -0.700396 0.070899
vn -0.707658 -0.704419 -0.054895
vn -0.707658 -0.704419 -0.054895
vn -0.710321 -0.694177 -0.116454
vn -0.710321 -0.694177 -0.116454
vn -0.709230 -0.687764 -0.154835
vn -0.709230 -0.687764 -0.154836
vn -0.707734 -0.686148 0.168268
vn -0.707734 -0.686148 0.168268
vn -0.707941 -0.703926 0.057512
vn -0.707941 -0.703926 0.057513
vn 1.000000 -0.000000 0.000000
vn 1.000000 0.000000 0.000000
vn 1.000000 0.000000 -0.000000
vn 0.978925 0.204223 -0.000000
vn 0.957746 0.287617 -0.000000
vn 0.957746 0.287617 -0.000000
vn 1.000000 0.000000 0.000000
vn 1.000000 -0.000000 -0.000000
vn 1.000000 -0.000001 -0.000000
vn 1.000000 -0.000000 0.000000
vn 1.000000 -0.000000 0.000000
vn 1.000000 -0.000000 -0.000000
vn 1.000000 -0.000000 -0.000000
vn 1.000000 -0.000000 -0.000000
vn 1.000000 -0.000000 -0.000000
vn 1.000000 -0.000000 -0.000000
vn 0.000000 1.000000 0.000000
vn 0.000001 1.000000 0.000000
vn -0.999985 0.000496 0.005389
vn -1.000000 0.000000 -0.000000
vn -0.978914 0.204274 -0.000000
vn -0.999885 -0.011186 0.010271
vn -0.957746 0.287617 -0.000000
vn -0.957746 0.287617 -0.000000
vn -1.000000 -0.000000 -0.000000
vn -1.000000 0.000000 0.000000
vn -1.000000 -0.000000 -0.000000
vn -1.000000 0.000000 -0.000000
vn -1.000000 -0.000000 -0.000000
vn -1.000000 -0.000001 -0.000000
vn -1.000000 -0.000000 0.000000
vn -1.000000 -0.000000 -0.000000
vn -1.000000 -0.000001 0.000000
vn -1.000000 0.000000 0.000000
vn -0.000001 1.000000 0.000000
vn 0.000000 0.000000 -1.000000
vn 0.000000 0.000000 -1.000000
vn 0.000000 0.000003 -1.000000
vn -0.000000 0.000012 -1.000000
vn -0.019229 -0.008963 -0.999775
vn 0.000002 -0.899507 0.436905
vn 0.000001 -0.994786 0.101982
vn 0.000000 -0.716698 -0.697384
vn 0.000000 -0.716698 -0.697384
vn 0.000000 -0.993059 -0.117621
vn 0.000000 -0.996957 -0.077949
vn 0.000000 -0.986189 -0.165624
vn 0.000000 -0.994929 0.100575
vn 0.000000 -0.975764 -0.218827
vn 0.000000 -0.971286 0.237914
vn 0.000000 -0.996706 0.081096
vn 0.000000 0.000000 -1.000000
vn 0.000000 0.000000 -1.000000
vn -0.000000 0.000003 -1.000000
vn -0.000000 0.000012 -1.000000
vn 0.019225 -0.008962 -0.999775
vn 0.000000 -0.899507 0.436906
vn 0.000000 -0.994786 0.101982
vn 0.000000 -0.716698 -0.697384
vn 0.000000 -0.716698 -0.697384
vn 0.000000 -0.996957 -0.077949
vn 0.000000 -0.993059 -0.117621
vn 0.000000 -0.986189 -0.165624
vn 0.000000 -0.994930 0.100575
vn 0.000000 -0.975764 -0.218827
vn 0.000000 -0.971286 0.237914
vn 0.000000 -0.996706 0.081095
vn 0.000000 0.000013 -1.000000
vn -0.016487 -0.007684 -0.999835
vn -0.000000 0.000013 -1.000000
vn 0.016481 -0.007682 -0.999835
vn 1.000000 0.000000 0.000000
vn 1.000000 -0.000000 0.000000
vn -0.996348 -0.037105 0.076898
vn -0.996172 0.008004 0.087044
s 1
g CP2077Quasar_LOD0 LowerFrame
usemtl PolymerFrame
f 2063/3199/3926 2064/3200/3927 2065/3201/3928 2066/3202/3929
f 2067/3203/3930 2068/3204/3931 2063/3199/3926 2066/3202/3929
f 2067/3203/3930 2069/3205/3932 2070/3206/3933 2068/3204/3931
f 2071/3207/3934 2065/3201/3928 2064/3200/3927 2072/3208/3935
s 2
f 2051/3209/3936 2054/3210/3937 2053/3211/3938 2052/3212/3939
f 2056/3213/3940 2054/3210/3937 2051/3209/3936 2055/3214/3941
f 2056/3213/3940 2055/3214/3941 2058/3215/3942 2057/3216/3943
f 2060/3217/3944 2059/3218/3945 2052/3212/3939 2053/3211/3938
s 3
f 2079/3219/3946 2080/3220/3947 2064/3200/3948 2063/3199/3949
s 4
f 2085/3221/3950 2086/3222/3951 2066/3202/3952 2065/3201/3953
s 5
f 2086/3222/3954 2087/3223/3955 2067/3203/3956 2066/3202/3957
f 2087/3223/3955 2088/3224/3958 2069/3205/3959 2067/3203/3956
s 4
f 2084/3225/3960 2085/3221/3950 2065/3201/3953 2071/3207/3961
s 3
f 2080/3220/3947 2081/3226/3962 2072/3208/3963 2064/3200/3948
s 6
f 2082/3227/3964 2083/3228/3965 2074/3229/3966 2073/3230/3967
s 4
f 2083/3231/3968 2084/3232/3960 2071/3233/3961 2074/3234/3969
s 3
f 2081/3235/3962 2082/3236/3970 2073/3237/3971 2072/3238/3963
s 6
f 2073/3230/3967 2074/3229/3966 2076/3239/3972 2075/3240/3973
s 4
f 2074/3234/3969 2071/3233/3961 2077/3241/3974 2076/3242/3975
s 7
f 2071/3243/3976 2072/3244/3977 2078/3245/3978 2077/3246/3979
s 3
f 2072/3238/3963 2073/3237/3971 2075/3247/3980 2078/3248/3981
f 2051/3209/3982 2052/3212/3983 2080/3249/3947 2079/3250/3946
f 2052/3212/3983 2059/3218/3984 2081/3251/3962 2080/3249/3947
f 2059/3252/3984 2062/3253/3985 2082/3236/3970 2081/3235/3962
s 6
f 2062/3254/3986 2061/3255/3987 2083/3256/3965 2082/3257/3964
s 4
f 2061/3258/3988 2060/3259/3989 2084/3232/3960 2083/3231/3968
f 2060/3217/3989 2053/3211/3990 2085/3260/3950 2084/3261/3960
f 2053/3211/3990 2054/3210/3991 2086/3262/3951 2085/3260/3950
s 5
f 2054/3210/3992 2056/3213/3993 2087/3263/3955 2086/3262/3954
f 2056/3213/3993 2057/3216/3994 2088/3264/3958 2087/3263/3955
s off
f 2089/3265/3995 2090/3266/3996 2094/3267/3997 2093/3268/3998
s 3
f 2090/3269/3999 2089/3270/4000 2092/3271/4001 2091/3272/4002
s 6
f 2091/3273/4003 2092/3274/4004 2095/3275/4005 2096/3276/4006
s 8
f 2093/3277/4007 2094/3278/4008 2096/3279/4009 2095/3280/4010
s off
f 2092/3274/4011 2089/3265/4012 2093/3268/4013 2095/3275/4014
s 3
f 2062/3253/3985 2059/3252/3984 2090/3269/3999 2091/3272/4002
s off
f 2059/3281/4015 2060/3282/4016 2094/3267/4017 2090/3266/4018
s 8
f 2060/3259/4019 2061/3258/4020 2096/3279/4009 2094/3278/4008
s 6
f 2061/3255/3987 2062/3254/3986 2091/3273/4003 2096/3276/4006
s off
f 2097/3283/4021 2098/3284/4022 2103/3285/4023 2104/3286/4024
s 6
f 2098/3287/4025 2097/3288/4026 2100/3289/4027 2099/3290/4028
s off
f 2099/3291/4029 2100/3292/4030 2102/3293/4031 2101/3294/4032
s 7
f 2101/3295/4033 2102/3296/4034 2104/3297/4035 2103/3298/4036
s off
f 2098/3287/4037 2099/3290/4038 2101/3295/4039 2103/3298/4040
s 6
f 2075/3240/3973 2076/3239/3972 2100/3289/4027 2097/3288/4026
s 4
f 2076/3242/3975 2077/3241/3974 2102/3293/4041 2100/3292/4042
s 7
f 2077/3246/3979 2078/3245/3978 2104/3297/4035 2102/3296/4034
s 3
f 2078/3248/3981 2075/3247/3980 2097/3283/4043 2104/3286/4044
s 9
usemtl PolymerGrip
f 2107/3299/4045 2381/3300/4046 2382/3301/4047 2383/3302/4048
f 2383/3302/4048 2382/3301/4047 2384/3303/4049 2385/3304/4050
f 2386/3305/4051 2387/3306/4052 2388/3307/4053 2389/3308/4054
f 2389/3308/4054 2388/3307/4053 2390/3309/4055 2391/3310/4056
f 2391/3310/4056 2390/3309/4055 2392/3311/4057 2393/3312/4058
f 2393/3312/4058 2392/3311/4057 2394/3313/4059 2395/3314/4060
f 2385/3304/4050 2384/3303/4049 2395/3314/4060 2394/3313/4059
s 11
usemtl PaintedMetal_Frame
f 2213/3315/4061 2173/3316/4062 2118/3317/4063 2356/3318/4064
s 12
usemtl PolymerGrip
f 2120/3319/4065 2119/3320/4066 2121/3321/4067 2122/3322/4068
f 2123/3323/4069 2120/3319/4065 2122/3322/4068 2124/3324/4070
f 2125/3325/4071 2123/3323/4069 2124/3324/4070 2126/3326/4072
f 2127/3327/4073 2128/3328/4074 2129/3329/4075 2130/3330/4076
f 2128/3328/4074 2125/3325/4071 2126/3326/4072 2129/3329/4075
s 13
f 2121/3321/4077 2119/3320/4078 2326/3331/4079 2351/3332/4080
s 11
f 2130/3330/4081 2129/3329/4082 2356/3333/4064 2118/3334/4063
s 12
usemtl PaintedMetal_Frame
f 2413/3335/4083 2414/3336/4084 2415/3337/4085 2416/3338/4086
f 2417/3339/4087 2413/3335/4083 2416/3338/4086 2418/3340/4088
f 2366/3341/4089 2417/3342/4087 2418/3343/4088 2148/3344/4090
s 15
usemtl CarbonFiber
f 2202/3345/4091 2180/3346/4092 2156/3347/4093 2155/3348/4094
s 16
usemtl PaintedMetal_Frame
f 2580/3349/4095 2581/3350/4096 2582/3351/4097 2583/3352/4098
s 17
f 2135/3353/4099 2136/3354/4100 2144/3355/4101 2143/3356/4102
s 12
f 2423/3357/4103 2424/3358/4104 2425/3359/4105 2426/3360/4106
f 2424/3358/4104 2427/3361/4107 2428/3362/4108 2425/3359/4105
f 2416/3338/4086 2415/3337/4085 2429/3363/4109 2430/3364/4110
f 2418/3340/4088 2416/3338/4086 2430/3364/4110 2431/3365/4111
s 19
f 2148/3366/4112 2147/3367/4113 2150/3368/4114 2151/3369/4115
s 12
f 2430/3364/4110 2429/3363/4109 2432/3370/4116 2433/3371/4117
f 2431/3365/4111 2430/3364/4110 2433/3371/4117 2434/3372/4118
s 19
f 2151/3369/4115 2150/3368/4114 2153/3373/4119 2154/3374/4120
s 16
f 2585/3375/4121 2584/3376/4122 2586/3377/4123 2587/3378/4124
s 12
f 2434/3372/4118 2433/3371/4117 2436/3379/4125 2437/3380/4126
f 2154/3381/4127 2434/3382/4118 2437/3383/4126 2142/3384/4128
s 15
usemtl CarbonFiber
f 2319/3385/4129 2202/3345/4091 2155/3348/4094 2318/3386/4130
f 2180/3346/4092 2182/3387/4131 2158/3388/4132 2156/3347/4093
f 2182/3387/4131 2184/3389/4133 2166/3390/4134 2158/3388/4132
f 2184/3389/4133 2186/3391/4135 2170/3392/4136 2166/3390/4134
f 2186/3391/4135 2203/3393/4137 2172/3394/4138 2170/3392/4136
s 20
f 2216/3395/4139 2215/3396/4140 2171/3397/4141 2167/3398/4142
f 2218/3399/4143 2217/3400/4144 2163/3401/4145 2161/3402/4146
s 22
f 2219/3403/4147 2218/3399/4148 2161/3402/4149 2159/3404/4150
f 2220/3405/4151 2219/3403/4147 2159/3404/4150 2139/3406/4152
s 23
f 2221/3407/4153 2220/3405/4154 2139/3406/4155 2140/3408/4156
s 24
f 2222/3409/4157 2221/3407/4158 2140/3408/4159 2152/3410/4160
s 25
f 2223/3411/4161 2222/3409/4162 2152/3410/4163 2149/3412/4164
s 26
f 2224/3413/4165 2223/3414/4166 2149/3415/4167 2146/3416/4168
f 2368/3417/4169 2369/3418/4170 2224/3413/4165 2146/3416/4168
s 27
usemtl PolymerGrip
f 2187/3419/4171 2188/3420/4172 2106/3421/4173 2105/3422/4174
s 28
usemtl CarbonFiber
f 2208/3423/4175 2209/3424/4176 2131/3425/4177 2132/3426/4178
f 2209/3424/4176 2210/3427/4179 2133/3428/4180 2131/3425/4177
f 2518/3429/4181 2517/3430/4182 2519/3431/4183 2520/3432/4184
s 30
usemtl PolymerGrip
f 2188/3420/4185 2189/3433/4186 2108/3434/4187 2106/3421/4188
s 31
f 2109/3435/4189 2508/3436/4190 2107/3299/4191
s 30
f 2189/3433/4186 2190/3437/4192 2110/3438/4193 2108/3434/4187
s 31
f 2197/3439/4194 2198/3440/4195 2109/3435/4189 2111/3441/4196
s 33
f 2088/3442/4197 2192/3443/4198 2112/3444/4199 2069/3445/4200
s 31
f 2192/3446/4201 2193/3447/4202 2113/3448/4203 2112/3449/4204
f 2193/3447/4202 2194/3450/4205 2114/3451/4206 2113/3448/4203
f 2194/3450/4205 2195/3452/4207 2115/3453/4208 2114/3451/4206
f 2195/3452/4207 2196/3454/4209 2116/3455/4210 2115/3453/4208
s 30
f 2191/3456/4211 2079/3457/4212 2063/3458/4213 2117/3459/4214
f 2190/3437/4192 2191/3456/4211 2117/3459/4214 2110/3438/4193
s 31
f 2196/3454/4209 2197/3439/4194 2111/3441/4196 2116/3455/4210
s 28
usemtl CarbonFiber
f 2517/3430/4182 2521/3460/4215 2522/3461/4216 2519/3431/4183
s 11
usemtl PaintedMetal_Frame
f 2177/3462/4217 2373/3463/4218 2366/3341/4219 2148/3344/4220
f 2357/3464/4221 2526/3465/4222 2213/3315/4061 2356/3318/4064
f 2211/3466/4223 2212/3467/4224 2135/3468/4225 2143/3469/4226
f 2178/3470/4227 2177/3462/4217 2148/3344/4220 2151/3471/4228
f 2179/3472/4229 2178/3470/4227 2151/3471/4228 2154/3381/4230
f 2142/3384/4231 2175/3473/4232 2179/3472/4229 2154/3381/4230
s 38
usemtl CarbonFiber
f 2207/3474/4233 2208/3475/4234 2132/3476/4235 2160/3477/4236
s 15
f 2206/3478/4237 2207/3474/4238 2160/3477/4239 2162/3479/4240
f 2205/3480/4241 2206/3478/4237 2162/3479/4240 2164/3481/4242
f 2203/3393/4137 2204/3482/4243 2168/3483/4244 2172/3394/4138
s 40
f 2181/3484/4245 2174/3485/4246 2138/3486/4247 2157/3487/4248
s 41
f 2183/3488/4249 2181/3484/4250 2157/3487/4251 2165/3489/4252
f 2185/3490/4253 2183/3488/4249 2165/3489/4252 2169/3491/4254
s 20
f 2215/3396/4140 2185/3490/4255 2169/3491/4256 2171/3397/4141
s 42
f 2225/3492/4257 2176/3493/4258 2145/3494/4259 2137/3495/4260
s 43
f 2138/3486/4261 2174/3485/4262 2225/3492/4263 2137/3495/4264
s 44
usemtl PolymerGrip
f 2228/3496/4265 2397/3497/4266 2398/3498/4267 2399/3499/4268
f 2397/3497/4266 2400/3500/4269 2401/3501/4270 2398/3498/4267
f 2403/3502/4271 2402/3503/4272 2404/3504/4273 2405/3505/4274
f 2402/3503/4272 2406/3506/4275 2407/3507/4276 2404/3504/4273
f 2406/3506/4275 2408/3508/4277 2409/3509/4278 2407/3507/4276
f 2408/3508/4277 2410/3510/4279 2411/3511/4280 2409/3509/4278
f 2400/3500/4269 2411/3511/4280 2410/3510/4279 2401/3501/4270
s 11
usemtl PaintedMetal_Frame
f 2213/3315/4061 2364/3512/4281 2239/3513/4282 2173/3316/4062
s 46
usemtl PolymerGrip
f 2241/3514/4283 2243/3515/4284 2242/3516/4285 2240/3517/4286
f 2244/3518/4287 2245/3519/4288 2243/3515/4284 2241/3514/4283
f 2246/3520/4289 2247/3521/4290 2245/3519/4288 2244/3518/4287
f 2248/3522/4291 2251/3523/4292 2250/3524/4293 2249/3525/4294
f 2249/3525/4294 2250/3524/4293 2247/3521/4290 2246/3520/4289
s 11
f 2251/3523/4295 2239/3526/4282 2364/3527/4281 2250/3524/4296
s 46
usemtl PaintedMetal_Frame
f 2460/3528/4297 2461/3529/4298 2462/3530/4299 2463/3531/4300
f 2461/3529/4298 2464/3532/4301 2465/3533/4302 2462/3530/4299
f 2464/3534/4301 2372/3535/4303 2269/3536/4304 2465/3537/4302
s 15
usemtl CarbonFiber
f 2276/3538/4305 2277/3539/4306 2180/3346/4092 2202/3345/4091
s 49
usemtl PaintedMetal_Frame
f 2588/3540/4307 2589/3541/4308 2590/3542/4309 2591/3543/4310
s 50
f 2256/3544/4311 2264/3545/4312 2265/3546/4313 2257/3547/4314
s 46
f 2470/3548/4315 2471/3549/4316 2472/3550/4317 2473/3551/4318
f 2473/3551/4318 2472/3550/4317 2474/3552/4319 2475/3553/4320
f 2462/3530/4299 2476/3554/4321 2477/3555/4322 2463/3531/4300
f 2465/3533/4302 2478/3556/4323 2476/3554/4321 2462/3530/4299
s 51
f 2269/3557/4324 2272/3558/4325 2271/3559/4326 2268/3560/4327
s 46
f 2476/3554/4321 2479/3561/4328 2480/3562/4329 2477/3555/4322
f 2478/3556/4323 2481/3563/4330 2479/3561/4328 2476/3554/4321
s 51
f 2272/3558/4325 2275/3564/4331 2274/3565/4332 2271/3559/4326
s 49
f 2592/3566/4333 2593/3567/4334 2594/3568/4335 2595/3569/4336
s 46
f 2481/3563/4330 2484/3570/4337 2482/3571/4338 2479/3561/4328
f 2275/3572/4339 2263/3573/4340 2484/3574/4337 2481/3575/4330
s 15
usemtl CarbonFiber
f 2320/3576/4341 2276/3538/4305 2202/3345/4091 2319/3385/4129
f 2277/3539/4306 2279/3577/4342 2182/3387/4131 2180/3346/4092
f 2279/3577/4342 2287/3578/4343 2184/3389/4133 2182/3387/4131
f 2287/3578/4343 2291/3579/4344 2186/3391/4135 2184/3389/4133
f 2291/3579/4344 2293/3580/4345 2203/3393/4137 2186/3391/4135
s 20
f 2215/3396/4140 2216/3395/4139 2288/3581/4346 2292/3582/4347
f 2288/3581/4346 2216/3395/4139 2217/3400/4144 2284/3583/4348
f 2217/3400/4144 2218/3399/4143 2282/3584/4349 2284/3583/4348
s 22
f 2218/3399/4148 2219/3403/4147 2280/3585/4350 2282/3584/4351
f 2219/3403/4147 2220/3405/4151 2260/3586/4352 2280/3585/4350
s 23
f 2220/3405/4154 2221/3407/4153 2261/3587/4353 2260/3586/4354
s 24
f 2221/3407/4158 2222/3409/4157 2273/3588/4355 2261/3587/4356
s 25
f 2222/3409/4162 2223/3411/4161 2270/3589/4357 2273/3588/4358
s 26
f 2223/3414/4166 2224/3413/4165 2267/3590/4359 2270/3591/4360
f 2224/3413/4165 2369/3418/4170 2370/3592/4361 2267/3590/4359
s 52
usemtl PolymerGrip
f 2226/3593/4362 2227/3594/4363 2188/3595/4364 2187/3596/4365
s 28
usemtl CarbonFiber
f 2253/3597/4366 2252/3598/4367 2209/3599/4176 2208/3600/4175
f 2252/3598/4367 2254/3601/4368 2210/3602/4179 2209/3599/4176
f 2523/3603/4369 2524/3604/4370 2517/3605/4182 2518/3606/4181
s 30
usemtl PolymerGrip
f 2227/3594/4371 2229/3607/4372 2189/3608/4186 2188/3595/4185
s 31
f 2230/3609/4373 2507/3610/4374 2199/3611/4375 2198/3612/4195
s 30
f 2229/3607/4372 2231/3613/4376 2190/3614/4192 2189/3608/4186
s 31
f 2232/3615/4377 2230/3609/4373 2198/3612/4195 2197/3616/4194
s 33
f 2057/3617/4378 2233/3618/4379 2192/3619/4198 2088/3620/4197
s 31
f 2233/3621/4380 2234/3622/4381 2193/3623/4202 2192/3624/4201
f 2234/3622/4381 2235/3625/4382 2194/3626/4205 2193/3623/4202
f 2235/3625/4382 2236/3627/4383 2195/3628/4207 2194/3626/4205
f 2236/3627/4383 2237/3629/4384 2196/3630/4209 2195/3628/4207
s 30
f 2238/3631/4385 2051/3632/4386 2079/3633/4212 2191/3634/4211
f 2231/3613/4376 2238/3631/4385 2191/3634/4211 2190/3614/4192
s 31
f 2237/3629/4384 2232/3615/4377 2197/3616/4194 2196/3630/4209
s 28
usemtl CarbonFiber
f 2524/3604/4370 2525/3635/4387 2521/3636/4215 2517/3605/4182
s 11
usemtl PaintedMetal_Frame
f 2269/3536/4388 2372/3535/4389 2373/3463/4218 2177/3462/4217
f 2526/3465/4222 2365/3637/4390 2364/3512/4281 2213/3315/4061
f 2264/3638/4391 2256/3639/4392 2212/3467/4224 2211/3466/4223
f 2272/3640/4393 2269/3536/4388 2177/3462/4217 2178/3470/4227
f 2275/3572/4394 2272/3640/4393 2178/3470/4227 2179/3472/4229
f 2263/3573/4395 2275/3572/4394 2179/3472/4229 2175/3473/4232
s 38
usemtl CarbonFiber
f 2281/3641/4396 2253/3642/4397 2208/3475/4234 2207/3474/4233
s 15
f 2283/3643/4398 2281/3641/4399 2207/3474/4238 2206/3478/4237
f 2285/3644/4400 2283/3643/4398 2206/3478/4237 2205/3480/4241
f 2289/3645/4401 2285/3644/4400 2205/3480/4241 2204/3482/4243
f 2293/3580/4345 2289/3645/4401 2204/3482/4243 2203/3393/4137
s 40
f 2174/3485/4246 2181/3484/4245 2278/3646/4402 2259/3647/4403
s 41
f 2181/3484/4250 2183/3488/4249 2286/3648/4404 2278/3646/4405
f 2286/3648/4404 2183/3488/4249 2185/3490/4253 2290/3649/4406
s 20
f 2185/3490/4255 2215/3396/4140 2292/3582/4347 2290/3649/4407
s 42
f 2176/3493/4258 2225/3492/4257 2258/3650/4408 2266/3651/4409
s 43
f 2225/3492/4263 2174/3485/4262 2259/3647/4410 2258/3650/4411
s 54
usemtl PaintedMetal_Frame
f 2295/3652/4412 2294/3653/4413 2375/3654/4414 2376/3655/4415
s 11
f 2376/3656/4416 2377/3657/4417 2296/3658/4418 2295/3659/4419
f 2377/3657/4417 2378/3660/4420 2297/3661/4421 2296/3658/4418
s 55
f 2298/3662/4422 2297/3663/4423 2378/3664/4424 2379/3665/4425
s 56
usemtl PolymerGrip
f 2308/3666/4426 2309/3667/4427 2300/3668/4428 2299/3669/4429
s 12
f 2309/3667/4430 2310/3670/4431 2301/3671/4432 2300/3668/4433
s 11
f 2302/3672/4434 2301/3671/4435 2310/3670/4436 2311/3673/4437
usemtl PaintedMetal_Frame
f 2312/3674/4438 2303/3675/4439 2302/3676/4434 2311/3677/4437
f 2313/3678/4440 2304/3679/4441 2303/3675/4439 2312/3674/4438
usemtl PolymerGrip
f 2305/3680/4442 2304/3681/4441 2313/3682/4440 2314/3683/4443
s 46
f 2314/3683/4444 2315/3684/4445 2306/3685/4446 2305/3680/4447
s 56
f 2315/3684/4448 2316/3686/4449 2307/3687/4450 2306/3685/4451
f 2307/3688/4450 2316/3689/4449 2317/3690/4452 2214/3691/4453
f 2214/3691/4453 2317/3690/4452 2308/3692/4426 2299/3693/4429
s 12
f 2555/3694/4454 2556/3695/4455 2310/3670/4431 2309/3667/4430
s 11
usemtl PaintedMetal_Frame
f 2547/3696/4456 2548/3697/4457 2312/3674/4438 2311/3677/4437
f 2548/3697/4457 2549/3698/4458 2313/3678/4440 2312/3674/4438
s 46
usemtl PolymerGrip
f 2550/3699/4459 2551/3700/4460 2315/3684/4445 2314/3683/4444
s 12
usemtl PaintedMetal_Frame
f 2441/3701/4461 2420/3702/4462 2448/3703/4463 2449/3704/4464
f 2442/3705/4465 2441/3701/4461 2449/3704/4464 2450/3706/4466
f 2443/3707/4467 2442/3705/4465 2450/3706/4466 2451/3708/4468
f 2445/3709/4469 2443/3707/4467 2451/3708/4468 2452/3710/4470
f 2447/3711/4471 2445/3709/4469 2452/3710/4470 2453/3712/4472
f 2454/3713/4473 2446/3714/4474 2447/3711/4471 2453/3712/4472
f 2455/3715/4475 2444/3716/4476 2446/3714/4474 2454/3713/4473
f 2456/3717/4477 2440/3718/4478 2444/3716/4476 2455/3715/4475
f 2457/3719/4479 2438/3720/4480 2440/3718/4478 2456/3717/4477
f 2457/3719/4479 2121/3721/4067 2439/3722/4481 2438/3720/4480
s 46
f 2495/3723/4482 2486/3724/4483 2485/3725/4484 2242/3726/4285
f 2495/3723/4482 2496/3727/4485 2487/3728/4486 2486/3724/4483
f 2496/3727/4485 2497/3729/4487 2491/3730/4488 2487/3728/4486
f 2497/3729/4487 2498/3731/4489 2493/3732/4490 2491/3730/4488
f 2498/3731/4489 2499/3733/4491 2494/3734/4492 2493/3732/4490
f 2492/3735/4493 2494/3734/4492 2499/3733/4491 2500/3736/4494
f 2490/3737/4495 2492/3735/4493 2500/3736/4494 2501/3738/4496
f 2489/3739/4497 2490/3737/4495 2501/3738/4496 2502/3740/4498
f 2488/3741/4499 2489/3739/4497 2502/3740/4498 2503/3742/4500
f 2466/3743/4501 2488/3741/4499 2503/3742/4500 2504/3744/4502
f 2483/3745/4503 2467/3746/4504 2466/3743/4501 2504/3744/4502
s 49
f 2593/3567/4334 2589/3541/4308 2588/3540/4307 2594/3568/4335
s 46
f 2484/3570/4337 2469/3747/4505 2468/3748/4506 2482/3571/4338
s off
f 2263/3749/4507 2322/3750/4508 2321/3751/4509 2262/3752/4510
s 11
f 2322/3753/4511 2263/3573/4395 2175/3473/4232 2323/3754/4512
f 2323/3754/4512 2175/3473/4232 2142/3384/4231 2324/3755/4513
s off
f 2142/3756/4514 2141/3757/4515 2325/3758/4516 2324/3759/4517
s 12
f 2437/3380/4126 2436/3379/4125 2421/3760/4518 2422/3761/4519
s 16
f 2587/3378/4124 2586/3377/4123 2581/3350/4096 2580/3349/4095
s 12
f 2435/3762/4520 2448/3703/4463 2420/3702/4462 2419/3763/4521
s 13
usemtl PolymerGrip
f 2347/3764/4522 2359/3765/4523 2201/3766/4524 2200/3767/4525
s 9
f 2107/3299/4526 2326/3768/4527 2328/3769/4528 2327/3770/4529
f 2327/3770/4529 2328/3769/4528 2329/3771/4530 2330/3772/4531
f 2330/3772/4531 2329/3771/4530 2332/3773/4532 2331/3774/4533
f 2331/3774/4533 2332/3773/4532 2336/3775/4534 2335/3776/4535
s 56
f 2333/3777/4536 2334/3778/4537 2348/3779/4538 2349/3780/4539
s 9
f 2334/3781/4540 2333/3782/4541 2335/3776/4535 2336/3775/4534
s 44
f 2337/3783/4542 2338/3784/4543 2342/3785/4544 2341/3786/4545
f 2338/3784/4543 2337/3783/4542 2339/3787/4546 2340/3788/4547
f 2340/3788/4547 2339/3787/4546 2343/3789/4548 2344/3790/4549
f 2341/3786/4545 2342/3785/4544 2346/3791/4550 2345/3792/4551
s 56
f 2344/3793/4552 2343/3794/4553 2349/3795/4539 2348/3796/4538
s 44
f 2345/3792/4551 2346/3791/4550 2347/3797/4554 2228/3496/4555
s 9
f 2335/3776/4535 2396/3798/4556 2381/3300/4046 2331/3774/4533
f 2381/3300/4046 2330/3772/4531 2331/3774/4533
f 2396/3798/4556 2335/3776/4535 2333/3782/4541
s 56
f 2328/3799/4557 2326/3800/4558 2119/3320/4559 2120/3319/4560
f 2120/3319/4560 2123/3323/4561 2329/3801/4562 2328/3799/4557
f 2123/3323/4561 2125/3325/4563 2332/3802/4564 2329/3801/4562
f 2128/3328/4565 2127/3327/4566 2334/3803/4537 2336/3804/4567
f 2125/3325/4563 2128/3328/4565 2336/3804/4567 2332/3802/4564
f 2349/3780/4539 2187/3419/4568 2105/3422/4569 2333/3777/4536
s 44
f 2339/3787/4546 2337/3783/4542 2399/3499/4268 2412/3805/4570
f 2399/3499/4268 2337/3783/4542 2341/3786/4545
f 2412/3805/4570 2343/3789/4548 2339/3787/4546
f 2341/3786/4545 2345/3792/4551 2399/3499/4268
s 56
f 2240/3517/4571 2347/3806/4572 2346/3807/4573 2241/3514/4574
f 2346/3807/4573 2342/3808/4575 2244/3518/4576 2241/3514/4574
f 2342/3808/4575 2338/3809/4577 2246/3520/4578 2244/3518/4576
f 2340/3810/4579 2344/3811/4552 2248/3522/4580 2249/3525/4581
f 2338/3809/4577 2340/3810/4579 2249/3525/4581 2246/3520/4578
f 2343/3794/4553 2226/3593/4582 2187/3596/4568 2349/3795/4539
f 2554/3812/4583 2555/3694/4584 2309/3667/4427 2308/3666/4426
f 2551/3700/4585 2552/3813/4586 2316/3686/4449 2315/3684/4448
f 2316/3689/4449 2552/3814/4586 2553/3815/4587 2317/3690/4452
f 2317/3690/4452 2553/3815/4587 2554/3816/4583 2308/3692/4426
s 71
usemtl PaintedMetal_Frame
f 2350/3817/4588 2353/3818/4589 2352/3819/4590
f 2352/3819/4590 2353/3818/4589 2355/3820/4591 2354/3821/4592
f 2354/3821/4592 2355/3820/4591 2357/3822/4593 2356/3823/4594
s 72
f 2360/3824/4595 2361/3825/4596 2363/3826/4597 2362/3827/4598
f 2362/3827/4598 2363/3826/4597 2364/3828/4599 2365/3829/4600
s 11
usemtl PolymerGrip
f 2124/3324/4601 2122/3322/4602 2350/3817/4603 2352/3819/4604
f 2126/3326/4605 2124/3324/4601 2352/3819/4604 2354/3821/4606
f 2129/3329/4082 2126/3326/4605 2354/3821/4606 2356/3823/4064
s 54
usemtl PaintedMetal_Frame
f 2357/3822/4607 2355/3820/4608 2294/3653/4413 2295/3652/4412
f 2355/3820/4608 2353/3818/4609 2294/3653/4413
f 2353/3818/4609 2350/3817/4610 2374/3830/4611
s 12
f 2122/3831/4068 2121/3721/4067 2457/3719/4479 2427/3361/4107
s 74
usemtl PolymerGrip
f 2361/3825/4612 2358/3832/4613 2243/3515/4614 2245/3519/4615
f 2363/3826/4616 2361/3825/4612 2245/3519/4615 2247/3521/4617
f 2364/3828/4618 2363/3826/4616 2247/3521/4617 2250/3524/4619
s 55
usemtl PaintedMetal_Frame
f 2362/3827/4620 2365/3829/4621 2297/3663/4423 2298/3662/4422
f 2362/3827/4620 2298/3662/4422 2360/3824/4622
f 2360/3824/4622 2380/3833/4623 2358/3832/4624
s 46
f 2243/3834/4284 2475/3553/4320 2495/3723/4482 2242/3726/4285
s 54
f 2294/3653/4413 2353/3818/4609 2374/3830/4611 2375/3654/4414
s 55
f 2360/3824/4622 2298/3662/4422 2379/3665/4425 2380/3833/4623
s 17
f 2143/3356/4102 2144/3355/4101 2367/3835/4625 2366/3836/4626
s 12
f 2426/3360/4106 2425/3359/4105 2413/3335/4083 2417/3339/4087
f 2425/3359/4105 2428/3362/4108 2414/3336/4084 2413/3335/4083
s 26
usemtl CarbonFiber
f 2176/3493/4627 2369/3418/4170 2368/3417/4169 2145/3494/4628
f 2370/3592/4361 2369/3418/4170 2176/3493/4627 2266/3651/4629
s 46
usemtl PaintedMetal_Frame
f 2472/3550/4317 2461/3529/4298 2460/3528/4297 2474/3552/4319
f 2471/3549/4316 2464/3532/4301 2461/3529/4298 2472/3550/4317
s 50
f 2264/3545/4312 2372/3837/4630 2371/3838/4631 2265/3546/4313
s 11
f 2373/3463/4218 2372/3535/4389 2264/3638/4391 2211/3466/4223
f 2366/3341/4219 2373/3463/4218 2211/3466/4223 2143/3469/4226
s 12
f 2458/3839/4632 2122/3831/4068 2427/3361/4107 2424/3358/4104
f 2459/3840/4633 2458/3839/4632 2424/3358/4104 2423/3357/4103
f 2376/3656/4634 2459/3841/4633 2423/3842/4103 2135/3468/4635
s 11
f 2212/3467/4224 2377/3657/4417 2376/3656/4416 2135/3468/4225
f 2256/3639/4392 2378/3660/4420 2377/3657/4417 2212/3467/4224
s 46
f 2505/3843/4636 2378/3660/4637 2256/3639/4638 2470/3844/4315
f 2506/3845/4639 2505/3846/4636 2470/3548/4315 2473/3551/4318
f 2243/3834/4284 2506/3845/4639 2473/3551/4318 2475/3553/4320
s 9
usemtl PolymerGrip
f 2327/3770/4529 2330/3772/4531 2381/3300/4046
s 44
f 2345/3792/4551 2228/3496/4265 2399/3499/4268
s 9
f 2107/3299/4045 2327/3770/4529 2381/3300/4046
s 13
f 2199/3611/4640 2507/3610/4641 2347/3847/4522 2200/3848/4525
f 2107/3299/4642 2508/3436/4643 2326/3849/4079
f 2200/3850/4525 2201/3851/4524 2351/3332/4080 2326/3331/4079
f 2359/3765/4523 2347/3764/4522 2240/3517/4644 2242/3516/4645
s 30
f 2106/3421/4188 2108/3434/4187 2382/3301/4646 2381/3300/4647
s 75
f 2109/3435/4648 2107/3299/4649 2383/3302/4650
s 30
f 2108/3434/4187 2110/3438/4193 2384/3303/4651 2382/3301/4646
s 75
f 2111/3441/4652 2109/3435/4648 2383/3302/4650 2385/3304/4653
s off
f 2069/3445/4654 2112/3444/4655 2387/3306/4656 2386/3305/4657
s 75
f 2112/3449/4658 2113/3448/4659 2388/3307/4660 2387/3306/4661
s off
f 2070/3852/4662 2069/3853/4663 2386/3305/4664 2389/3308/4665
s 75
f 2113/3448/4659 2114/3451/4666 2390/3309/4667 2388/3307/4660
s 77
f 2068/3854/4668 2070/3852/4669 2389/3308/4670 2391/3310/4671
s 75
f 2114/3451/4666 2115/3453/4672 2392/3311/4673 2390/3309/4667
s 77
f 2063/3855/4674 2068/3854/4668 2391/3310/4671 2393/3312/4675
s 75
f 2115/3453/4672 2116/3455/4676 2394/3313/4677 2392/3311/4673
s 30
f 2117/3459/4214 2063/3458/4213 2393/3312/4678 2395/3314/4679
f 2110/3438/4193 2117/3459/4214 2395/3314/4679 2384/3303/4651
s 75
f 2116/3455/4676 2111/3441/4652 2385/3304/4653 2394/3313/4677
s 27
f 2105/3422/4174 2106/3421/4173 2381/3300/4680 2396/3798/4681
s 56
f 2333/3777/4536 2105/3422/4569 2396/3798/4682
s 78
f 2228/3496/4683 2230/3609/4684 2397/3497/4685
s 30
f 2229/3607/4372 2227/3594/4371 2399/3499/4686 2398/3498/4687
s 78
f 2230/3609/4684 2232/3615/4688 2400/3500/4689 2397/3497/4685
s 30
f 2231/3613/4376 2229/3607/4372 2398/3498/4687 2401/3501/4690
s off
f 2057/3856/4691 2058/3857/4692 2402/3503/4693 2403/3502/4694
s 78
f 2234/3622/4695 2233/3621/4696 2405/3505/4697 2404/3504/4698
s off
f 2233/3618/4699 2057/3617/4700 2403/3502/4701 2405/3505/4702
s 80
f 2058/3857/4703 2055/3858/4704 2406/3506/4705 2402/3503/4706
s 78
f 2235/3625/4707 2234/3622/4695 2404/3504/4698 2407/3507/4708
s 80
f 2055/3858/4704 2051/3859/4709 2408/3508/4710 2406/3506/4705
s 78
f 2236/3627/4711 2235/3625/4707 2407/3507/4708 2409/3509/4712
s 30
f 2051/3632/4386 2238/3631/4385 2410/3510/4713 2408/3508/4714
s 78
f 2237/3629/4715 2236/3627/4711 2409/3509/4712 2411/3511/4716
f 2232/3615/4688 2237/3629/4715 2411/3511/4716 2400/3500/4689
s 30
f 2238/3631/4385 2231/3613/4376 2401/3501/4690 2410/3510/4713
s 52
f 2227/3594/4363 2226/3593/4362 2412/3805/4717 2399/3499/4718
s 56
f 2226/3593/4582 2343/3794/4553 2412/3805/4719
s 12
usemtl PaintedMetal_Frame
f 2368/3417/4720 2146/3416/4721 2415/3860/4085 2414/3861/4084
s off
f 2366/3341/4722 2367/3862/4723 2417/3342/4724
f 2147/3863/4725 2148/3344/4726 2418/3343/4727
f 2324/3759/4728 2325/3758/4729 2422/3864/4730
s 81
f 2144/3355/4731 2136/3354/4732 2423/3357/4733 2426/3360/4734
s 12
f 2137/3495/4735 2145/3494/4736 2428/3865/4108 2427/3866/4107
f 2146/3416/4721 2149/3415/4737 2429/3867/4738 2415/3860/4085
s 82
f 2150/3368/4739 2147/3367/4740 2418/3340/4741 2431/3365/4742
s 83
f 2149/3412/4743 2152/3410/4744 2432/3868/4745 2429/3869/4746
s 82
f 2153/3373/4747 2150/3368/4739 2431/3365/4742 2434/3372/4748
s 83
f 2152/3410/4744 2140/3408/4749 2435/3870/4750 2432/3868/4745
s off
f 2154/3381/4751 2153/3871/4752 2434/3382/4753
f 2141/3872/4754 2142/3384/4755 2437/3383/4756
s 15
usemtl CarbonFiber
f 2318/3386/4130 2155/3348/4094 2611/3873/4757 2610/3874/4758 2439/3875/4759
s 12
usemtl PaintedMetal_Frame
f 2139/3406/4760 2159/3404/4761 2449/3876/4762 2448/3877/4763
f 2159/3404/4761 2161/3402/4764 2450/3878/4765 2449/3876/4762
f 2161/3402/4764 2163/3401/4766 2451/3879/4767 2450/3878/4765
f 2163/3401/4766 2167/3398/4768 2452/3880/4470 2451/3879/4767
f 2167/3398/4768 2171/3397/4769 2453/3881/4472 2452/3880/4470
f 2171/3397/4769 2169/3491/4770 2454/3882/4473 2453/3881/4472
f 2169/3491/4770 2165/3489/4771 2455/3883/4475 2454/3882/4473
f 2165/3489/4771 2157/3487/4772 2456/3884/4477 2455/3883/4475
f 2157/3487/4772 2138/3486/4773 2457/3885/4479 2456/3884/4477
s off
f 2325/3758/4774 2141/3757/4775 2437/3380/4776 2422/3761/4777
f 2140/3408/4778 2139/3406/4779 2448/3877/4780 2435/3870/4781
s 12
f 2138/3486/4773 2137/3495/4735 2427/3866/4107 2457/3885/4479
s 81
f 2367/3835/4782 2144/3355/4731 2426/3360/4734 2417/3339/4783
s 12
f 2145/3494/4736 2368/3417/4720 2414/3861/4084 2428/3865/4108
s 85
f 2374/3886/4784 2350/3887/4785 2122/3831/4786 2458/3839/4787
f 2375/3888/4788 2374/3886/4784 2458/3839/4787 2459/3840/4789
f 2376/3889/4790 2375/3888/4788 2459/3840/4789
s off
f 2136/3354/4791 2135/3353/4792 2423/3890/4793
s 46
f 2267/3590/4794 2370/3592/4795 2460/3891/4297 2463/3892/4300
s off
f 2371/3893/4796 2372/3535/4797 2464/3534/4798
f 2269/3536/4799 2268/3894/4800 2465/3537/4801
f 2321/3751/4802 2322/3750/4803 2469/3895/4804
s 86
f 2257/3547/4805 2265/3546/4806 2471/3549/4807 2470/3548/4808
s 46
f 2266/3651/4809 2258/3650/4810 2475/3896/4320 2474/3897/4319
f 2270/3591/4811 2267/3590/4794 2463/3892/4300 2477/3898/4812
s 87
f 2268/3560/4813 2271/3559/4814 2478/3556/4815 2465/3533/4816
s 88
f 2273/3588/4817 2270/3589/4818 2477/3899/4819 2480/3900/4820
s 87
f 2271/3559/4814 2274/3565/4821 2481/3563/4822 2478/3556/4815
s 88
f 2261/3587/4823 2273/3588/4817 2480/3900/4820 2483/3901/4824
s off
f 2263/3573/4825 2262/3902/4826 2484/3574/4827
f 2274/3903/4828 2275/3572/4829 2481/3575/4830
s 15
usemtl CarbonFiber
f 2276/3538/4305 2320/3576/4341 2485/3904/4831 2640/3905/4832 2641/3906/4833
s 46
usemtl PaintedMetal_Frame
f 2259/3647/4834 2278/3646/4835 2496/3907/4485 2495/3908/4482
f 2278/3646/4835 2286/3648/4836 2497/3909/4487 2496/3907/4485
f 2286/3648/4836 2290/3649/4837 2498/3910/4489 2497/3909/4487
f 2290/3649/4837 2292/3582/4838 2499/3911/4491 2498/3910/4489
f 2292/3582/4838 2288/3581/4839 2500/3912/4494 2499/3911/4491
f 2288/3581/4839 2284/3583/4840 2501/3913/4841 2500/3912/4494
f 2284/3583/4840 2282/3584/4842 2502/3914/4843 2501/3913/4841
f 2282/3584/4842 2280/3585/4844 2503/3915/4845 2502/3914/4843
f 2280/3585/4844 2260/3586/4846 2504/3916/4847 2503/3915/4845
s off
f 2260/3586/4848 2261/3587/4849 2483/3901/4850 2504/3916/4851
f 2262/3752/4852 2321/3751/4853 2469/3747/4854 2484/3570/4855
s 46
f 2258/3650/4810 2259/3647/4834 2495/3908/4482 2475/3896/4320
f 2370/3592/4795 2266/3651/4809 2474/3897/4319 2460/3891/4297
s 86
f 2265/3546/4806 2371/3838/4856 2464/3532/4857 2471/3549/4807
s 89
f 2379/3917/4858 2378/3918/4859 2505/3846/4860
s off
f 2256/3544/4861 2257/3547/4862 2470/3919/4863
s 89
f 2380/3920/4864 2379/3917/4858 2505/3846/4860 2506/3845/4865
s 31
usemtl PolymerGrip
f 2230/3609/4373 2228/3496/4866 2507/3610/4374
s 13
f 2347/3847/4522 2507/3610/4641 2228/3496/4867
s 31
f 2198/3440/4195 2199/3921/4375 2508/3436/4190 2109/3435/4189
s 13
f 2326/3849/4079 2508/3436/4643 2199/3921/4640 2200/3922/4525
s 28
usemtl CarbonFiber
f 2134/3923/4868 2133/3428/4180 2511/3924/4869 2510/3925/4870
f 2133/3428/4180 2210/3427/4179 2509/3926/4871 2511/3924/4869
f 2254/3601/4368 2255/3927/4872 2515/3928/4873 2514/3929/4874
f 2210/3602/4179 2254/3601/4368 2514/3929/4874 2509/3930/4871
s 92
f 2510/3925/4875 2511/3924/4876 2520/3432/4877 2519/3431/4878
s 28
f 2511/3924/4869 2509/3926/4871 2518/3429/4181 2520/3432/4184
s 93
f 2512/3931/4879 2513/3932/4880 2522/3461/4881 2521/3460/4882
s 92
f 2513/3932/4883 2510/3925/4875 2519/3431/4878 2522/3461/4884
s 94
f 2514/3929/4885 2515/3928/4886 2524/3604/4887 2523/3603/4888
s 28
f 2509/3930/4871 2514/3929/4874 2523/3603/4369 2518/3606/4181
s 94
f 2515/3928/4886 2516/3933/4889 2525/3635/4890 2524/3604/4887
s 93
f 2516/3933/4891 2512/3934/4879 2521/3636/4882 2525/3635/4892
s 11
usemtl PaintedMetal_Frame
f 2296/3658/4418 2526/3465/4222 2357/3464/4221 2295/3659/4419
f 2297/3661/4421 2365/3637/4390 2526/3465/4222 2296/3658/4418
s 15
usemtl CarbonFiber
f 2351/3935/4893 2318/3386/4130 2439/3875/4759 2121/3936/4894
s 89
usemtl PaintedMetal_Frame
f 2358/3937/4895 2380/3920/4864 2506/3845/4865 2243/3834/4896
s 72
f 2358/3832/4897 2361/3825/4596 2360/3824/4595
s 15
usemtl CarbonFiber
f 2201/3938/4898 2359/3939/4899 2320/3576/4341 2319/3385/4129
f 2351/3935/4893 2201/3938/4898 2319/3385/4129 2318/3386/4130
f 2320/3576/4341 2359/3939/4899 2242/3940/4900 2485/3904/4831
s off
usemtl PolymerGrip
f 2537/3941/4901 2538/3942/4902 2528/3943/4903 2527/3944/4904
s 11
f 2538/3942/4905 2539/3945/4906 2529/3946/4907 2528/3943/4908
s 56
f 2546/3947/4909 2537/3941/4910 2527/3944/4911 2530/3948/4912
f 2545/3949/4913 2546/3950/4909 2530/3951/4912 2532/3952/4914
s 11
usemtl PaintedMetal_Frame
f 2539/3953/4906 2540/3954/4915 2531/3955/4916 2529/3956/4907
s 56
usemtl PolymerGrip
f 2544/3957/4917 2545/3949/4913 2532/3952/4914 2534/3958/4918
s 11
usemtl PaintedMetal_Frame
f 2540/3954/4915 2541/3959/4919 2533/3960/4920 2531/3955/4916
usemtl PolymerGrip
f 2541/3961/4919 2542/3962/4921 2535/3963/4922 2533/3964/4920
s off
f 2542/3962/4923 2543/3965/4924 2536/3966/4925 2535/3963/4926
s 56
f 2543/3965/4927 2544/3967/4917 2534/3968/4918 2536/3966/4928
s 12
f 2300/3668/4433 2301/3671/4432 2538/3942/4929 2537/3941/4930
s 11
usemtl PaintedMetal_Frame
f 2302/3676/4434 2303/3675/4439 2540/3954/4915 2539/3953/4906
f 2303/3675/4439 2304/3679/4441 2541/3959/4919 2540/3954/4915
s 46
usemtl PolymerGrip
f 2305/3680/4447 2306/3685/4446 2543/3965/4931 2542/3962/4932
s 56
f 2306/3685/4451 2307/3687/4450 2544/3967/4917 2543/3965/4927
f 2307/3688/4450 2214/3691/4453 2545/3949/4913 2544/3957/4917
f 2214/3691/4453 2299/3693/4429 2546/3950/4909 2545/3949/4913
f 2299/3669/4429 2300/3668/4428 2537/3941/4910 2546/3947/4909
s 11
usemtl PaintedMetal_Frame
f 2173/3316/4062 2548/3697/4457 2547/3696/4456 2118/3317/4063
f 2239/3513/4282 2549/3698/4458 2548/3697/4457 2173/3316/4062
usemtl PolymerGrip
f 2550/3699/4933 2549/3969/4458 2239/3526/4282 2251/3523/4295
s 46
f 2248/3522/4291 2551/3700/4460 2550/3699/4459 2251/3523/4292
s 56
f 2248/3522/4580 2344/3811/4552 2552/3813/4586 2551/3700/4585
f 2553/3815/4587 2552/3814/4586 2344/3970/4552 2348/3971/4538
f 2554/3816/4583 2553/3815/4587 2348/3971/4538 2334/3972/4537
f 2334/3803/4537 2127/3327/4566 2555/3694/4584 2554/3812/4583
s 12
f 2127/3327/4073 2130/3330/4076 2556/3695/4455 2555/3694/4454
s 11
f 2547/3973/4456 2556/3695/4934 2130/3330/4081 2118/3334/4063
s 20
usemtl CarbonFiber
f 2167/3398/4142 2163/3401/4145 2217/3400/4144 2216/3395/4139
s 15
f 2168/3483/4244 2204/3482/4243 2205/3480/4241 2164/3481/4242
s off
usemtl PolymerGrip
f 2310/3670/4935 2556/3695/4936 2557/3974/4937 2558/3975/4938
f 2556/3695/4939 2547/3976/4940 2557/3974/4941
f 2311/3977/4942 2310/3670/4943 2558/3975/4944
f 2549/3978/4945 2550/3699/4946 2559/3979/4947
f 2550/3699/4948 2314/3683/4949 2560/3980/4950 2559/3979/4951
f 2314/3683/4952 2313/3981/4953 2560/3980/4954
f 2301/3671/4955 2302/3982/4956 2561/3983/4957
f 2539/3984/4958 2538/3942/4959 2562/3985/4960
f 2538/3942/4961 2301/3671/4962 2561/3983/4963 2562/3985/4964
f 2304/3986/4965 2305/3680/4966 2563/3987/4967
f 2305/3680/4968 2542/3962/4969 2564/3988/4970 2563/3987/4971
f 2542/3962/4972 2541/3989/4973 2564/3988/4974
s 12
usemtl PaintedMetal_Frame
f 2433/3371/4117 2432/3370/4116 2569/3990/4975 2570/3991/4976
f 2432/3370/4116 2435/3762/4520 2571/3992/4977 2569/3990/4975
f 2436/3379/4125 2433/3371/4117 2570/3991/4976 2572/3993/4978
f 2435/3762/4520 2419/3763/4521 2566/3994/4979 2571/3992/4977
f 2421/3760/4518 2436/3379/4125 2572/3993/4978 2565/3995/4980
s 46
f 2479/3561/4328 2482/3571/4338 2577/3996/4981 2576/3997/4982
f 2483/3745/4503 2480/3562/4329 2579/3998/4983 2578/3999/4984
f 2480/3562/4329 2479/3561/4328 2576/3997/4982 2579/3998/4983
f 2482/3571/4338 2468/3748/4506 2574/4000/4985 2577/3996/4981
f 2467/3746/4504 2483/3745/4503 2578/3999/4984 2573/4001/4986
s 96
f 2566/3994/4987 2567/4002/4988 2582/3351/4989 2581/3350/4990
s off
f 2567/4002/4991 2568/4003/4992 2583/3352/4993 2582/3351/4994
s 97
f 2568/4003/4995 2565/3995/4996 2580/3349/4997 2583/3352/4998
s off
f 2570/3991/4999 2569/3990/5000 2584/3376/5001 2585/3375/5002
s 96
f 2569/3990/5003 2571/3992/5004 2586/3377/5005 2584/3376/5006
s 97
f 2572/3993/5007 2570/3991/5008 2585/3375/5009 2587/3378/5010
s 96
f 2571/3992/5004 2566/3994/4987 2581/3350/4990 2586/3377/5005
s 97
f 2565/3995/4996 2572/3993/5007 2587/3378/5010 2580/3349/4997
s 98
f 2574/4000/5011 2658/4004/5012 2590/3542/5013 2589/3541/5014
s 99
f 2575/4005/5015 2573/4001/5016 2588/3540/5017 2591/3543/5018
s 98
f 2576/3997/5019 2577/3996/5020 2593/3567/5021 2592/3566/5022
s 99
f 2578/3999/5023 2579/3998/5024 2595/3569/5025 2594/3568/5026
s off
f 2579/3998/5027 2576/3997/5028 2592/3566/5029 2595/3569/5030
s 98
f 2577/3996/5020 2574/4000/5011 2589/3541/5014 2593/3567/5021
s 99
f 2573/4001/5016 2578/3999/5023 2594/3568/5026 2588/3540/5017
s off
f 2658/4004/5031 2575/4005/5032 2591/3543/5033 2590/3542/5034
s 100
usemtl CarbonFiber
f 2596/4006/5035 2597/4007/5036 2599/4008/5037 2598/4009/5038
f 2597/4010/5036 2596/4011/5035 2600/4012/5039 2601/4013/5040
s 101
f 2598/4009/5041 2599/4008/5042 2636/4014/5043 2637/4015/5044
s 102
f 2601/4013/5045 2600/4012/5046 2608/4016/5047 2609/4017/5048
s 103
f 2602/4018/5049 2603/4019/5050 2617/4020/5051 2616/4021/5052
s 102
f 2603/4022/5053 2602/4023/5054 2604/4024/5055 2605/4025/5056
f 2605/4025/5056 2604/4024/5055 2606/4026/5057 2607/4027/5058
f 2607/4027/5058 2606/4026/5057 2609/4017/5048 2608/4016/5047
s 103
f 2610/3874/5059 2611/3873/5060 2613/4028/5061 2612/4029/5062
f 2612/4029/5062 2613/4028/5061 2615/4030/5063 2614/4031/5064
f 2614/4031/5064 2615/4030/5063 2623/4032/5065 2622/4033/5066
f 2616/4021/5052 2617/4020/5051 2619/4034/5067 2618/4035/5068
f 2618/4035/5068 2619/4034/5067 2621/4036/5069 2620/4037/5070
f 2620/4037/5070 2621/4036/5069 2625/4038/5071 2624/4039/5072
f 2622/4033/5066 2623/4032/5065 2627/4040/5073 2626/4041/5074
f 2624/4039/5072 2625/4038/5071 2629/4042/5075 2628/4043/5076
f 2626/4041/5074 2627/4040/5073 2628/4043/5076 2629/4042/5075
s 101
f 2630/4044/5077 2631/4045/5078 2634/4046/5079 2635/4047/5080
f 2631/4045/5078 2630/4044/5077 2633/4048/5081 2632/4049/5082
s 107
f 2632/4050/5083 2633/4051/5084 2645/4052/5085 2644/4053/5086
s 101
f 2635/4047/5080 2634/4046/5079 2637/4015/5044 2636/4014/5043
s 107
f 2638/4054/5087 2639/4055/5088 2643/4056/5089 2642/4057/5090
f 2639/4055/5088 2638/4054/5087 2641/3906/5091 2640/3905/5092
f 2642/4057/5090 2643/4056/5089 2651/4058/5093 2650/4059/5094
f 2644/4053/5086 2645/4052/5085 2647/4060/5095 2646/4061/5096
f 2646/4061/5096 2647/4060/5095 2649/4062/5097 2648/4063/5098
f 2648/4063/5098 2649/4062/5097 2653/4064/5099 2652/4065/5100
f 2650/4059/5094 2651/4058/5093 2655/4066/5101 2654/4067/5102
f 2652/4065/5100 2653/4064/5099 2657/4068/5103 2656/4069/5104
f 2654/4067/5102 2655/4066/5101 2656/4069/5104 2657/4068/5103
s 12
usemtl PaintedMetal_Frame
f 2419/3763/4521 2420/3702/4462 2603/4022/5105 2605/4025/5106
f 2422/3761/4519 2421/3760/4518 2607/4027/5107 2608/4016/5108
f 2324/3755/5109 2422/4070/4519 2608/4071/5108 2600/4072/5110
f 2438/3720/4480 2439/3722/4481 2610/4073/5111 2612/4074/5112
f 2440/3718/4478 2438/3720/4480 2612/4074/5112 2614/4075/5113
f 2603/4022/5105 2420/3702/4462 2441/3701/4461 2617/4076/5114
f 2617/4076/5114 2441/3701/4461 2442/3705/4465 2619/4077/5115
f 2619/4077/5115 2442/3705/4465 2443/3707/4467 2621/4078/5116
f 2444/3716/4476 2440/3718/4478 2614/4075/5113 2622/4079/5117
f 2621/4078/5116 2443/3707/4467 2445/3709/4469 2625/4080/5118
f 2446/3714/4474 2444/3716/4476 2622/4079/5117 2626/4081/5119
f 2625/4080/5118 2445/3709/4469 2447/3711/4471 2629/4082/5120
f 2447/3711/4471 2446/3714/4474 2626/4081/5119 2629/4082/5120
s 11
f 2596/4083/5121 2323/3754/4512 2324/3755/4513 2600/4072/5122
s 46
f 2466/3743/4501 2467/3746/4504 2631/4045/5123 2632/4049/5124
f 2468/3748/4506 2469/3747/4505 2637/4015/5125 2634/4046/5126
f 2469/4084/4505 2322/3753/5127 2598/4085/5128 2637/4086/5125
f 2485/3725/4484 2486/3724/4483 2639/4087/5129 2640/4088/5130
f 2486/3724/4483 2487/3728/4486 2643/4089/5131 2639/4087/5129
f 2632/4049/5124 2644/4090/5132 2488/3741/4499 2466/3743/4501
f 2644/4090/5132 2646/4091/5133 2489/3739/4497 2488/3741/4499
f 2646/4091/5133 2648/4092/5134 2490/3737/4495 2489/3739/4497
f 2487/3728/4486 2491/3730/4488 2651/4093/5135 2643/4089/5131
f 2648/4092/5134 2652/4094/5136 2492/3735/4493 2490/3737/4495
f 2491/3730/4488 2493/3732/4490 2655/4095/5137 2651/4093/5135
f 2652/4094/5136 2656/4096/5138 2494/3734/4492 2492/3735/4493
f 2493/3732/4490 2494/3734/4492 2656/4096/5138 2655/4095/5137
s 11
f 2598/4085/5139 2322/3753/4511 2323/3754/4512 2596/4083/5121
s 28
usemtl CarbonFiber
f 2132/3426/4178 2131/3425/4177 2604/4024/5140 2602/4023/5141
f 2131/3425/4177 2133/3428/4180 2606/4026/5142 2604/4024/5140
f 2133/3428/4180 2134/3923/4868 2609/4017/5143 2606/4026/5142
f 2134/3923/4868 2601/4013/5144 2609/4017/5143
s 15
f 2155/3348/4094 2156/3347/4093 2613/4028/5145 2611/3873/4757
f 2156/3347/4093 2158/3388/4132 2615/4030/5146 2613/4028/5145
s 38
f 2160/3477/4236 2132/3476/4235 2602/4018/5147 2616/4021/5148
s 15
f 2162/3479/4240 2160/3477/4239 2616/4021/5149 2618/4035/5150
f 2164/3481/4242 2162/3479/4240 2618/4035/5150 2620/4037/5151
f 2158/3388/4132 2166/3390/4134 2623/4032/5152 2615/4030/5146
f 2168/3483/4244 2164/3481/4242 2620/4037/5151 2624/4039/5153
f 2166/3390/4134 2170/3392/4136 2627/4040/5154 2623/4032/5152
f 2172/3394/4138 2168/3483/4244 2624/4039/5153 2628/4043/5155
f 2170/3392/4136 2172/3394/4138 2628/4043/5155 2627/4040/5154
s 28
f 2252/3598/4367 2253/3597/4366 2633/4048/5156 2630/4044/5157
f 2254/3601/4368 2252/3598/4367 2630/4044/5157 2635/4047/5158
f 2255/3927/4872 2254/3601/4368 2635/4047/5158 2636/4014/5159
f 2599/4008/5160 2255/3927/4872 2636/4014/5159
s 15
f 2277/3539/4306 2276/3538/4305 2641/3906/4833 2638/4054/5161
f 2279/3577/4342 2277/3539/4306 2638/4054/5161 2642/4057/5162
s 38
f 2253/3642/4397 2281/3641/4396 2645/4052/5163 2633/4051/5164
s 15
f 2281/3641/4399 2283/3643/4398 2647/4060/5165 2645/4052/5166
f 2283/3643/4398 2285/3644/4400 2649/4062/5167 2647/4060/5165
f 2287/3578/4343 2279/3577/4342 2642/4057/5162 2650/4059/5168
f 2285/3644/4400 2289/3645/4401 2653/4064/5169 2649/4062/5167
f 2291/3579/4344 2287/3578/4343 2650/4059/5168 2654/4067/5170
f 2289/3645/4401 2293/3580/4345 2657/4068/5171 2653/4064/5169
f 2293/3580/4345 2291/3579/4344 2654/4067/5170 2657/4068/5171
s 28
f 2597/4010/5172 2601/4013/5144 2513/3932/5173 2512/3931/5174
f 2601/4013/5144 2134/3923/4868 2510/3925/4870 2513/3932/5173
f 2255/3927/4872 2599/4008/5160 2516/3933/5175 2515/3928/4873
f 2599/4008/5160 2597/4007/5172 2512/3934/5174 2516/3933/5175
s 12
usemtl PaintedMetal_Frame
f 2419/3763/4521 2605/4025/5106 2567/4002/5176 2566/3994/4979
f 2605/4025/5106 2607/4027/5107 2568/4003/5177 2567/4002/5176
f 2607/4027/5107 2421/3760/4518 2565/3995/4980 2568/4003/5177
s 46
f 2468/3748/4506 2634/4046/5126 2658/4004/5178 2574/4000/4985
f 2634/4046/5126 2631/4045/5123 2575/4005/5179 2658/4004/5178
f 2631/4045/5123 2467/3746/4504 2573/4001/4986 2575/4005/5179
